id,name,symbol,infinite_supply,circulating_supply,total_supply,max_supply,date_added,rank,price,volume_24h,cex_volume_24h,dex_volume_24h,change_1h,change_24h,change_7d,change_30d,change_60d,change_90d,market_cap,FD market_cap,Time_stamp,Risk
1,Bitcoin,BTC,FALSE,20043471,20043471,21000000,2010-07-13T00:00:00.000Z,1,66719.37982,31925578827,31874688013,50890814.04,0.46362028,1.65961813,6.30766165,-14.57626793,-12.00780133,-10.05298112,1.33729E+12,1.40111E+12,43:23.8,Medium Risk
1027,Ethereum,ETH,TRUE,120684109.5,120684109.5, ,2015-08-07T00:00:00.000Z,2,1799.316744,18926959320,18774789908,152169412.5,1.32569712,4.69312802,7.45434039,-17.76872022,-23.60303117,-22.72430138,2.17149E+11,2.17149E+11,43:23.8,High Risk
825,Tether USDt,USDT,TRUE,1.86549E+11,1.93177E+11, ,2015-02-25T00:00:00.000Z,3,0.999329981,79345106404,77616947088,1728159316,-0.01167608,0.01840335,-0.02247796,-0.03303978,-0.06347933,-0.07187475,1.86424E+11,1.93048E+11,43:23.8,Low Risk
1839,BNB,BNB,FALSE,134783631.1,134783631.1,134783633.9,2017-07-25T00:00:00.000Z,4,618.0260074,1442251394,1409703436,32547957.84,0.40703345,0.51681239,2.67989659,-5.47056664,-2.09005283,-8.41515428,83299789372,83299791109,43:23.8,Low Risk
52,XRP,XRP,FALSE,62053900985,99985653167,1E+11,2013-08-04T00:00:00.000Z,5,1.24507138,3141118042,3138009752,3108290.509,0.86776537,5.40726816,6.70820232,-12.03930956,-13.92776361,-18.27728058,77261536111,1.24507E+11,43:23.8,High Risk
3408,USDC,USDC,FALSE,75066745644,75066745644, ,2018-10-08T00:00:00.000Z,6,0.999709021,12037174569,9734682857,2302491711,-0.00974868,0.01205078,-0.01156257,-0.02408208,0.00799745,-0.00478674,75044902783,75044902783,43:23.8,Low Risk
5426,Solana,SOL,TRUE,580059024.2,628563019.4, ,2020-04-10T00:00:00.000Z,7,75.20309791,2888294228,2888261520,32707.96833,0.87373632,5.49307868,12.94549951,-13.4163304,-15.33090684,-20.21972211,43622235587,47269886285,43:23.8,High Risk
1958,TRON,TRX,TRUE,94831556925,94831558180, ,2017-09-13T00:00:00.000Z,8,0.317533627,517965531.9,517909191.8,56340.0604,-0.0697782,-0.7498132,-1.71301848,-10.44997912,-2.28957768,4.91302514,30112208226,30112208624,43:23.8,Medium Risk
32196,Hyperliquid,HYPE,FALSE,253428890.4,953940086.6,953940131.1,2024-07-15T10:14:50.000Z,9,73.22237197,1720077205,1547394457,172682748.9,0.72158069,10.95563233,17.45686427,70.66326004,65.35592551,77.80803855,18556664480,69849759119,43:23.8,High Risk
74,Dogecoin,DOGE,TRUE,1.70394E+11,1.70394E+11, ,2013-12-15T00:00:00.000Z,10,0.088735619,1046550468,1045916554,633914.6184,1.22643928,0.16685284,3.4519815,-19.56793969,-9.79893848,-11.10271449,15120019200,15120019200,43:23.8,Medium Risk
3957,UNUS SED LEO,LEO,FALSE,920387345.9,985239504, ,2019-05-21T00:00:00.000Z,11,9.755882444,274091.4397,274091.4397,0,0.07906964,-0.27555945,3.41896785,-2.93365141,-3.79200398,7.55828521,8979190750,9611880780,43:23.8,Low Risk
1437,Zcash,ZEC,FALSE,16707875.42,16707875.42,21000000,2016-10-29T00:00:00.000Z,12,525.5710838,1100684359,1077841167,22843192.12,0.02190886,7.4299966,10.07314262,1.32474325,55.936807,90.25435626,8781176190,11036992760,43:23.8,Medium Risk
512,Stellar,XLM,FALSE,33783285942,50001786840,50001806812,2014-08-05T00:00:00.000Z,13,0.224866228,1003653386,1002975547,677839.0429,3.92837951,18.36450895,12.59399802,48.27632916,34.03920267,28.56686681,7596720074,11243717683,43:23.8,High Risk
2010,Cardano,ADA,FALSE,36373183721,44993823497,45000000000,2017-10-01T00:00:00.000Z,14,0.180566582,578987178.1,577854934.2,1132243.9,0.98067972,-0.4010905,7.02914957,-29.42642355,-29.62666553,-37.61916087,6567781445,8125496170,43:23.8,High Risk
328,Monero,XMR,TRUE,18765650.47,18765650.47, ,2014-05-21T00:00:00.000Z,15,347.3631095,185363128.8,185363128.8,0,0.73803875,2.24273434,7.93927909,-10.9185096,-0.43573958,-5.42231252,6518494699,6518494699,43:23.8,Medium Risk
37263,Canton,CC,TRUE,38811277519,38811277519, ,2025-07-08T04:07:45.000Z,16,0.16383931,22119477.73,20442780.38,1676697.351,0.07273665,-0.15198348,0.42100977,6.42460516,8.45633779,10.03661051,6358812941,6358812941,43:23.8,Low Risk
1975,Chainlink,LINK,FALSE,727099970.4,1000000000,1000000000,2017-09-20T00:00:00.000Z,17,8.387979568,323639495.6,310644568.2,12994927.34,1.14395118,2.26427046,6.30706408,-14.05789068,-11.79862483,-14.75774267,6098899696,8387979568,43:23.8,Medium Risk
4943,Dai,DAI,TRUE,5365382703,5365382703, ,2019-11-22T00:00:00.000Z,18,0.999652502,53476559.72,1034490.841,52442068.88,0.00243491,0.00661022,0.00071533,-0.01670324,-0.00819221,-0.02828846,5363518242,5363518242,43:23.8,Low Risk
11419,Toncoin,TON,TRUE,2685353575,5198107619, ,2021-08-26T13:40:22.000Z,19,1.705542244,105452561.8,101333303,4119258.783,1.15602108,-5.35317704,-2.13425923,-11.20313495,19.22676743,27.51580084,4579983963,8865592132,43:23.8,Medium Risk
1831,Bitcoin Cash,BCH,FALSE,20048565.63,20048565.63,21000000,2017-07-23T00:00:00.000Z,20,226.5156529,274463214,274429408.2,33805.81131,0.56466661,6.07394687,9.10874995,-45.35236813,-49.65483089,-51.70658555,4541313933,4756828711,43:23.8,High Risk
29470,Ethena USDe,USDe,TRUE,4492846698,4492846698, ,2024-02-20T11:05:01.000Z,21,0.999436662,42765609.88,22585619.54,20179990.34,-0.00688257,0.01983548,0.01203286,-0.07176617,-0.01877724,-0.04148204,4490315707,4490315707,43:23.8,Low Risk
36148,World Liberty Financial USD,USD1,FALSE,4467555054,4467555054, ,2025-04-13T05:37:56.000Z,22,1.000079435,2357923225,2318569452,39353773.18,-0.00901269,0.02103819,0.14433413,0.00543441,0.03553622,0.08871089,4467909933,4467909933,43:23.8,Low Risk
35491,MemeCore,M,FALSE,1313377737,5380694510,10000000000,2025-07-03T09:16:58.000Z,23,3.048374163,11637514.75,11611593.38,25921.37715,1.52076654,3.22617208,1.28440333,-5.47306909,-15.90212095,65.35341748,4003666760,30483741628,43:23.8,Medium Risk
4642,Hedera,HBAR,FALSE,43473263317,50000000000,50000000000,2019-09-17T00:00:00.000Z,24,0.083654204,98257527.63,98257527.63,0,0.25015627,2.8909903,3.89761891,-8.52628695,-7.8412792,-15.57526082,3636721240,4182710202,43:23.8,Medium Risk
2,Litecoin,LTC,FALSE,77285195.73,84000000,84000000,2013-04-28T00:00:00.000Z,25,46.24606896,296869192.5,296811546.6,57645.82853,0.96143528,2.54744404,8.30423572,-17.7727516,-17.54122569,-19.74934226,3574136492,3884669793,43:23.8,High Risk
20947,Sui,SUI,FALSE,4029196852,10000000000,10000000000,2022-07-12T08:03:11.000Z,26,0.805553925,472476084.7,446156708.8,26319375.88,1.73744631,1.35381094,7.79288071,-24.73532332,-19.13523727,-21.59607892,3245735339,8055539250,43:23.8,High Risk
6535,NEAR Protocol,NEAR,FALSE,1298363134,1298363134, ,2020-08-11T00:00:00.000Z,27,2.492274173,559966043.1,559887469.3,78573.84395,1.52431856,5.77320119,15.22567816,62.33783203,75.14871958,72.76029776,3235876906,3235876906,43:23.8,High Risk
5805,Avalanche,AVAX,FALSE,431771961.2,463441061.2,715748719,2020-07-13T00:00:00.000Z,28,7.016645587,323948707.6,316856824.3,7091883.302,1.29809127,3.58106566,4.69782489,-24.67798645,-27.0839965,-31.58739439,3029590826,5022155091,43:23.8,High Risk
5994,Shiba Inu,SHIB,FALSE,5.89243E+14,5.895E+14,5.89553E+14,2020-08-01T00:00:00.000Z,29,5.06E-06,106633678.4,106510704.7,122973.6708,0.66416588,1.37171732,7.600095,-12.95479181,-18.15968692,-16.37253813,2984137398,2985704839,43:23.8,Medium Risk
22974,Bittensor,TAO,FALSE,11021820.85,21000000,21000000,2023-03-06T05:20:00.000Z,30,269.2562873,374261418.2,360319469.1,13941949.15,0.40550866,1.05680617,25.1061768,-0.44935021,7.6459962,-2.73703713,2967694561,5654382033,43:23.8,High Risk
3635,Cronos,CRO,FALSE,44849784464,98716451753,1E+11,2018-12-14T00:00:00.000Z,31,0.062606535,8874482.349,8843572.543,30909.80587,0.5011353,1.6231948,2.41198221,-12.38514032,-12.04368977,-20.41894352,2807889623,6260653549,43:23.8,Medium Risk
27772,PayPal USD,PYUSD,FALSE,2746112932,2746112932, ,2023-08-21T14:30:00.000Z,32,0.999732151,78702058.72,49871042.03,28831016.69,-0.00135714,0.02880352,0.00854801,-0.00732199,0.01053304,0.01231864,2745377389,2745377389,43:23.8,Low Risk
33793,Global Dollar,USDG,FALSE,2712559220,2712559220, ,2024-11-05T04:54:47.000Z,33,0.99993551,82118098.92,57049094.57,25069004.34,-0.00431602,0.01287864,-0.00232328,0.00648176,0.0180329,0.00373701,2712384286,2712384286,43:23.8,Low Risk
5176,Tether Gold,XAUt,FALSE,612823.6595,707747.089, ,2020-02-07T00:00:00.000Z,34,4326.680787,206658600.3,196392370.8,10266229.5,0.2344261,0.17475783,0.43732529,-4.50469798,-9.44407731,-12.72623514,2651492354,3062195732,43:23.8,Low Risk
13502,Worldcoin,WLD,FALSE,3404338534,10000000000, ,2021-10-28T15:31:43.000Z,35,0.668939668,1335985948,1334186464,1799484.226,4.28110644,14.24859536,31.19587996,174.8157591,110.8469404,69.9604315,2277297090,6689396683,43:23.8,High Risk
4705,PAX Gold,PAXG,TRUE,456894.511,456894.511, ,2019-09-26T00:00:00.000Z,36,4336.661638,151348984.2,148912292.6,2436691.678,0.2685433,0.12108005,0.43122699,-4.28979849,-9.3082649,-12.97676237,1981396898,1981396898,43:23.8,Low Risk
33251,World Liberty Financial,WLFI,FALSE,31774028481,1E+11,1E+11,2024-10-01T02:34:47.000Z,37,0.060319581,58118611.03,57388400.29,730210.7422,-0.94658243,-0.34089711,8.75917116,-1.73402189,-25.89451924,-40.69398721,1916596084,6031958098,43:23.8,Medium Risk
27075,Mantle,MNT,FALSE,3302294383,6219316795,6219316795,2023-07-17T11:00:31.000Z,38,0.579353361,34352775.34,33848597.9,504177.4411,0.56788734,1.15723307,7.18699139,-9.78758869,-13.74043115,-31.266336,1913195348,3603182085,43:23.8,Medium Risk
21159,Ondo,ONDO,FALSE,4869330647,10000000000, ,2024-01-18T12:06:25.000Z,39,0.386135537,148558720,147876377.2,682342.7554,2.29707394,1.91075063,4.72801223,8.53183812,45.1179139,37.45736765,1880221603,3861355367,43:23.8,Medium Risk
7083,Uniswap,UNI,FALSE,621783561.6,893918420, ,2020-09-17T00:00:00.000Z,40,2.966505168,338458883.1,331283825.6,7175057.483,-1.27940603,13.57605064,18.05723854,-15.62635438,-13.29718005,-24.81603763,1844524149,2651813613,43:23.8,High Risk
36341,Aster,ASTER,FALSE,2697779100,7822218821,8000000000,2025-04-25T06:46:11.000Z,41,0.662934623,113934648,101866233.2,12068414.8,0.88135443,5.07600365,7.16776493,-0.50484773,-3.01743891,-9.11525192,1788451171,5303476986,43:23.8,Medium Risk
6636,Polkadot,DOT,FALSE,1688924612,1688924612,2100000000,2020-08-19T00:00:00.000Z,42,1.029490304,120817762.1,120775772,41990.07319,1.32013156,2.90625957,6.4931075,-19.51332818,-21.89059824,-36.84338715,1738731513,2161929639,43:23.8,High Risk
34387,Ripple USD,RLUSD,TRUE,1646677328,1646677328, ,2024-12-18T07:22:18.000Z,43,0.999799981,148022469.6,143971186.1,4051283.543,-0.0151271,-0.00782021,-0.02225776,-0.02186599,-0.02895496,-0.00372265,1646347961,1646347961,43:23.8,Low Risk
3897,OKB,OKB,FALSE,21000000,21000000,21000000,2019-04-30T00:00:00.000Z,44,76.26686184,28332269.87,28331622.73,647.1372627,0.28800364,1.41995166,4.18809078,-8.86356612,-11.63225917,-19.41349531,1601604099,1601604099,43:23.8,Medium Risk
7326,DeXe,DEXE,FALSE,83733681.59,96504599.34, ,2020-10-07T00:00:00.000Z,45,18.95257398,19090647.62,18622129.54,468518.0792,0.94169681,-0.1501105,-15.55010182,45.38241152,60.75630907,247.7018469,1586968795,1829010558,43:23.8,High Risk
35697,Pi,PI,FALSE,10791836747,1E+11,1E+11,2025-02-11T07:16:10.000Z,46,0.136332603,11128731.05,11128731.05,0,-0.12686603,1.74132653,5.80303759,-14.27488057,-25.04597217,-21.19690842,1471279194,13633260291,43:23.8,Medium Risk
8916,Internet Computer,ICP,TRUE,554137989.6,554137989.6, ,2021-03-23T00:00:00.000Z,47,2.460139688,113133597.2,112673409.7,460187.4229,1.05670912,-2.17803233,5.90281563,-6.50266611,-5.4967133,-9.03673579,1363256861,1363256861,43:23.8,Medium Risk
19891,USDD,USDD,FALSE,1359174498,1359174498, ,2022-05-02T08:07:12.000Z,48,0.999385527,57740638.77,57738462.71,2176.056134,0.00624533,0.02895604,-0.00122575,0.00571812,-0.0509544,-0.07439301,1358339322,1358339322,43:23.8,Low Risk
33038,Sky,SKY,FALSE,23287496930,23462665147,23462665147,2024-09-18T13:25:16.000Z,49,0.05790392,16368642.07,14889656.11,1478985.958,0.49144308,2.90970472,1.95233719,-17.55675178,-25.9035153,-21.2991622,1348437350,1358580277,43:23.8,Medium Risk
11092,Bitget Token,BGB,FALSE,698696609.9,913931274.6,919992036,2021-07-29T00:00:00.000Z,50,1.834735827,16082815.07,16049312.93,33502.13892,0.30788616,1.78585856,0.15394763,-8.24945836,-3.18353129,-15.94401717,1281923703,1687942349,43:23.8,Medium Risk
24478,Pepe,PEPE,FALSE,4.13772E+14,4.13772E+14,4.13772E+14,2023-04-17T06:18:08.000Z,51,2.99E-06,256264262.5,255311514.2,952748.2761,0.87579105,3.04617899,7.05264134,-20.75239539,-23.34314697,-18.37985616,1238198743,1238198743,43:23.8,High Risk
1321,Ethereum Classic,ETC,FALSE,157124928.2,210700000,210700000,2016-07-24T00:00:00.000Z,52,7.460825789,49466782.53,49465800.45,982.0883002,0.93154916,2.54441433,6.39927357,-17.8418332,-13.83284244,-15.78563161,1172281716,1571995994,43:23.8,High Risk
7278,Aave,AAVE,FALSE,15409158.47,16000000, ,2020-10-02T00:00:00.000Z,53,75.27720319,224893627.9,221127414.9,3766213.003,-0.38907855,3.41722412,20.19728223,-17.26563686,-34.21224062,-37.59357611,1159958353,1204435251,43:23.8,High Risk
3794,Cosmos,ATOM,TRUE,514097290,514097290, ,2019-03-14T00:00:00.000Z,54,1.992269506,40071562.54,39397235.32,674327.2201,0.16204588,1.63780835,13.66543967,-4.74697083,10.5563978,-0.83197245,1024220354,1024220354,43:23.8,Medium Risk
39120,United Stables,U,TRUE,1010108683,1010108683, ,2025-12-12T08:13:26.000Z,55,1.000020691,168303575.9,165960020.8,2343555.09,0.02573832,0.04288963,0.01281476,0.01888198,0.01191471,-0.00380496,1010129583,1010129583,43:23.8,Low Risk
38837,Audiera,BEAT,FALSE,288016666,1000000000,1000000000,2025-10-30T05:07:08.000Z,56,3.441630255,66120146.63,27075961.93,39044184.7,-4.37804737,-21.5656304,-18.79933485,446.5096142,645.1379222,520.4497529,991246871.5,3441630255,43:23.8,High Risk
34104,Morpho,MORPHO,FALSE,502415994.7,999999999.8,1000000000,2024-11-21T10:30:00.000Z,57,1.963776749,17119136.24,16539245.63,579890.6115,1.03738626,-1.39109142,9.17542696,10.1254898,6.6156168,6.78514375,986632848.8,1963776749,43:23.8,Medium Risk
2087,KuCoin Token,KCS,FALSE,134655021.3,142155021.3,200000000,2017-10-24T00:00:00.000Z,58,7.297818008,2948931.461,2871290.99,77640.47158,1.08882268,3.93577013,13.72480464,-9.97619535,-15.63845156,-13.05576071,982687839.2,1459563602,43:23.8,High Risk
5690,Render,RENDER,FALSE,518743261,533503434.3,644168762,2020-06-11T00:00:00.000Z,59,1.816131252,50965336.25,50180303.63,785032.6244,1.26058385,-0.48154646,10.73606093,-1.33013384,-2.48972168,0.5878725,942105848,1169895020,43:23.8,Medium Risk
20396,Kaspa,KAS,FALSE,27512472349,27512472349,28704026601,2022-06-01T00:03:58.000Z,59,0.034234438,15129206.46,15129111.89,94.57017062,0.20932833,4.75999231,8.21013101,-2.17743583,-1.74330393,-14.10940163,941874034.5,982666225,43:23.8,Medium Risk
3155,Quant,QNT,FALSE,12072738,14881364,14881364,2018-08-10T00:00:00.000Z,61,72.55888122,10359688.34,10234443.92,125244.4129,1.08361859,5.15822896,8.03678586,-8.12529473,-4.99562352,1.55273481,875984362.5,1079775123,43:23.8,Medium Risk
4030,Algorand,ALGO,FALSE,8925656415,10000000000,10000000000,2019-06-20T00:00:00.000Z,62,0.096521228,45534031.49,45534031.49,0,1.72101485,1.14112815,4.94658187,-12.34606509,-16.96791252,2.11263793,861515320,965212282.4,43:23.8,Medium Risk
38892,Stable,STABLE,FALSE,23640836076,1E+11,1E+11,2025-11-06T14:24:37.000Z,63,0.036109867,18836978.5,16419858.97,2417119.536,-0.38235429,3.70049849,16.23144855,1.01450871,38.08592689,33.26566531,853667434.7,3610986650,43:23.8,Medium Risk
28321,Polygon (prev. MATIC),POL,FALSE,10661916389,10661916399, ,2023-10-30T14:43:57.000Z,64,0.079147357,39641575.48,39576671.74,64903.74026,0.86041741,2.71110979,4.18250304,-14.09474908,-11.93727878,-21.11395083,843862506.4,843862507.2,43:23.8,Medium Risk
30171,Ethena,ENA,FALSE,9293750000,15000000000,15000000000,2024-03-29T04:42:08.000Z,65,0.088185226,186972737.8,185339276.6,1633461.241,0.83804355,3.33164256,8.91846633,-17.78619867,-21.87976578,-23.3618982,819571444.8,1322778391,43:23.8,High Risk
4269,GateToken,GT,FALSE,106524631.3,142622843.7,142622843.7,2019-08-20T00:00:00.000Z,66,6.912475827,5029981.464,5029981.464,0,0.71542781,0.86714673,6.94969554,-3.80316539,-5.18669824,-3.74541111,736348938.5,985876959.2,43:23.8,Medium Risk
35509,Venice Token,VVV,FALSE,46999773.89,80334249.89, ,2025-01-28T02:53:32.000Z,67,15.48765059,55051450.29,44212991.65,10838458.64,0.12845395,-3.12992081,-0.43970212,9.96474382,73.39351387,178.3341064,727916075.6,1244188792,43:23.8,Medium Risk
5488,JUST,JST,FALSE,8543764567,8543764567, ,2020-05-07T00:00:00.000Z,68,0.080273243,28647638.66,28417430.81,230207.8486,0.07719244,4.01355152,-2.58561418,-10.34536502,23.94590064,41.90972869,685835690.3,685835690.3,43:23.8,Medium Risk
7950,Flare,FLR,FALSE,85484531233,1.05997E+11, ,2020-12-11T00:00:00.000Z,69,0.007961076,6091420.074,6085068.307,6351.766688,0.31391629,-0.15409093,11.02759759,-13.28515447,-2.60437525,-8.30091212,680548876.9,843851136.9,43:23.8,Medium Risk
38590,币安人生,币安人生,FALSE,1000000000,1000000000,1000000000,2025-10-07T03:15:16.000Z,70,0.677728047,22407004.12,19888832.44,2518171.672,0.54206735,-6.38297526,-1.43780511,63.06375684,93.13013905,1021.69613,677728046.9,677728046.9,43:23.8,High Risk
29210,Jupiter,JUP,FALSE,3320312968,6862435230,6864785739,2024-01-31T08:38:13.000Z,71,0.202621023,51291203.99,46719919.47,4571284.516,1.05302553,8.17553311,29.96521554,1.70617882,8.51994793,17.87882157,672765209.2,1390949907,43:23.8,High Risk
2280,Filecoin,FIL,FALSE,790173596,1957700174, ,2017-12-13T00:00:00.000Z,72,0.808934586,89330460,89248128.86,82331.13963,1.15084316,1.14650937,5.01719696,-16.95925953,-18.08817396,-17.68495297,639198751.1,1583651381,43:23.8,Medium Risk
2634,XDC Network,XDC,FALSE,20557321952,38076341532, ,2018-04-12T00:00:00.000Z,73,0.030981592,14503301.2,14503301.2,0,0.4601783,1.67949685,-1.9148686,-1.21724359,-2.51424885,-8.91971458,636898554.5,1179665666,43:23.8,Low Risk
36922,Humanity,H,FALSE,2832142857,10000000000,10000000000,2025-06-23T03:36:52.000Z,74,0.214682941,130617426.4,130550872.2,66554.17568,2.97851941,-35.37462609,47.60299924,-11.04281374,83.22546258,93.04475492,608012756.5,2146829405,43:23.8,High Risk
7226,Injective,INJ,FALSE,99970954.5,100000000, ,2020-09-29T00:00:00.000Z,75,5.935980217,181555644.5,181271426.7,284217.8962,2.88831206,13.76335094,3.99673461,21.79206741,75.20475999,83.99966426,593425608.2,593598021.7,43:23.8,High Risk
21794,Aptos,APT,FALSE,831898535.7,1204268084,2100000000,2022-10-19T01:50:25.000Z,76,0.692522414,73299545.69,73287311,12234.69194,1.50135677,1.83242174,4.12186589,-27.36629426,-30.26762611,-31.13640941,576108382,1454297069,43:23.8,High Risk
39064,Midnight,NIGHT,FALSE,16607399401,24000000000,24000000000,2025-12-08T02:23:02.000Z,77,0.033869814,45533584.19,45064817,468767.195,1.10906259,3.32967702,5.94967353,5.81253013,-8.78136816,-30.9041011,562489532.4,812875541.2,43:23.8,Medium Risk
36507,Pump.fun,PUMP,FALSE,3.47688E+11,8.58149E+11,1E+12,2025-05-14T18:51:49.000Z,78,0.001600358,59739325.97,51495529.19,8243796.788,0.83421179,0.51484645,2.27181052,-8.19185057,-19.70837051,-24.01819489,556424457.7,1600357809,43:23.8,Medium Risk
11841,Arbitrum,ARB,FALSE,6255821492,10000000000, ,2023-03-23T12:50:11.000Z,79,0.087454814,59650025.33,54643996.5,5006028.825,1.15071969,1.12547068,8.08527326,-27.66072008,-32.66941071,-18.86009415,547101704.2,874548138.7,43:23.8,High Risk
2694,Nexo,NEXO,FALSE,646145839.6,1000000000,1000000000,2018-05-01T00:00:00.000Z,80,0.819692268,9702633.434,9434208.685,268424.7486,0.6820279,1.60141731,5.27681048,-6.37048658,-10.41132687,-11.05259211,529640748.6,819692267.8,43:23.8,Medium Risk
2563,TrueUSD,TUSD,FALSE,494515083,494515083, ,2018-03-06T00:00:00.000Z,81,0.998438948,26605792.63,26581459.35,24333.27437,-0.0071154,-0.00507374,-0.08528797,-0.10595758,-0.08750277,-0.16290993,493743119.1,493743119.1,43:23.8,Low Risk
131,Dash,DASH,FALSE,12733440.92,12733432.05,18900000,2014-02-14T00:00:00.000Z,82,38.62747543,86086644.16,86067301.11,19343.05051,0.59077193,-1.39699984,2.4844005,-7.94179039,4.66292583,9.58595961,491860676.4,730059285.7,43:23.8,Medium Risk
3773,Artificial Superintelligence Alliance,FET,FALSE,2258881094,2714384547,2719493897,2019-03-02T00:00:00.000Z,83,0.216410011,154132724,154043803.3,88920.70484,1.43895705,1.40452387,4.53120825,10.30080636,-6.2880069,-3.65613964,488844481.7,588525703.3,43:23.8,Medium Risk
7186,PancakeSwap,CAKE,FALSE,324090772.4,336469170.5,400000000,2020-09-25T00:00:00.000Z,84,1.422538229,25619661.12,21734560.48,3885100.644,0.19732881,2.39178861,6.88395897,-3.68145849,-12.28563058,-4.66326279,461031513.6,569015291.8,43:23.8,Medium Risk
35336,OFFICIAL TRUMP,TRUMP,FALSE,237413141.3,999999100.9,999999100.9,2025-01-18T04:19:35.000Z,85,1.937260203,242258474.1,240354690,1903784.106,0.12575744,-2.18873396,15.87876381,-11.35153457,-35.49452657,-47.31759764,459931030.1,1937258461,43:23.8,High Risk
3077,VeChain,VET,FALSE,85985041177,85985041177,86712634466,2017-08-22T00:00:00.000Z,86,0.005340213,19469713.41,19469713.41,0,1.46233174,4.45469222,9.36207952,-21.79509111,-26.8100204,-29.57005696,459178441.5,463063944.7,43:23.8,High Risk
34466,Pudgy Penguins,PENGU,FALSE,62860396090,76724221264,88888888888,2024-12-17T14:00:00.000Z,87,0.007281104,109185633.2,107657203.9,1528429.299,1.58294651,5.05932876,7.48195394,-14.02714402,-4.74991543,-8.28071323,457693078.8,647209240.8,43:23.8,High Risk
39125,Lighter,LIT,FALSE,250000000,1000000000,1000000000,2025-12-30T06:45:00.000Z,88,1.802562028,67945896.3,58360688.47,9585207.829,0.12616207,8.2021675,11.06219313,105.6172047,75.11803099,45.34666536,450640507,1802562028,43:23.8,High Risk
20641,EURC,EURC,FALSE,377141465.7,377141465.7, ,2022-06-16T19:13:48.000Z,89,1.159941286,44962672.44,23353843.76,21608828.68,0.09434132,-0.05535438,0.41438182,-0.10445892,-1.60825762,0.60995448,437461956.9,437461956.9,43:23.8,Low Risk
29270,Aerodrome Finance,AERO,TRUE,952574963.4,1917063820, ,2024-02-02T07:15:19.000Z,90,0.452436104,56597489.63,33325745.48,23271744.15,0.31251578,15.98177365,33.62020186,7.43651437,8.21115949,30.70483688,430979305.2,867348886,43:23.8,High Risk
23095,Bonk,BONK,FALSE,8.79947E+13,8.79947E+13,8.88724E+13,2022-12-30T06:58:50.000Z,91,4.85E-06,82523047.29,80407392.38,2115654.915,0.76898704,3.73566313,10.50587844,-22.52069601,-23.90456036,-27.63428979,426904660.2,431162868.3,43:23.8,High Risk
29420,Virtuals Protocol,VIRTUAL,FALSE,657057570.9,1000000000,1000000000,2024-02-15T07:33:29.000Z,92,0.646541619,85242908.09,71103147.06,14139761.02,0.9521673,-0.43907552,11.50131296,-11.09457197,-11.08196348,-17.57099638,424815065.9,646541619.4,43:23.8,Medium Risk
36300,SKYAI,SKYAI,FALSE,1000000000,1000000000,1000000000,2025-04-20T12:09:27.000Z,93,0.402624442,58845296.3,46687695.06,12157601.24,4.80293409,17.36931038,111.6836087,26.49265484,165.3357788,736.8308865,402624442.1,402624442.1,43:23.8,High Risk
26997,LayerZero,ZRO,FALSE,348373609.6,1000000000,1000000000,2024-06-20T05:52:25.000Z,94,1.134979091,129772238.8,128353468.2,1418770.655,0.63048251,7.53481844,34.57473211,-12.45753268,-42.18327292,-50.64983655,395396762.9,1134979091,43:23.8,High Risk
4172,Terra Classic,LUNC,FALSE,5.51772E+12,6.45584E+12,6.45584E+12,2019-07-26T00:00:00.000Z,95,7.16E-05,21759721.98,21749950.27,9771.715798,0.83048366,-0.00107265,0.75720582,-12.10510741,55.16341925,68.8198088,395128729.4,462308055.4,43:23.8,Medium Risk
23149,Sei,SEI,FALSE,7217777777,10000000000,10000000000,2023-08-14T07:35:00.000Z,96,0.054380556,37954736.54,37954655.91,80.62450371,1.09086551,-1.49457954,12.40983055,-13.88746116,-6.27725762,-20.57182059,392506765.8,543805556.1,43:23.8,High Risk
6538,Curve DAO Token,CRV,FALSE,1517130384,2390688357,3030303030,2020-08-14T00:00:00.000Z,97,0.245561036,73081480.24,71981871.25,1099608.993,-0.3137355,4.18326957,24.78370861,2.89337652,6.18739539,-2.6081887,372548109.1,744124352.1,43:23.8,High Risk
28541,Jito,JTO,FALSE,483692505.1,986523002.9, ,2023-12-07T16:04:41.000Z,98,0.752508669,303129686.7,300041567.9,3088118.716,4.07830559,23.28552395,19.66713556,68.0497196,125.1641552,149.7416582,363982803.2,742367111.8,43:23.8,High Risk
28081,SPX6900,SPX,FALSE,930993090.1,930993090.1,1000000000,2023-08-17T10:00:00.000Z,99,0.387221923,71549688.98,62283010.09,9266678.893,-1.59254166,15.26450823,27.84147492,2.16608994,10.39806641,12.98227183,360500934.6,387221922.9,43:23.8,High Risk
4847,Stacks,STX,TRUE,1814605788,1814570813, ,2019-10-28T00:00:00.000Z,100,0.196100967,8152490.913,8152490.913,0,0.98057244,1.05015175,7.63044802,-18.0660279,-19.00937774,-25.90117962,355845950,355839091.3,43:23.8,High Risk
26081,First Digital USD,FDUSD,FALSE,352516532,352516532, ,2023-07-26T04:26:40.000Z,101,0.998245476,200991965.8,200647464,344501.7897,-0.0154028,0.09830541,0.04791346,-0.01920601,-0.1141739,-0.17555009,351898033.4,351898033.4,43:23.8,Low Risk
22861,Celestia,TIA,FALSE,919932996.6,1168685161, ,2023-10-31T16:51:41.000Z,102,0.37849641,50991208.89,50924672.35,66536.53405,0.92052542,5.51092735,19.13836096,-5.07903756,-4.72169175,2.42011292,348191337,442343138.4,43:23.8,High Risk
38828,Kite,KITE,FALSE,1800000000,10000000000,10000000000,2025-10-29T11:11:32.000Z,103,0.193168399,22750201.76,21312821.18,1437380.58,0.38576362,-1.71398012,2.80063928,-9.934616,30.65182828,0.97055111,347703118.7,1931683993,43:23.8,Medium Risk
10529,Sun [New],SUN,FALSE,19231207017,19231207017,19900730000,2021-06-21T00:00:00.000Z,104,0.017044546,61840460.3,61796736.54,43723.76083,0.39351042,0.21871514,-1.39925886,-13.02474046,-8.30209838,0.531414,327787199.9,339198915.4,43:23.8,Medium Risk
28177,Pyth Network,PYTH,FALSE,7874981919,9999981919,10000000000,2023-11-20T09:42:13.000Z,105,0.040503414,18163469.01,17711466.63,452002.3847,1.95601279,2.84907396,30.08142947,-9.78200762,-14.56281924,-18.84397409,318963652.9,405034140,43:23.8,High Risk
29814,ether.fi,ETHFI,FALSE,880665741,1000000000,1000000000,2024-03-13T06:06:39.000Z,106,0.342697148,43777086.17,43576512.65,200573.5144,1.39678947,1.0611948,12.91945421,-11.92863604,-28.67289922,-40.19154023,301801637.4,342697147.6,43:23.8,High Risk
10603,Immutable,IMX,FALSE,2000000000,2000000000,2000000000,2021-06-24T00:00:00.000Z,107,0.15002162,14568386.9,14566209.66,2177.243995,1.78777277,1.40668971,8.28474845,-15.6839124,-10.50861932,-16.40832758,300043239.4,300043239.4,43:23.8,High Risk
1659,Gnosis,GNO,FALSE,2639510.06,2999934.746, ,2017-05-01T00:00:00.000Z,108,106.8496096,2746599.256,2674818.437,71780.81902,0.96369754,-2.26692508,10.9603457,-12.75239489,-12.12316657,-24.66730684,282030619.5,320541856.4,43:23.8,High Risk
30495,Monad,MON,TRUE,11825165000,1.00683E+11, ,2024-07-04T07:03:38.000Z,109,0.023113122,42923463.17,42796695.12,126768.0472,0.62249986,3.83175986,12.37435952,-17.5649414,-32.01494005,-4.14588408,273316484.5,2327096756,43:23.8,High Risk
30636,Zebec Network,ZBCN,FALSE,99998776073,99998776073,1E+11,2024-04-15T04:07:21.000Z,110,0.002707798,12275718.88,11555767.81,719951.0751,0.42815441,-1.98595269,9.15866123,-14.92010539,-4.04893958,30.56909908,270776520.9,270779835,43:23.8,High Risk
2011,Tezos,XTZ,TRUE,1087982255,1107967910, ,2017-10-06T00:00:00.000Z,111,0.244942869,13808535.98,13808535.98,0,0.54257101,2.84686991,1.18094652,-30.56834359,-34.4287831,-38.44870858,266493494.7,271388838.3,43:23.8,High Risk
16086,BitTorrent [New],BTT,FALSE,9.87038E+14,9.87038E+14, ,2019-01-31T00:00:00.000Z,112,2.68E-07,8374191.295,8371267.11,2924.185037,0.11432026,-0.15633477,0.00460829,-17.30945141,-18.50336231,-24.93243424,264055497.1,264055497.2,43:23.8,Medium Risk
9816,AINFT,NFT,FALSE,9.90106E+14,9.90106E+14,9.9999E+14,2021-05-14T00:00:00.000Z,113,2.67E-07,10190860.34,10175500.13,15360.20752,-0.29520559,-0.50184233,-0.00521051,-6.48865911,-21.08071527,-20.15659469,263956570.6,266591697.8,43:23.8,Low Risk
4066,Chiliz,CHZ,TRUE,10416931391,10416931391, ,2019-07-01T00:00:00.000Z,114,0.024781517,83108829.09,82925720.54,183108.5467,1.42011871,-1.69627844,-6.09618719,-49.05704216,-39.43005783,-35.92880451,258147360.1,258147360.1,43:23.8,High Risk
3602,Bitcoin SV,BSV,FALSE,20043043.75,20043043.75, ,2018-11-09T00:00:00.000Z,115,12.84572747,16171056.93,16171056.93,0,0.68947303,2.67974571,7.36611132,-17.46938497,-20.5159066,-18.0498863,257467477.7,257467477.7,43:23.8,High Risk
10804,FLOKI,FLOKI,FALSE,9.54709E+12,9.64932E+12, ,2021-07-09T00:00:00.000Z,116,2.68E-05,29820578.13,29485295.02,335283.108,0.9633793,4.45909127,10.0940795,-15.58532878,-14.8623996,-14.60897451,256017586.9,258758846.8,43:23.8,High Risk
8425,JasmyCoin,JASMY,FALSE,49444999677,50000000000,50000000000,2021-02-11T00:00:00.000Z,117,0.005069403,14285517.15,14274681.54,10835.61235,0.43460453,-4.82669159,7.56112561,-14.55126119,-9.89646131,-16.96184662,250656639.4,253470159.9,43:23.8,High Risk
39379,ETHGas,GWEI,FALSE,1750000000,10000000000,10000000000,2026-01-16T14:12:49.000Z,118,0.142174963,10020638.57,9920290.832,100347.7352,0.08540952,-0.23354934,-20.18510477,-5.49785829,85.67281862,251.3213621,248806185.5,1421749631,43:23.8,High Risk
2394,Telcoin,TEL,FALSE,96074246575,1E+11,1E+11,2018-01-14T00:00:00.000Z,119,0.002572873,1567960.473,1313138.813,254821.6596,1.14487646,3.06063626,7.00185929,-13.05582373,15.60185097,-1.99254216,247186843.7,257287309,43:23.8,Medium Risk
7334,Conflux,CFX,TRUE,5216841757,5216841757, ,2020-11-11T00:00:00.000Z,120,0.047323108,9902293.915,9902293.915,0,0.93818125,1.3925816,5.16690535,-25.94589374,-27.20892726,-26.11869636,246877165.1,246877165.1,43:23.8,High Risk
32880,Kaia,KAIA,TRUE,6344605021,6344605031, ,2024-10-29T05:17:50.000Z,121,0.03892169,7656855.889,7656855.889,0,1.05896731,0.18182004,4.46399031,-23.58208859,-20.06523967,-29.81884801,246942750.3,246942750.7,43:23.8,High Risk
38515,DoubleZero,2Z,FALSE,3471417500,9998367667,10000000000,2025-09-29T01:04:27.000Z,122,0.070835878,6455096.441,6309675.715,145420.7267,0.91959366,-1.11630826,-1.09396537,-22.48826821,-23.13599598,-13.80593444,245900907.3,708358782.2,43:23.8,High Risk
36532,BUILDon,B,FALSE,1000000000,1000000000, ,2025-05-16T08:07:37.000Z,123,0.243560107,8186989.638,4683362.554,3503627.085,-0.20404487,3.87725845,-13.39136172,-38.32614217,133.1392751,-0.97048617,243560107.5,243560107.5,43:23.8,High Risk
9481,Pendle,PENDLE,FALSE,170973114,281527448.5, ,2021-04-29T00:00:00.000Z,124,1.412708493,36746986.81,35407464.12,1339522.688,1.06032141,2.13531592,11.50173613,-24.90599656,5.71758007,6.13472879,241535170.2,397716217.3,43:23.8,High Risk
7431,Akash Network,AKT,FALSE,294832901.1,294832901.1,388539008,2020-10-16T00:00:00.000Z,125,0.815895156,16479894.95,16114175.76,365719.19,-0.35986392,-1.43297676,29.84662457,14.68962568,65.13972502,56.48346872,240552736,317007094.7,43:23.8,High Risk
22691,Starknet,STRK,TRUE,6518393918,10126100000, ,2024-02-20T12:19:19.000Z,126,0.036667202,23234958.34,23077010.85,157947.4879,0.59253252,-0.82509397,5.88328525,-14.52190497,1.52461887,-8.47390883,239011265,371295751.8,43:23.8,Medium Risk
8000,Lido DAO,LDO,FALSE,842834643.5,1000000000, ,2020-12-15T00:00:00.000Z,127,0.28049349,46703714.96,46011103.1,692611.8611,1.70754452,3.08633083,6.71938411,-21.32737551,-33.77912268,-12.70033976,236409630.8,280493490.2,43:23.8,High Risk
11840,Optimism,OP,FALSE,2152519691,4294967296,4294967296,2022-05-31T16:19:46.000Z,128,0.108450408,46687447.7,46007993.59,679454.1094,1.34895702,-1.33718429,13.22862888,-18.61266422,-17.04448805,-19.92453962,233441638.9,465790955.9,43:23.8,High Risk
1168,Decred,DCR,FALSE,17468972.87,17468972.87,21000000,2016-02-10T00:00:00.000Z,129,12.87052324,1667479.973,1667479.973,0,0.67131548,3.31519912,4.4198406,-26.09864831,-37.36262393,-52.15792018,224834821.4,270280988.1,43:23.8,High Risk
1720,IOTA,IOTA,FALSE,4491494695,4600000000, ,2017-06-13T00:00:00.000Z,130,0.050036565,13368040.94,13368040.94,0,0.83719696,5.35531848,7.53020154,-11.28929192,-15.35832394,-24.6517393,224738966.1,230168198.9,43:23.8,High Risk
6719,The Graph,GRT,FALSE,10852869128,11563294128, ,2020-12-17T00:00:00.000Z,131,0.020498786,20582738.56,20556836.1,25902.45499,1.10734494,-1.2019577,3.38438545,-19.2395248,-19.9273625,-26.60528048,222470646.5,237033496.9,43:23.8,Medium Risk
13855,Ethereum Name Service,ENS,FALSE,40408647.35,100000000, ,2021-11-09T01:31:29.000Z,132,5.441796304,21843792.31,21801242.98,42549.33112,1.51110773,6.26427601,16.30896136,-16.57199271,-12.18429733,-18.72593845,219895627.8,544179630.4,43:23.8,High Risk
38482,Falcon Finance,FF,FALSE,2875000000,10000000000,10000000000,2025-09-23T04:16:56.000Z,133,0.072630844,18453214.83,12373437.27,6079777.565,0.58215607,1.26407855,-12.75272425,-13.92018756,-1.7650164,-2.54768283,208813675.4,726308436.1,43:23.8,High Risk
38849,Pieverse,PIEVERSE,FALSE,265602220,1000000000,1000000000,2025-10-31T01:31:02.000Z,134,0.720143233,27474171.38,22973266.21,4500905.172,2.54598722,0.7068942,16.91045327,-19.65023379,55.78107129,31.39397066,191271641.4,720143233,43:23.8,High Risk
39965,Nexus,NEX,FALSE,6E+13,1E+14,1E+14,2026-05-08T04:45:35.000Z,135,3.06E-06,30634512.45,26783993.22,3850519.227,1.1574476,-5.73769747,3.82618343,24.87159501,24.87159501,24.87159501,183894728.8,306491214.7,43:23.8,High Risk
5692,Compound,COMP,FALSE,9986536.673,10000000, ,2020-06-16T00:00:00.000Z,136,18.25784235,11088599.97,11071543.77,17056.20158,0.17743301,1.77903008,2.17738284,-16.7617555,-25.86683322,-5.7519995,182332612.2,182578423.5,43:23.8,Medium Risk
5964,Trust Wallet Token,TWT,FALSE,429860515.5,999860531.5,999860531.5,2020-07-30T00:00:00.000Z,137,0.420604318,7949277,7744289.064,204987.9363,0.41625613,4.73911672,12.02611299,-15.83712441,-1.38873623,-20.71752003,180801189.1,420545657.3,43:23.8,High Risk
2467,OriginTrail,TRAC,FALSE,500000000,500000000,500000000,2018-01-25T00:00:00.000Z,138,0.361539338,4867748.443,4728855.141,138893.3024,0.30255634,-1.12016168,4.29962132,8.98002764,15.31005737,6.72058859,180769669.2,180769669.3,43:23.8,Medium Risk
30494,EigenCloud,EIGEN,TRUE,791030912.2,1829680688, ,2024-07-04T15:49:12.000Z,139,0.225528452,37070989.71,36719600.9,351388.8147,2.27139133,6.61485095,21.35542574,15.89818998,16.58693932,4.67854595,178399977.5,412645054,43:23.8,High Risk
36645,Plasma,XPL,TRUE,1800000000,10000000000, ,2025-09-25T11:30:00.000Z,140,0.097384864,149045455.5,146027239.8,3018215.729,0.47540763,7.47937289,40.4449712,12.01684159,-27.15260441,-17.10994171,175292754.8,973848638,43:23.8,High Risk
6783,Axie Infinity,AXS,FALSE,173384825,270000000, ,2020-08-31T00:00:00.000Z,141,1.006049671,22466473.82,22428891.06,37582.75527,1.01336638,2.22759376,7.62356576,-13.80110778,-13.80316412,-20.71584088,174433746.2,271633411.2,43:23.8,Medium Risk
8526,Raydium,RAY,FALSE,269103895.8,554997692.9,555000000,2021-02-19T00:00:00.000Z,142,0.641280728,20529961.09,18036585.46,2493375.625,1.01811152,3.78100155,9.4959459,-10.82807296,-6.64908355,-1.18092476,172571142.1,355910803.9,43:23.8,High Risk
28752,dogwifhat,WIF,FALSE,998839006.7,998839006.7,998840593,2023-12-19T09:08:50.000Z,143,0.171617686,59992591.34,59356718.69,635872.6476,1.15193251,2.8244922,9.36305727,-13.41399183,-19.60156418,-8.81627166,171418439.2,171418711.5,43:23.8,High Risk
33824,Maple Finance,SYRUP,TRUE,1191009307,1244677493, ,2024-11-06T06:16:40.000Z,144,0.14282345,8847507.808,8491406.304,356101.5033,0.44123507,2.17524012,10.13095797,-33.64144536,-41.81209702,-43.86345188,170104058.3,177769133.7,43:23.8,High Risk
2416,Theta Network,THETA,FALSE,1000000000,1000000000,1000000000,2018-01-17T00:00:00.000Z,145,0.165025556,9907651.494,9907651.494,0,1.11533455,0.74723316,9.51153186,-18.10347306,-17.27853433,-12.49179804,165025556.4,165025556.4,43:23.8,High Risk
4041,MX Token,MX,FALSE,91837334,409024834,413787834,2019-09-24T00:00:00.000Z,146,1.784539694,8088627.099,8088433.554,193.5457857,0.1799105,3.937597,2.41701079,0.27281966,0.42802095,-0.3712034,163887367.9,738420814.7,43:23.8,Low Risk
1376,Neo,NEO,FALSE,70538831,100000000, ,2016-09-08T00:00:00.000Z,147,2.310156422,8848320.825,8848320.825,0,1.24596496,2.85742877,6.73830766,-21.3127434,-23.47240519,-18.40264208,162955733.4,231015642.2,43:23.8,High Risk
6210,The Sandbox,SAND,FALSE,2937639702,3000000000, ,2020-08-05T00:00:00.000Z,148,0.054466171,17964520.81,17941385.19,23135.62332,1.15900098,1.91886806,7.54372619,-25.65139303,-33.83674346,-39.37078868,160001986.8,163398513.4,43:23.8,High Risk
18679,Onyxcoin,XCN,FALSE,38525156110,48402432357,68892071757,2022-03-09T16:10:43.000Z,149,0.00404312,12292279.12,12184210.21,108068.9111,0.41747516,0.58694687,4.0561172,-16.47868337,-15.09572885,-30.78245357,155761816.7,278538890.9,43:23.8,Medium Risk
18934,Stargate Finance,STG,FALSE,660951371,1000000000,1000000000,2022-03-18T04:06:21.000Z,150,0.22768673,37214702.81,37150074.03,64628.77704,-2.2570561,-5.5893373,-11.25305495,14.02067913,0.06763837,11.37818044,150489856.3,227686729.9,43:23.8,High Risk
39841,Genius Terminal,GENIUS,FALSE,335377059,953973324.3,1000000000,2026-04-07T07:20:12.000Z,151,0.439190296,20057677.12,18425757.99,1631919.135,-0.36479618,-5.43857516,-1.26624106,-8.82657199,-29.8504617,129.4259628,147294349.6,439190295.5,43:23.8,Medium Risk
4157,THORChain,RUNE,FALSE,338372617,354208499,354208499,2019-07-23T00:00:00.000Z,152,0.418865849,5070649.972,5070649.972,0,-0.23465286,5.03107784,14.01572421,-8.02407478,-0.36812555,-5.35552803,141732733.4,148365843.6,43:23.8,High Risk
1966,Decentraland,MANA,FALSE,1985909567,2193179327, ,2017-09-17T00:00:00.000Z,153,0.070359495,11719503.82,11719030.89,472.9288696,1.23091978,3.04756288,7.51654922,-21.41311162,-24.64378249,-28.91661913,139727594.3,154310990,43:23.8,High Risk
9903,Convex Finance,CVX,FALSE,98120543.56,99973917.61, ,2021-05-18T00:00:00.000Z,154,1.423202134,7836129.951,7576823.411,259306.5396,2.76066836,6.08508823,15.60261544,-17.44111019,-25.20745075,-28.63749611,139645367,142283092.9,43:23.8,High Risk
1697,Basic Attention Token,BAT,FALSE,1495724657,1500000000,1500000000,2017-06-01T00:00:00.000Z,155,0.092174674,11473065.52,11466642.64,6422.881579,1.04533733,-0.30642617,-2.46694727,-6.72184295,-11.46418428,-14.76899521,137867932.7,138262011,43:23.8,Medium Risk
33597,Fartcoin,FARTCOIN,FALSE,999998256,1000000000,1000000000,2024-10-23T17:42:55.000Z,157,0.136995789,52779228.66,37782071.71,14997156.95,0.8733836,5.17802479,14.72387589,-29.59225755,-37.87494425,-34.92047582,136995550.5,136995789.4,43:23.8,High Risk
5632,Arweave,AR,FALSE,65652466,65652466,66000000,2020-05-27T00:00:00.000Z,156,2.095704359,25219769.31,25219769.31,0,1.18711535,-0.25848313,10.90475225,-3.41539363,-0.56961909,11.40985312,137588159.2,138316487.7,43:23.8,Medium Risk
7080,Gala,GALA,FALSE,48626375438,48626375438,50000000000,2020-09-16T00:00:00.000Z,158,0.002759397,24394528.9,24289129.64,105399.2635,0.37106035,0.8496901,5.84330388,-20.02440677,-17.60451647,-25.05153473,134179483,137969858.7,43:23.8,High Risk
18876,ApeCoin,APE,FALSE,1000000000,1000000000,1000000000,2022-03-17T12:26:36.000Z,159,0.130712337,14940071.93,14864854.11,75217.81535,1.02564934,-1.08356824,5.78733326,-12.33648468,29.87470891,28.03764812,130712336.9,130712336.9,43:23.8,Medium Risk
6748,Centrifuge,CFG,FALSE,577156141,697164473, ,2020-08-28T00:00:00.000Z,160,0.223253921,16867885.38,16762788.44,105096.9409,-0.03394682,2.51860333,13.35204943,-15.94334529,2.40638581,50.08769416,128852371.4,155644702,43:23.8,High Risk
8119,SafePal,SFP,FALSE,500000000,500000000,500000000,2020-12-28T00:00:00.000Z,161,0.256622596,4232472.459,4156184.21,76288.2491,-0.86133871,4.35998227,10.08904329,-11.27652971,-16.37602431,-15.27536274,128311298,128311298,43:23.8,High Risk
37322,Vision,VSN,FALSE,3631253649,4131338269,4200000000,2025-07-11T08:45:23.000Z,162,0.03473043,5666132.311,5461612.362,204519.9484,-0.21876163,4.013205,13.73023083,-25.62431269,-37.23060513,-36.71674267,126115000.9,145867806.3,43:23.8,High Risk
36462,Vaulta,A,FALSE,1648112087,2100000000,2100000000,2025-05-28T09:48:03.000Z,163,0.07368511,12255790.81,12255790.81,0,0.63798092,0.65767955,15.53007902,-12.90606079,-12.42076202,-13.31751559,121441320.5,154738731.1,43:23.8,High Risk
38868,Sentient,SENT,FALSE,7237878887,34359738368, ,2026-01-22T10:00:00.000Z,165,0.016704146,19122943.86,19122943.86,0,2.44862962,10.84418663,17.51612236,7.39384996,-0.53267919,-21.49019593,120902588.2,573950098.2,43:23.8,High Risk
39720,edgeX,EDGE,FALSE,350000000,1000000000,1000000000,2026-03-19T13:39:28.000Z,165,0.343861498,12915436.1,10200474.64,2714961.456,0.54749951,-7.05557975,-20.34529855,-72.56544212,-73.94569776,-14.42492142,120351524.2,343861497.7,43:23.8,High Risk
3701,Rootstock Infrastructure Framework,RIF,FALSE,1000000000,1000000000,1000000000,2019-01-16T00:00:00.000Z,166,0.119953004,14255517.21,14254892.94,624.2669397,6.36606348,19.61929718,98.42436704,65.88937649,169.102172,212.52111,119953003.6,119953003.6,43:23.8,High Risk
35763,KAITO,KAITO,FALSE,241388889,1000000000,1000000000,2025-02-14T13:09:33.000Z,167,0.489913159,12410295.24,12400480.68,9814.561143,0.61650751,1.01840949,18.21132183,8.70837945,0.98550065,34.11266968,118259593.2,489913159,43:23.8,High Risk
32956,Grass,GRASS,FALSE,243905091,1000000000, ,2024-10-28T05:31:00.000Z,168,0.480476544,36207748.4,35940046.23,267702.1704,1.95986778,3.04148938,38.48227809,57.50370627,30.16595494,10.97531031,117190675.1,480476543.5,43:23.8,High Risk
24091,ZKsync,ZK,FALSE,9929017037,14749884094,21000000000,2024-06-16T23:10:00.000Z,169,0.011837037,16965427.88,16926013.06,39414.82112,1.31222419,0.65831776,15.13897749,-24.81768078,-27.56589163,-42.90612434,117530145.8,248577784.9,43:23.8,High Risk
10791,eCash,XEC,FALSE,2.00427E+13,2.00427E+13,2.1E+13,2021-07-08T00:00:00.000Z,170,5.77E-06,4796800.615,4796800.615,0,1.44169654,3.46838561,6.96904116,-23.08739792,-20.31920782,-21.70072737,115725779.7,121253032.5,43:23.8,High Risk
1455,Golem,GLM,FALSE,1000000000,1000000000,1000000000,2016-11-18T00:00:00.000Z,171,0.115539989,6509387.994,6509264.824,123.1709171,0.70608082,2.50462462,4.67310335,-14.8131421,-14.69116498,-18.65037445,115539988.7,115539988.7,43:23.8,Medium Risk
36133,Defi App,HOME,FALSE,4066578947,10000000000,10000000000,2025-03-26T08:40:47.000Z,172,0.028370049,42891398.8,42617712.04,273686.758,-0.35904341,6.18785435,8.1216303,64.77984049,48.16965911,24.5212889,115369044.2,283700490.4,43:23.8,High Risk
35626,Story,IP,TRUE,355749930,1029277017, ,2025-02-06T07:02:40.000Z,173,0.316625232,48150110.74,47410999.02,739111.7242,2.93241513,1.83591228,0.57377393,-35.81391351,-47.8947029,-61.26770161,112639404,325895074.1,43:23.8,High Risk
7548,WEMIX,WEMIX,FALSE,462277841.3,552473209.5,590000000,2020-10-29T00:00:00.000Z,174,0.241767273,1379935.54,1379935.54,0,0.18226201,-0.7677399,-6.62336283,-13.84691335,3.6022306,-14.44452041,111763653.1,142642691.1,43:23.8,Medium Risk
8104,1inch,1INCH,FALSE,1411380514,1500000000,1500000000,2020-12-25T00:00:00.000Z,175,0.077168029,12168395.02,11568856.36,599538.6577,0.68795986,3.32708042,8.56744438,-17.40169726,-20.31999122,-25.07585447,108913452.9,115752044,43:23.8,High Risk
34958,Tagger,TAG,FALSE,1.08405E+11,4.05381E+11, ,2024-12-31T03:48:26.000Z,176,0.00098853,3293746.768,2346201.826,947544.9426,-3.26923761,2.26261415,-9.72771,-14.95002634,38.91828035,54.19688855,107161123.7,400730901.2,43:23.8,High Risk
33280,Cheems (cheems.pet),CHEEMS,FALSE,1.87495E+14,2.03673E+14,2.03673E+14,2024-10-03T03:58:19.000Z,177,5.71E-07,1814673.432,1644956.471,169716.9613,1.06410887,-2.35248002,12.40572296,-7.25363359,6.87331013,17.15829097,107062041,116299841.4,43:23.8,Medium Risk
3871,AB,AB,FALSE,98823661261,98823661261,98823661261,2019-04-17T00:00:00.000Z,178,0.001078744,1257320.545,1148958.172,108362.3728,0.33608425,0.41816167,-3.4775842,-25.14576578,-30.26194867,-49.6560666,106605449.2,106605449.2,43:23.8,High Risk
34118,Banana For Scale,BANANAS31,FALSE,10000000000,10000000000,10000000000,2024-11-20T18:19:27.000Z,179,0.010627162,23538828.11,15494257.62,8044570.49,1.72104146,-1.87519576,-8.43184284,5.97359914,-0.89809655,-0.84757403,106271620.8,106271620.8,43:23.8,Medium Risk
4006,AWE,AWE,FALSE,1942420283,1942420283,1942420283,2019-06-12T00:00:00.000Z,180,0.054567777,6411180.967,6394754.8,16426.16713,-0.00073661,0.86944069,1.70328891,0.20520933,-2.54265191,-2.66853095,105993557.5,105993557.5,43:23.8,Low Risk
28324,dYdX,DYDX,FALSE,844084129.1,958342962.3,1000000000,2021-08-03T00:00:00.000Z,181,0.124203861,8542649.967,8541956.511,693.4562616,1.01503246,0.42743542,-7.05961884,-11.70124105,-3.48176618,33.73832764,104838508,124203861.2,43:23.8,Medium Risk
30083,Aethir,ATH,FALSE,20128764593,42000000000,42000000000,2024-06-12T02:20:00.000Z,182,0.004990544,15220050.37,15117798.38,102251.9947,1.23460199,-2.60267258,11.08999207,-16.07909128,-20.46525341,-27.11233684,100453492,209602861.8,43:23.8,High Risk
38417,River,RIVER,FALSE,19600000,100000000,100000000,2025-09-16T20:02:42.000Z,183,4.946810021,7426030.711,6008013.295,1418017.416,2.59576485,2.98323532,-3.24030136,-32.83297388,-34.7776242,-79.42325332,96957476.41,494681002.1,43:23.8,High Risk
32684,Sonic,S,TRUE,2880000000,3222625000, ,2025-01-03T14:11:26.000Z,184,0.033634561,11972553.21,11972553.21,0,1.33903069,2.62701912,11.94090652,-25.96049361,-26.21147497,-32.13240128,96867535.7,108391577.2,43:23.8,High Risk
36044,NEXPACE,NXPC,FALSE,284987037.3,991676090.3,1000000000,2025-03-17T06:30:59.000Z,185,0.339052271,8742994.687,8710541.278,32453.40941,-0.40094384,-3.26841323,-5.70465751,-1.338918,16.11369316,10.09653118,96625502.32,339052271.4,43:23.8,Medium Risk
33391,DeepBook Protocol,DEEP,FALSE,5332073248,10000000000,10000000000,2024-10-10T05:43:32.000Z,186,0.018033769,5934311.103,4393816.99,1540494.114,1.88629983,-1.94839282,7.85153056,-46.42981189,-43.4055878,-46.62776985,96157375.92,180337687.5,43:23.8,High Risk
19269,CoW Protocol,COW,FALSE,578456536.9,1000000000,1000000000,2022-04-01T08:42:05.000Z,187,0.16178609,4674029.126,4548452.763,125576.3638,0.95252313,3.62584271,15.75223985,-5.80515132,-16.98831727,-34.15110906,93586221.6,161786090.5,43:23.8,High Risk
6892,MultiversX,EGLD,FALSE,30148597.52,30153753, ,2020-09-04T00:00:00.000Z,188,3.072016681,6397104.784,6397104.784,0,1.08551306,2.23927714,4.91021913,-23.12215753,-29.37159789,-30.01389333,92616994.49,92632832.21,43:23.8,High Risk
3964,Reserve Rights,RSR,FALSE,62553174091,1E+11,1E+11,2019-05-24T00:00:00.000Z,189,0.001466199,9583025.174,9439428.002,143597.1728,0.93020584,2.91643784,4.80604239,-20.31470189,-11.61075284,-16.39685132,91715393.46,146619887.5,43:23.8,High Risk
3640,Livepeer,LPT,TRUE,49688954.55,49688954.55, ,2018-12-19T00:00:00.000Z,190,1.838894209,8590593.164,8590593.164,0,0.44588778,0.70554034,4.36352501,-12.10254118,-16.49673875,-22.77932324,91372730.8,91372730.8,43:23.8,Medium Risk
30986,Kamino,KMNO,FALSE,4846575620,9999957954,10000000000,2024-04-30T06:37:24.000Z,191,0.018826753,8935224.311,8492451.123,442773.1873,1.11744358,5.21257233,25.05560263,-5.99744998,-18.00982952,-17.37918063,91245280.89,188267527.5,43:23.8,High Risk
4195,FTX Token,FTT,FALSE,328895103.8,328895103.8,352170015,2019-07-31T00:00:00.000Z,192,0.274471951,3936473.024,3932276.218,4196.806001,0.07796781,1.76970728,-14.50661492,-19.9646694,-12.12465894,-7.81244271,90272480.84,96660791.13,43:23.8,High Risk
38151,YZY MONEY,YZY,FALSE,301070862.9,999999450.4,1000000000,2025-08-21T02:17:55.000Z,193,0.297447211,181751.3509,179086.7065,2664.644437,-0.00590853,0.29939254,-0.89044513,-0.12536735,-2.66832859,-8.76107327,89552688.44,297447210.8,43:23.8,Low Risk
10508,Fluid,FLUID,FALSE,78696996.82,100000000, ,2021-06-19T00:00:00.000Z,194,1.136244577,2053282.806,2040695.348,12587.45795,1.57376352,3.45032853,1.97853389,-31.36634609,-33.99153441,-52.61757373,89419035.86,113624457.7,43:23.8,High Risk
2586,Synthetix,SNX,FALSE,344516234.5,344939867.6,339889850.1,2018-03-14T00:00:00.000Z,195,0.257814384,5945806.272,5897806.768,47999.50404,1.51774706,4.48074744,5.91673251,-18.52608468,-16.08447937,-22.11629083,88821240.93,87628492.5,43:23.8,High Risk
23635,Four,FORM,FALSE,381867255.1,572301922.1,580000000,2023-02-22T12:30:00.000Z,196,0.230015708,5633995.802,5560589.662,73406.14005,0.87789007,-1.16795571,-8.9809751,-9.90298367,-17.19465138,-12.41727458,87835466.88,133409110.4,43:23.8,Medium Risk
36542,SOON,SOON,TRUE,514692419.7,998466231.3, ,2025-05-23T02:53:18.000Z,197,0.169854351,11035469.2,10343545.09,691924.1116,0.08389195,-3.61755815,4.59447808,4.7267521,-23.53778818,14.53618919,87422747.01,169593833.9,43:23.8,Medium Risk
1698,Horizen,ZEN,FALSE,18101332.87,21000000,21000000,2017-06-01T00:00:00.000Z,198,4.77679911,32338634.73,30284080.12,2054554.615,0.9323967,3.23077197,6.69032498,-19.76686826,-17.63125206,-26.67861742,86466430.76,100312781.3,43:23.8,High Risk
36119,Walrus,WAL,FALSE,2403125000,5000000000,5000000000,2025-03-26T06:11:29.000Z,200,0.035650965,11668192.18,9594847.106,2073345.078,1.64794914,-7.86025553,12.27435241,-50.74952854,-52.61789989,-58.71905231,85673724.45,178254823.3,43:23.8,High Risk
35347,Official Melania Meme,MELANIA,FALSE,999995973.8,999995973.8, ,2025-01-19T23:21:51.000Z,270,0.084134085,11855709.72,11801814.89,53894.83165,0.42627781,4.27870553,8.01990328,-14.73028653,-24.7605205,-29.31984397,84133745.81,84133745.81,43:23.8,High Risk
38341,Rain,RAIN,FALSE,6.22659E+11,1.14986E+12,1.14986E+12,2025-09-10T06:55:22.000Z,201,0.013979555,45940026.16,42049625.83,3890400.332,0.06496254,3.53114195,7.58492289,86.06865041,81.84884358,55.48720911,8704497789,16074467458,43:23.8,High Risk
33223,LAB,LAB,FALSE,312095186,1000000000,1000000000,2024-09-29T18:12:04.000Z,202,10.52587593,27116956.23,26648211.97,468744.2585,1.94190949,6.65459582,-3.65076742,111.1048686,1814.628571,5280.841662,3285075205,10525875928,43:23.8,High Risk
29256,Ondo US Dollar Yield,USDY,FALSE,1893048424,1893048424, ,2024-02-01T09:43:04.000Z,203,1.128950039,316277.6965,4303.005539,311974.691,0.00204657,-0.33130443,-0.5113938,-0.28752597,0.33489341,0.41901211,2137157091,2137157091,43:23.8,Low Risk
29160,HTX,HTX,FALSE,9.05708E+14,9.9999E+14,9.9999E+14,2024-01-24T14:36:45.000Z,204,1.70E-06,15468665.77,15467761.79,903.9784606,0.20518027,0.03708542,-1.69156251,-13.13097231,-4.86345482,1.55922516,1540769693,1701160701,43:23.8,Medium Risk
35721,Falcon USD,USDf,FALSE,1302855957,1302855957, ,2025-02-17T05:02:36.000Z,205,0.993894357,1164501.801,940180.5679,224321.2335,0.0097034,-0.14073285,-0.10805293,-0.51615385,-0.44692528,-0.44446992,1294901184,1294901184,43:23.8,Low Risk
37745,c8ntinuum,CTM,FALSE,4458369686,8888885548,8888888888,2025-08-13T12:46:20.000Z,206,0.19233805,14702867.55,689447.6096,14013419.95,-0.35026139,1.09151979,1.23402065,-9.05872689,56.34188616,80.12342299,857514133.3,1709671559,43:23.8,Medium Risk
28853,Jupiter Perps LP,JLP,FALSE,226114119.2,226114119.2, ,2023-12-26T23:55:42.000Z,207,3.573317309,4812497.828,269312.1983,4543185.63,0.50519592,2.96676534,7.15095271,-9.07359226,-9.52581181,-10.55231217,807977496,807977496,43:23.8,Medium Risk
3987,Beldex,BDX,FALSE,7738307480,9937927480, ,2019-06-07T00:00:00.000Z,208,0.082067012,6372831.965,6372819.351,12.61401729,0.33744243,1.772516,4.10633783,4.18838022,2.55308257,2.39126136,635059774.7,815576016.2,43:23.8,Medium Risk
23508,GHO,GHO,FALSE,599000000,599000000, ,2023-02-14T12:18:15.000Z,209,0.998972597,3397077.154,17165.40715,3379911.747,0.02783628,0.03426747,-0.03106491,-0.06194942,-0.06288562,-0.08770576,598384585.8,598384585.8,43:23.8,Low Risk
37741,TBLL tokenized ETF (xStock),TBLLX,FALSE,5397389.077,5397389.077, ,2026-04-23T11:13:14.000Z,210,105.48,7790.841298,7790.841298,0,0,0.04502405,-0.4060051,-0.79006772,-0.63118229,-0.63118229,569316599.8,569316599.8,43:23.8,Low Risk
39683,USDGO,USDGO,TRUE,561570682.9,561570682.9, ,2026-03-13T21:29:21.000Z,211,0.999910143,20362123.21,20362123.21,0,-0.0145059,0.00076433,-0.03305962,0.00227697,0.00904347,0.02083457,561520222,561520222,43:23.8,Low Risk
32307,Usual USD,USD0,TRUE,560258042.1,560258042.1, ,2024-07-22T03:23:27.000Z,212,0.998916299,1410805.98,0,1410805.98,-0.00900145,0.04468535,0.02945668,0.06201208,0.07313637,0.0807357,559650889.9,559650889.9,43:23.8,Low Risk
38948,Solstice USX,USX,TRUE,508217860,359692577, ,2025-11-14T10:19:49.000Z,213,1.001373167,5660342.214,4852014.901,808327.3134,-0.0053841,0.0378549,-0.06692236,0.17319533,0.16522759,0.17459261,508915727.8,360186494.9,43:23.8,Low Risk
38562,USDai,USDAI,TRUE,501351126,501351126, ,2025-10-03T11:30:16.000Z,214,0.999330182,65817.31955,0,65817.31955,-0.01495494,0.00049383,-0.04219357,-0.04022112,-0.1187146,-0.06509434,501015311.8,501015311.8,43:23.8,Low Risk
38339,Unibase,UB,FALSE,2500000000,10000000000,10000000000,2025-09-10T06:13:16.000Z,215,0.11715063,8513000.707,3738495.953,4774504.754,2.99583621,-2.68262924,-4.68766434,-18.14840539,225.0092033,275.9361567,292876575.9,1171506304,43:23.8,High Risk
33852,Ducky,DUCKY,FALSE,4.14401E+11,4.2069E+11,4.2069E+11,2024-11-08T08:29:44.000Z,216,0.000664834,86022.12916,0,86022.12916,0.36846604,1.24663796,5.75668214,-14.8430153,-11.75452145,-10.60804419,275507877.4,279689109.9,43:23.8,Medium Risk
6952,Legacy Frax Dollar,FRAX,FALSE,241847684,241847684, ,2020-09-08T00:00:00.000Z,217,0.993190903,807061.7315,0,807061.7315,0.08035433,0.07632407,0.03197426,-0.00477648,-0.09179084,0.03297057,240200919.7,240200919.7,43:23.8,Low Risk
39711,Strategy PP Variable tokenized stock (xStock),STRCX,FALSE,2372559.38,2372559.38, ,2026-03-18T09:47:16.000Z,218,99.67232827,151625.3334,8806.647623,142818.6858,-0.17346252,-0.23286232,-1.04909224,-3.67581849,-2.45034332,-0.72951864,236478517.4,236478517.4,43:23.8,Low Risk
27048,Ape and Pepe,APEPE,FALSE,2.1E+14,2.1E+14,2.1E+14,2024-07-24T07:49:58.000Z,219,1.07E-06,30843152,30835851.28,7300.714788,-0.09688949,-1.16635836,-0.98121039,-10.69582174,-17.24903814,-17.59694988,223837279.5,223837279.5,43:23.8,Medium Risk
7184,48 Club Token,KOGE,FALSE,3388228.43,3388228.434,3388228.434,2020-09-25T00:00:00.000Z,220,63.72761035,132524.8237,95785.35712,36739.46654,0.06315061,-1.20778164,2.90949337,94.30287106,32.75373768,32.74947923,215923701.2,215923701.4,43:23.8,High Risk
37028,Intel tokenized stock (xStock),INTCX,FALSE,1450411.577,1450411.577, ,2025-07-01T15:48:56.000Z,221,130.1828422,41881.7475,38524.55723,3357.190275,5.2285723,1.39316417,16.20328423,20.05067917,89.30179178,191.4976315,188818701.5,188818701.5,43:23.8,High Risk
38386,USAT,USAT,FALSE,187485243.5,187485243.5, ,2026-01-27T14:07:38.000Z,222,0.998591451,2845325.173,2845325.173,0,-0.00617132,-0.01182541,-0.07483438,-0.06141051,-0.11076954,-0.16141525,187221161.3,187221161.3,43:23.8,Low Risk
37298,Velvet,VELVET,FALSE,420791155.6,1000000000,1000000000,2025-07-09T10:28:24.000Z,223,0.437093286,28169214.24,21144044.24,7025169.991,3.12091029,30.73492512,19.68403276,273.1226729,505.8726757,441.2037546,183924989,437093286.1,43:23.8,High Risk
37050,Marvell tokenized stock (xStock),MRVLX,FALSE,558041.611,558041.611, ,2025-07-01T18:39:58.000Z,224,307.3368412,16296.72975,16296.72975,0,1.11490131,3.99880695,2.00359813,72.71936674,131.1672367,237.8441697,171506746,171506746,43:23.8,High Risk
34261,WeFi,WFI,FALSE,84537633.69,1000000000,1000000000,2024-11-27T18:54:49.000Z,225,2.022122495,1446461.165,1409882.608,36578.55656,0.15168168,-1.19870821,-1.04006339,-3.00858429,-2.60762535,-15.62833384,170945450.7,2022122495,43:23.8,Low Risk
2499,SwissBorg,BORG,FALSE,982252443.4,982252443.4,982602443,2018-02-02T00:00:00.000Z,226,0.170392878,228704.1396,0,228704.1396,0.55271544,3.44176849,10.32501212,-5.79538901,-12.66184888,-21.76060476,167368820.7,167428458.1,43:23.8,Medium Risk
37005,Circle tokenized stock (xStock),CRCLX,FALSE,1944555.691,1944555.691, ,2025-07-01T12:51:56.000Z,227,84.59163095,11344357.4,3640617.594,7703739.804,0.41738973,2.52958431,1.35483492,-23.45735114,-21.29265181,-36.9467441,164493137.4,164493137.4,43:23.8,High Risk
37006,SP500 tokenized ETF (xStock),SPYX,TRUE,216459.0245,216459.0245, ,2025-07-01T13:10:01.000Z,228,756.7957681,45376872.31,798387.4629,44578484.84,-0.00031045,0.27046333,1.4659364,1.94569708,7.3352584,11.68301299,163815273.7,163815273.7,43:23.8,Low Risk
39545,Billions Network,BILL,FALSE,2428194444,10000000000,10000000000,2026-05-02T06:10:51.000Z,229,0.067091668,95779353.93,92895614.88,2883739.052,0.68286538,-8.89079426,-4.82439681,-51.65585102,133.040305,133.040305,162911614.4,670916675.6,43:23.8,High Risk
4691,Zano,ZANO,FALSE,15329817.02,15329817.02, ,2020-01-17T00:00:00.000Z,230,10.41170922,1789865.047,1789865.047,0,-0.33572582,11.59177729,16.03136899,-4.83901347,8.05766334,44.82472417,159609597.3,159609597.3,43:23.8,High Risk
37004,Tesla tokenized stock (xStock),TSLAX,TRUE,389754.8444,389754.8444, ,2025-07-01T12:44:26.000Z,231,404.5763414,13966941.65,11877101.79,2089839.858,-0.19540157,-1.72448163,-1.55654539,-3.44281508,3.83759285,0.49583241,157685589,157685589,43:23.8,Low Risk
37057,Nasdaq tokenized ETF (xStock),QQQX,TRUE,209749.6181,209749.6181, ,2025-07-01T18:35:06.000Z,232,745.154025,1897701.972,1145609.559,752092.4129,0.14799512,1.0804321,3.17002786,4.97823721,16.11403644,22.62882264,156295772.1,156295772.1,43:23.8,Low Risk
39158,Bitway,BTW,FALSE,2200000000,10000000000,10000000000,2025-12-21T21:12:37.000Z,233,0.069463529,20293850.26,16928212.91,3365637.347,-0.33704476,-26.83302612,25.83018043,357.3994814,311.4647107,102.9060864,152819763.4,694635288,43:23.8,High Risk
38330,GUSD,GUSD,FALSE,149440000,320000000, ,2025-10-27T03:48:11.000Z,234,0.997893621,2525505.825,2525505.825,0,0.002605,0.0313656,-0.12102733,-0.09387233,-0.13078049,-0.13380498,149125222.7,319325958.7,43:23.8,Low Risk
36994,Apple tokenized stock (xStock),AAPLX,TRUE,500868.5768,500868.5768, ,2025-07-01T07:38:36.000Z,235,297.2280217,4621848.328,4578313.259,43535.06861,0.20296088,0.86945091,-1.36367868,-0.72509946,11.97264003,16.20260538,148872176.2,148872176.2,43:23.8,Low Risk
37041,Robinhood tokenized stock (xStock),HOODX,TRUE,1469705.1,1469705.1, ,2025-07-01T18:39:24.000Z,236,98.31164736,6145963.054,6035948.399,110014.6553,0.36036952,1.6169881,14.68021024,28.33766769,12.8662809,25.59083625,144489129.6,144489129.6,43:23.8,High Risk
37013,Alphabet tokenized stock (xStock),GOOGLX,TRUE,385720.7162,385720.7162, ,2025-07-01T14:12:11.000Z,237,369.323679,30320908.75,30097854.42,223054.3303,-0.14140569,0.93846726,1.35432445,-6.85463402,9.52429132,17.91000135,142455794,142455794,43:23.8,Low Risk
32864,AUSD,AUSD,TRUE,138696110.5,138696110.5, ,2024-08-28T06:01:57.000Z,238,0.999652657,9285297.522,153611.3758,9131686.146,0.00987045,-0.01105327,0.0078323,0.04713774,-0.01634654,-0.01587081,138647935.5,138647935.5,43:23.8,Low Risk
36992,NVIDIA tokenized stock (xStock),NVDAX,TRUE,654117.1265,654117.1265, ,2025-07-01T07:20:20.000Z,239,211.6273285,12521305.34,11277634.47,1243670.866,-0.05684482,0.81179812,0.62821258,-5.59434943,6.65215919,15.26108659,138429060,138429060,43:23.8,Low Risk
32796,EUR CoinVertible,EURCV,FALSE,118658205.1,118658205.1, ,2024-09-02T17:22:27.000Z,240,1.159445451,21779080.73,20738253.54,1040827.194,0.11188343,-0.00839483,0.44166228,-0.09029572,-1.69001521,0.67818449,137577716.1,137577716.2,43:23.8,Low Risk
36743,Ribbita by Virtuals,TIBBIR,FALSE,1000000000,1000000000,1000000000,2025-06-06T02:27:45.000Z,241,0.127104249,1252634.157,944312.896,308321.2612,1.58154,-0.50517254,16.43334004,19.53133279,-10.73502985,-22.51852418,127104249,127104249,43:23.8,High Risk
30605,Ailey,ALE,FALSE,486527777.8,1000000000,1000000000,2024-04-12T08:37:23.000Z,242,0.260247904,112513.617,112513.617,0,0.15401488,0.33563566,0.66292869,-1.69001316,-1.82893943,-3.88936797,126617834.5,260247904.3,43:23.8,Low Risk
29960,Shuffle,SHFL,FALSE,425234238.2,956134768.9, ,2024-03-19T11:06:35.000Z,243,0.297381053,543911.653,454944.1008,88967.55221,-0.00680262,0.61770434,-2.75564357,-3.5579894,0.10299247,17.74059196,126456605.3,284336364,43:23.8,Low Risk
36039,Frax USD,FRXUSD,FALSE,122908160.8,122908160.8, ,2025-03-16T04:43:36.000Z,244,0.999504623,3437546.502,0,3437546.502,-0.02535404,0.00365441,-0.02193211,-0.01028471,-0.04382817,-0.03357808,122847275,122847275,43:23.8,Low Risk
38056,Circle Internet Group Tokenized Stock (Ondo),CRCLon,FALSE,1427186.117,1427186.117, ,2025-09-03T10:55:40.000Z,245,84.59495465,8397431.438,6003269.938,2394161.501,0.26238926,2.63635617,1.6273168,-23.58415883,-21.30455265,-37.01255926,120732744.8,120732744.8,43:23.8,High Risk
10180,GoМining,GOMINING,FALSE,404266807.7,404266808,404266808,2021-06-01T00:00:00.000Z,246,0.287471528,12674553.55,12636573.92,37979.63267,-0.70888557,0.82822871,10.38313891,-5.03799199,-5.05043316,-8.72487282,116215197,116215197.1,43:23.8,Medium Risk
29933,Undeads Games,UDS,FALSE,99618132.19,250000000,250000000,2024-05-01T13:47:04.000Z,247,1.162491816,365523.981,365523.981,0,-0.05605272,-0.26434853,-0.56989003,-24.80528242,-24.74914558,-38.01443417,115805263.4,290622954.1,43:23.8,High Risk
35437,Aster USDF,USDF,FALSE,115415342.9,115415342.9, ,2025-01-24T04:03:42.000Z,248,0.999135372,80864.92245,50836.91158,30028.01087,0.00261185,-0.0258011,0.16632373,0.06345758,-0.03966217,-0.04951513,115315551.6,115315551.6,43:23.8,Low Risk
39177,TronBank,TBK,FALSE,185333390.4,1000000000,1000000000,2025-12-25T11:24:46.000Z,249,0.617765811,22785.74902,22785.74902,0,0.61714169,-0.47020397,-1.0735244,0.48979296,-2.4935771,66.82265968,114492632.2,617765811,43:23.8,Low Risk
39686,Backpack,BP,FALSE,249999847,999999847,1000000000,2026-03-16T12:23:52.000Z,250,0.453727095,4258043.913,2431923.25,1826120.663,-0.10052472,9.22313912,70.39290692,218.4147526,224.8730764,50.71626805,113431704.4,453727095.3,43:23.8,High Risk
38984,SUPERFORTUNE,GUA,FALSE,125000000,1000000000,1000000000,2025-11-24T21:08:08.000Z,251,0.877939139,2434691.759,2039237.247,395454.5114,3.62216139,24.16161897,15.78768982,-43.8410021,62.78966386,213.7088113,109742392.4,877939139.1,43:23.8,High Risk
38889,Block Street,BSB,FALSE,222650000,1000000000,1000000000,2026-03-03T03:20:34.000Z,252,0.48819152,112195359,77812011.63,34383347.41,4.36294299,72.86193385,60.17542726,2.8234175,86.0306033,261.1166209,108695842,488191520.4,43:23.8,High Risk
38283,Collector Crypt,CARDS,FALSE,410178417.4,1999705784,2000000000,2025-09-04T03:17:03.000Z,253,0.255965883,8226028.923,1633877.528,6592151.395,-1.33627959,0.29936707,29.96400925,124.0407102,356.5158476,560.9057051,104991680.8,511931766.2,43:23.8,High Risk
37024,Gold tokenized ETF (xStock),GLDX,FALSE,260255.2426,260255.2426, ,2025-07-01T15:49:18.000Z,254,398.1197796,298723.8355,240072.9252,58650.9103,0.12345188,0.18957765,0.26393446,-4.22360271,-9.61128776,-13.0969115,103612759.8,103612759.8,43:23.8,Low Risk
2933,BitMart Token,BMX,FALSE,324281616,626297236.4,881679315,2018-07-13T00:00:00.000Z,255,0.319402968,9614018.386,9614018.386,0,-0.04522294,6.67873789,5.90618702,1.24611443,-1.69164679,6.29923483,103576510.8,281610990.5,43:23.8,Medium Risk
28656,ViciCoin,VCNT,FALSE,6089111.776,3395868.238,10000000,2023-12-11T04:50:06.000Z,256,16.48931964,143372.2048,33169.68843,110202.5163,-0.28828694,-0.23252649,-1.94340347,-2.99314668,-9.45904658,-3.01392341,100405310.4,164893196.4,43:23.8,Low Risk
36762,StandX DUSD,DUSD,FALSE,100476360.1,100476360.1, ,2025-06-08T02:53:21.000Z,257,0.998750934,212026.0636,0,212026.0636,-0.02523042,0.00350433,-0.01781514,-0.06786437,-0.06694152,-0.07762242,100350858.5,100350858.5,43:23.8,Low Risk
15271,Rollbit Coin,RLB,FALSE,1647499063,1647499063, ,2021-11-29T06:53:35.000Z,258,0.060793263,246058.5971,0,246058.5971,-0.36540264,-0.05730509,-5.4990097,-5.4299847,3.41946578,6.80983997,100156843.3,100156843.3,43:23.8,Medium Risk
38947,Solstice eUSX,EUSX,TRUE,94343499,140284603, ,2025-11-14T10:17:15.000Z,259,1.039860598,3491996.992,3106696.306,385300.686,0.01786974,0.01073146,0.06039225,0.87110703,1.07890688,1.35294863,98104087.25,145876431.1,43:23.8,Low Risk
35818,SoSoValue,SOSO,FALSE,342001548,1000000000,1000000000,2025-02-19T07:26:46.000Z,260,0.286728024,4103421.43,1995736.817,2107684.613,-1.4574878,3.57174819,-19.35651471,-23.39158026,-33.9610255,-31.57523971,98061428.15,286728024.3,43:23.8,High Risk
10186,Smilek to the Bank,SMILEK,FALSE,1.9589E+12,2.00893E+12,2.00893E+12,2021-06-03T00:00:00.000Z,261,5.00E-05,55206.78809,0,55206.78809,0.00706467,0.00881644,-0.00298208,-0.00873393,-0.0577479,-0.074812,97892152.55,100392395.6,43:23.8,Low Risk
39699,AMD Tokenised Stock (xStock),AMDx,FALSE,177106.7769,177106.7769, ,2026-03-19T03:53:42.000Z,262,550.2976915,60776.87951,60776.87951,0,0.69265249,2.71679454,10.78999891,30.16171331,55.94912901,55.94912901,97461450.49,97461450.49,43:23.8,High Risk
20969,GEODNET,GEOD,FALSE,438777945,976569568,1000000000,2022-07-12T13:42:17.000Z,263,0.211999634,606556.5321,202242.7466,404313.7855,-1.61479065,-2.26347561,36.06576633,56.09314469,63.60182274,56.90976237,93020763.56,211999633.6,43:23.8,High Risk
33249,Wibegram,WIBE,FALSE,20385664,300000000,300000000,2024-10-01T16:53:51.000Z,264,4.47870707,450166.5857,450166.5857,0,-0.02375654,1.5680397,10.07678067,49.59524687,115.8172151,159.3893438,91301417.48,1343612121,43:23.8,High Risk
38767,Nockchain,NOCK,FALSE,2196619264,4294967296,4294967296,2025-10-23T04:12:18.000Z,265,0.040508626,1312080.742,517328.3651,794752.377,2.84412344,-10.11174806,-6.84861558,94.58152301,380.1201816,296.6359331,88982029.16,173983225.7,43:23.8,High Risk
37056,Microsoft tokenized stock (xStock),MSFTX,FALSE,219749.5149,219749.5149, ,2025-07-01T18:40:23.000Z,266,404.0720518,44605.68204,5041.040702,39564.64134,-0.06856631,1.14984216,-1.39379882,-3.5950738,-4.56376824,0.60238162,88794637.34,88794637.34,43:23.8,Low Risk
14721,RealLink,REAL,FALSE,1374041752,3283401475,12000000000,2021-11-17T15:51:26.000Z,267,0.064590031,6824930.472,6786405,38525.47217,0.85489144,3.33840752,15.03571497,-11.63455378,-10.00432815,2.89536658,88749399.21,775080370.7,43:23.8,High Risk
38014,Micron Technology Tokenized Stock (Ondo),MUon,FALSE,78542.53315,78542.53315, ,2025-09-03T10:55:38.000Z,268,1128.794461,12516739.78,3585474.857,8931264.926,3.7636034,6.8063562,14.10502456,59.67292385,149.3898876,138.9366103,88658376.39,88658376.39,43:23.8,High Risk
37055,Meta tokenized stock (xStock),METAX,TRUE,142561.2538,142561.2538, ,2025-07-01T18:40:19.000Z,269,595.5026334,1422500.608,1369402.514,53098.09396,-0.0016817,2.7231198,1.32221033,-2.59252202,-12.33714583,-4.81178548,84895602.04,84895602.04,43:23.8,Low Risk
36066,Keeta,KTA,FALSE,554254868.3,1000000000,1000000000,2025-03-19T07:00:47.000Z,199,0.155456127,2923770.915,1710423.509,1213347.406,3.16611978,1.81246387,-7.14654813,9.75561295,-12.19254889,-23.16400515,86162315.38,155456127.3,43:23.8,Medium Risk
35837,would,WOULD,FALSE,999452592.3,999452789.4,1000000000,2025-02-20T06:36:44.000Z,271,0.083568427,89201.06297,71572.48897,17628.57399,0.75325411,1.44367644,1.55555098,7.13473054,1.93236821,93.09164288,83522680.79,83568426.79,43:23.8,Medium Risk
38273,U.S. Dollar Tokenized Currency (Ondo),USDon,FALSE,81585824.89,81585824.89, ,2025-09-03T06:09:21.000Z,272,0.999493345,35603842.13,0,35603842.13,-0.0041806,0.01290875,-0.00771108,1.92584104,-0.05218192,-0.05139151,81544489.02,81544489.02,43:23.8,Low Risk
1684,Qtum,QTUM,FALSE,106046336.5,107822406,107822406,2017-05-24T00:00:00.000Z,273,0.75800274,9768664.993,9768664.993,0,0.96778087,2.29828306,9.90803089,-17.16251561,-20.44069359,-19.84682247,80383413.63,81729679.18,43:23.8,High Risk
36576,Huma Finance,HUMA,FALSE,3260843970,9999996010,10000000000,2025-05-26T11:00:00.000Z,274,0.024647797,7790451.954,7206816.874,583635.0798,0.38530871,2.66599726,3.85577715,5.85271654,36.79450856,33.91193099,80372621.79,246477974.8,43:23.8,Medium Risk
37032,Cisco tokenized stock (xStock),CSCOX,TRUE,666827.9874,666827.9874, ,2025-07-01T15:48:47.000Z,275,119.9142814,977.5886813,977.5886813,0,-3.81E-05,-1.77339577,-3.42815404,-0.1042835,39.82541283,49.38615607,79962198.96,79962198.96,43:23.8,Low Risk
28298,Beam,BEAM,FALSE,51300184687,58470184687,58470184687,2021-10-29T04:07:32.000Z,276,0.00155563,4979155.038,4838536.913,140618.1252,0.4805367,5.73122262,6.40414225,-13.0973209,-23.34473981,-26.46749499,79804096.34,90957962.05,43:23.8,High Risk
37003,MicroStrategy tokenized stock (xStock),MSTRX,TRUE,598273.0203,598273.0203, ,2025-07-01T12:32:41.000Z,277,133.0790756,2513101.178,1292145.857,1220955.321,1.41158072,1.1924017,5.86918117,-23.30476269,-11.99721868,-11.51205563,79617620.49,79617620.49,43:23.8,High Risk
9260,ZIGChain,ZIG,FALSE,1408940795,2000000000,1953940796,2021-04-16T00:00:00.000Z,278,0.056473446,7921976.114,7866930.305,55045.80873,-0.39784785,1.62052805,-4.0401918,28.68674866,105.052358,52.75695604,79567741.47,110345769.4,43:23.8,High Risk
38841,UnifAI Network,UAI,FALSE,239000000,1000000000,1000000000,2025-10-30T07:37:46.000Z,279,0.332092538,16676003.6,7888819.771,8787183.829,2.46596083,-11.91260022,16.66310313,46.48844012,47.46757512,-18.28500727,79370116.57,332092538,43:23.8,High Risk
25194,Joseon Mun,JSM,FALSE,3.1647E+11,2.4E+12,2.4E+12,2023-05-11T09:29:53.000Z,280,0.000249321,374068.6057,374068.6057,0,0.27321924,0.09251826,2.20167714,6.85821059,33.35615543,68.454348,78902729.33,598371252.9,43:23.8,Low Risk
36989,Coinbase tokenized stock (xStock),COINX,TRUE,455880.9732,455880.9732, ,2025-07-01T06:36:40.000Z,281,170.8063507,11014417.4,10851962.22,162455.1828,0.90434553,2.02574121,5.44248267,-10.7863409,-14.66355709,-19.51455656,77867365.36,77867365.36,43:23.8,Medium Risk
36828,Useless Coin,USELESS,FALSE,999084952.4,999084952.4,1000000000,2025-06-16T03:18:23.000Z,282,0.077594405,15577930.3,13274158.37,2303771.931,0.74378524,4.29659243,14.52286921,30.08325455,63.55449757,81.07525811,77523402.28,77594404.86,43:23.8,High Risk
38908,Allora,ALLO,FALSE,200500000,785499999,1000000000,2025-11-10T01:35:52.000Z,283,0.386887988,115780547.5,115778140.3,2407.210622,1.98517712,18.02618853,-18.88047026,351.0708287,240.7862615,219.9203141,77571041.63,386887988.2,43:23.8,High Risk
34926,AI Rig Complex,ARC,FALSE,999998319,999998319,999998319,2024-12-27T10:34:59.000Z,284,0.07688515,6076318.555,4658732.249,1417586.306,-0.00205767,-1.13464745,-8.20414577,21.5294986,5.07381336,107.4673594,76885020.43,76885020.43,43:23.8,High Risk
1896,0x Protocol,ZRX,FALSE,848396562.9,1000000000,1000000000,2017-08-16T00:00:00.000Z,285,0.090455653,9339718.443,9330590.151,9128.291453,1.01867257,2.39118435,6.40488734,-16.54351892,-19.64589142,-18.91765648,76742265.27,90455653.2,43:23.8,High Risk
39682,Pharos,PROS,TRUE,135600000,1000000000, ,2026-04-23T20:59:03.000Z,286,0.56420528,4087654.569,2890640.137,1197014.432,0.05167318,-5.77966576,-6.1176203,-21.93272229,-39.80976295,-39.80976295,76506235.91,564205279.5,43:23.8,High Risk
9104,AIOZ Network,AIOZ,FALSE,1259941701,1259941701, ,2021-04-02T00:00:00.000Z,287,0.060630458,6038793.032,5940764.6,98028.43196,0.2003709,3.30349659,5.90049507,-10.90303356,0.04420876,-12.26973616,76390842.38,76390842.38,43:23.8,Medium Risk
38909,Janction,JCT,FALSE,11493687500,50000000000,50000000000,2025-11-10T01:52:49.000Z,288,0.006623663,8073773.377,5156609.071,2917164.306,2.86314835,1.11604287,15.75826346,107.4319131,87.02395866,224.0640486,76130316.08,331183165,43:23.8,High Risk
39703,Vanguard Total World Tokenised ETF (xStock),VTx,FALSE,475771.6211,475771.6211, ,2026-03-19T03:53:45.000Z,289,159.59,3691.321328,3691.321328,0,0,0.96808266,2.78225027,3.35470501,6.46430954,6.46430954,75928393.01,75928393.01,43:23.8,Low Risk
1785,Gas,GAS,FALSE,64992331,64992331, ,2017-07-06T00:00:00.000Z,290,1.167062235,4094059.039,4094059.039,0,0.67774167,1.28270753,3.73742155,-26.08570924,-33.78991305,-28.58549304,75850095.07,75850095.07,43:23.8,High Risk
36313,TROLL (SOL),TROLL,FALSE,998771726,998771726,1000000000,2025-04-22T11:22:09.000Z,291,0.075699525,4246501.417,1943219.295,2303282.122,1.08952942,-8.21981007,-6.75237296,-34.65272568,389.4017368,418.0109161,75606544.74,75699524.5,43:23.8,High Risk
21330,lisUSD,lisUSD,FALSE,75372222.16,75372222.16, ,2022-08-09T14:34:08.000Z,292,0.998147616,2853.888177,0,2853.888177,0.04808143,0.02750997,0.04304402,0.07322487,-0.11058294,-0.0646321,75232603.88,75232603.88,43:23.8,Low Risk
38967,RaveDAO,RAVE,FALSE,252480555,1000000000,1000000000,2025-11-18T10:05:02.000Z,293,0.295411182,11816988.4,6812514.266,5004474.133,0.75187334,-3.2123268,-14.49085223,-49.75426572,-98.34475273,20.10361266,74585579.26,295411182.3,43:23.8,High Risk
35014,Derive,DRV,FALSE,737529683,1500000000,1500000000,2025-01-14T02:54:55.000Z,294,0.100927857,240611.0589,95353.17864,145257.8803,0.46518083,-0.87595937,-8.08738643,29.02476945,29.55978126,-17.33070608,74437290.26,151391785.3,43:23.8,High Risk
37456,OpenLedger,OPEN,FALSE,300172828,1000000000,1000000000,2025-07-22T08:35:29.000Z,295,0.247376976,19705691.19,18973107.6,732583.5912,3.67456787,4.16242087,16.68370152,38.65853238,14.08203113,56.30992111,74255846.46,247376976,43:23.8,High Risk
38236,Quack AI,Q,FALSE,4066713906,9999991598,10000000000,2025-08-29T10:41:46.000Z,296,0.01823844,4257939.463,3239396.933,1018542.53,4.82662424,9.53299212,6.23957759,-17.53743978,100.5792257,49.13046624,74170519.18,182384403.9,43:23.8,High Risk
37062,Palantir tokenized stock (xStock),PLTRX,FALSE,545972.9318,545972.9318, ,2025-07-01T18:35:10.000Z,297,135.8294231,30262.05123,12034.6016,18227.44963,-0.14580493,3.60627274,-0.23745451,0.05741509,-5.76767092,-9.78984984,74159188.35,74159188.35,43:23.8,Low Risk
2577,Ravencoin,RVN,FALSE,16300313906,16300313906,21000000000,2018-03-10T00:00:00.000Z,298,0.004542157,5292641.344,5292641.344,0,0.52935378,3.01195364,4.85161465,-19.23877008,-24.92578253,-22.45841073,74038586.05,95385298.47,43:23.8,High Risk
39870,USD.AI,CHIP,FALSE,2000000000,10000000000,10000000000,2026-04-16T10:28:18.000Z,299,0.036822271,73344058.39,72310548.88,1033509.509,-0.25053179,-13.3555012,7.17538508,-32.03127899,2.76430475,-0.23945402,73644542.13,368222710.7,43:23.8,High Risk
38942,USDsui,USDsui,TRUE,73574877.36,73574877.36, ,2026-03-13T21:15:43.000Z,300,0.99956659,1990734.959,0,1990734.959,0.07859288,0.08272858,-0.0109528,-0.07168124,-0.18060105,-0.07843257,73542989.26,73542989.26,43:23.8,Low Risk
39071,Cysic,CYS,FALSE,160800000,1000000000,1000000000,2025-12-08T10:31:59.000Z,301,0.456545394,3709434.015,2787304.712,922129.3034,-0.08864575,-3.29486668,3.55549491,-9.83722445,10.72942111,-13.69765606,73412499.42,456545394.4,43:23.8,Medium Risk
37338,TAC Protocol,TAC,TRUE,4650028659,10251200731, ,2025-07-14T12:32:20.000Z,302,0.015777966,2972623.418,2708113.406,264510.012,0.60353616,-3.14646446,-8.4179062,-31.18669822,184.3002401,280.132826,73367996.15,161743101.2,43:23.8,High Risk
5864,Yearn,YFI,FALSE,35815.94701,36646.35595, ,2020-07-18T00:00:00.000Z,303,2038.034828,6149838.441,6098153.925,51684.51541,0.95638121,5.60762269,6.47002157,-19.39315853,-26.13787755,-26.64361935,72994147.43,74686549.76,43:23.8,High Risk
11165,Orca,ORCA,FALSE,60798785.29,74999553.63, ,2021-08-05T00:00:00.000Z,304,1.200309992,34635103.18,32630758.61,2004344.565,0.80125241,6.2624812,16.82873103,-19.20665711,27.38804841,22.56979845,72977389.46,90022713.58,43:23.8,High Risk
25028,ORDI,ORDI,FALSE,21000000,21000000,21000000,2023-05-08T05:51:24.000Z,305,3.466986804,20614410.9,20614410.9,0,1.19715149,-1.55552915,12.07188261,-19.61790609,-53.62589215,29.51003926,72806722.89,72806722.89,43:23.8,High Risk
33881,Comedian,BAN,FALSE,999961859,999961859,999961859,2024-11-11T07:48:59.000Z,306,0.07273817,10617043.42,10343431.88,273611.5402,0.28395988,-4.30891118,2.63554036,-2.46517442,2.87236891,-9.89927905,72735395.69,72735395.69,43:23.8,Low Risk
24647,Berachain,BERA,TRUE,276848656.2,542487545.1, ,2025-02-06T13:00:00.000Z,307,0.262224966,18468034.43,18468034.43,0,1.17683453,-0.73799044,3.60312479,-29.46138791,-39.77177936,-59.05655382,72596629.56,142253778.3,43:23.8,High Risk
21585,Safe,SAFE,FALSE,749822766,1000000000,1000000000,2024-04-22T21:43:00.000Z,308,0.096635802,895647.7211,872389.4376,23258.28355,0.58029232,1.83459478,5.51324735,-30.38414966,-39.60536852,-18.02341445,72459724.51,96635802.21,43:23.8,High Risk
37986,Light,LIGHT,FALSE,645723042.7,919835649.6,1000000000,2025-08-15T14:59:54.000Z,310,0.111778259,0,0,0,0.83105028,-1.06604973,-6.80802696,-20.49785721,-44.50366932,-46.69231789,72177797.72,111778259.3,43:23.8,High Risk
37387,BNB Attestation Service,BAS,FALSE,2500000000,10000000000,10000000000,2025-07-17T02:40:52.000Z,309,0.028980041,6880289.256,1340751.734,5539537.522,-2.4346491,-12.14315583,-17.46519621,33.74838208,300.4963195,239.5157379,72450101.87,289800407.5,43:23.8,High Risk
36804,Lumera Health,LUR,FALSE,14903870.09,100000000,100000000,2025-06-12T04:13:30.000Z,311,4.843937616,652367.815,652367.815,0,-0.1147013,-0.76341265,5.15807712,15.89859038,30.03627956,28.96013331,72193416.93,484393761.6,43:23.8,Medium Risk
39332,Zama,ZAMA,TRUE,2200000000,11000000000, ,2026-02-02T12:00:00.000Z,312,0.032779704,24506816.74,21858890.66,2647926.077,0.97738573,8.01895763,15.70401805,23.37591928,11.43065615,43.43340106,72115349.34,360576746.7,43:23.8,High Risk
39121,Magma Finance,MAGMA,FALSE,190000000,1000000000,1000000000,2025-12-12T08:51:05.000Z,313,0.378293423,5790082.643,5760488.055,29594.58762,-0.49699908,5.00952302,-5.944864,69.66366967,84.43916807,246.9705198,71875750.3,378293422.6,43:23.8,High Risk
37049,Linde tokenized stock (xStock),LINX,FALSE,139650.5716,139650.5716, ,2025-07-01T18:39:57.000Z,314,511.63,96.26011472,96.26011472,0,-3.66597628,-0.77823815,2.77822419,0.44171346,2.57217322,1.63892089,71449421.97,71449421.97,43:23.8,Low Risk
34332,Purr,PURR,FALSE,595342752,595342752,1000000000,2024-11-30T08:18:42.000Z,315,0.117922352,2854017.032,145128.7087,2708888.323,2.22501978,17.1246725,26.90197497,74.4392787,41.19246472,18.70990259,70204217.3,117922351.6,43:23.8,High Risk
5350,XPR Network,XPR,FALSE,29167882477,32198981785, ,2020-04-06T00:00:00.000Z,316,0.002399871,1791136.644,1742907.465,48229.17902,0.14827001,6.27621718,10.24387861,-11.68415911,2.81904772,-0.67211791,69999164.96,77273413.29,43:23.8,High Risk
5034,Kusama,KSM,TRUE,18369300.34,18369300.34, ,2019-12-12T00:00:00.000Z,317,3.809556807,5753457.039,5753457.039,0,0.73070471,1.62460742,4.67873673,-26.13195133,-28.08132629,-21.05189716,69978893.13,69978893.13,43:23.8,High Risk
34812,Bio Protocol,BIO,FALSE,2209867264,3311020199,3320000000,2024-12-23T08:13:52.000Z,318,0.031415687,35695314.69,35304201.62,391113.068,1.14089939,-3.33205276,3.16516295,-21.41793924,-5.35675498,36.66619213,69424498.44,104300081.1,43:23.8,High Risk
37033,Coca-Cola tokenized stock (xStock),KOX,TRUE,852842.3659,852842.3659, ,2025-07-01T15:48:32.000Z,319,81.23309416,3624.942373,2522.932476,1102.009897,-0.49603721,-2.27375257,0.30665266,-1.03284467,6.51374316,2.8865414,69279024.22,69279024.22,43:23.8,Low Risk
39070,Kinetiq,KNTQ,FALSE,280476190.5,1000000000,1000000000,2025-12-08T10:25:31.000Z,320,0.245374105,2349311.128,315508.4193,2033802.708,0.77067714,8.75126954,-3.19205615,66.89407713,88.21295554,61.52213795,68821594.17,245374104.8,43:23.8,High Risk
38051,iShares Core S&P 500 Tokenized ETF (Ondo),IVVon,FALSE,89886.87686,89886.87686, ,2025-09-03T10:55:34.000Z,321,763.3024328,1182416.226,1081784.966,100631.2605,0.11648847,1.18524116,1.98595113,1.94619911,7.43581882,12.27924629,68610871.79,68610871.79,43:23.8,Low Risk
39707,Core MSCI Emerging Markets Tokenised ETF (xStock),IEMGx,FALSE,805541.3157,805541.3157, ,2026-03-19T03:53:43.000Z,322,84.75,92.22452625,92.22452625,0,0,0.19172973,5.01858736,6.18970054,8.04436512,8.04436512,68269626.51,68269626.51,43:23.8,Medium Risk
35269,MetYa,MY,FALSE,986443354,994243268,1000000000,2025-01-16T09:10:51.000Z,323,0.068941101,131637.2015,81289.921,50347.28053,1.37706287,0.28527563,-13.01395357,38.83184361,12.92214486,-11.24834391,68006491.27,68941101.38,43:23.8,High Risk
29169,Qubic,QUBIC,FALSE,1.38616E+14,1.71767E+14,2E+14,2024-01-25T10:29:06.000Z,324,4.91E-07,1211845.177,1211845.177,0,-0.50503221,1.26597544,8.46341889,-12.98853679,-36.00994194,-48.68405536,68051292.35,98186492.37,43:23.8,Medium Risk
34880,Alchemist AI,ALCH,FALSE,850000000,1000000000,1000000000,2024-12-26T08:47:25.000Z,325,0.079287455,15343796.92,14618785.95,725010.9675,-0.46545721,18.69323213,30.38110242,-1.17031599,3.93775482,7.16439861,67394337.02,79287455.32,43:23.8,High Risk
39689,Playnance,GCOIN,FALSE,25026000000,77000000000,77000000000,2026-03-19T06:10:00.000Z,326,0.002666176,474582.188,474582.188,0,-0.92717008,-2.47240885,50.64792249,91.24265845,429.3652035,121.2059911,66723720,205295550.2,43:23.8,High Risk
32198,Babylon,BABY,TRUE,3710873990,10830564177, ,2024-07-15T10:03:41.000Z,327,0.017966855,365550017.7,365550017.7,0,2.62413651,5.93294139,18.31976145,-5.83488213,11.88945105,33.00579986,66672734.08,194591173.8,43:23.8,High Risk
2469,Zilliqa,ZIL,FALSE,20043798016,20485753371,21000000000,2018-01-25T00:00:00.000Z,328,0.003316372,5736047.68,5735197.144,850.5360716,0.88859417,1.40762194,7.48425679,-16.74762038,-18.96217519,-27.36271656,66472686.7,69643808.01,43:23.8,High Risk
36302,MindWaveDAO,NILA,FALSE,842766176.6,1057021569,1057021569,2025-04-21T11:51:29.000Z,329,0.078599939,210081.5056,210081.5056,0,-0.43660437,-0.25064595,0.10004826,-0.60172505,-0.41164312,-3.72087872,66241370,83081830.76,43:23.8,Low Risk
35364,Plume,PLUME,FALSE,5757677709,10000000000,10000000000,2025-01-20T17:00:10.000Z,330,0.011408672,13354798.53,13349259.11,5539.417926,1.19925623,1.89302274,2.9537884,-2.90216903,-11.86608436,-5.87053661,65687457.09,114086721.1,43:23.8,Low Risk
20964,Law Blocks (AI),LBT,FALSE,244997988,1000000000, ,2022-07-12T13:21:06.000Z,331,0.267548126,664999.1637,664999.1637,0,0.03814797,11.54371421,10.35944209,31.63509702,32.19609063,21.32268527,65548752.57,267548126,43:23.8,High Risk
38770,MegaETH,MEGA,FALSE,1129792788,10000000000,10000000000,2025-10-23T05:09:35.000Z,332,0.057929676,82729140.59,82632886.27,96254.32679,1.21929134,-11.89737272,19.22094219,-39.34969816,-58.04228001,-56.8384346,65448529.69,579296755.9,43:23.8,High Risk
38337,0G,0G,TRUE,213243998,1000000000, ,2025-09-10T06:05:00.000Z,333,0.306385464,16031900.56,15999839.24,32061.31845,0.37110231,-2.78846028,1.61925792,-38.673084,-50.42732849,-47.75196479,65334861.18,306385463.6,43:23.8,High Risk
38489,ChainOpera AI,COAI,FALSE,188000098,1000000000,1000000000,2025-09-23T11:09:53.000Z,334,0.347049386,20152763.81,9432924.757,10719839.05,1.04501432,3.56582827,41.14775583,6.53520258,-2.43460812,7.74068711,65245318.65,347049386.4,43:23.8,High Risk
1732,Numeraire,NMR,FALSE,7493266.631,10634471.78,11000000,2017-06-23T00:00:00.000Z,335,8.691541133,5206886.865,5196986.378,9900.487094,0.46236916,1.95758991,0.12678509,-16.21963393,1.51194363,7.04724689,65128035.14,95606952.46,43:23.8,Medium Risk
2130,Enjin Coin,ENJ,TRUE,1974856434,1998049474, ,2017-11-01T00:00:00.000Z,337,0.032880526,11931978.16,11931978.16,0,1.36319894,6.22689297,8.73117122,-21.8860012,-52.40621564,9.3398073,64934318.21,65696917.55,43:23.8,High Risk
30933,Dog (Bitcoin),DOG,FALSE,1E+11,1E+11,1E+11,2024-04-26T04:38:28.000Z,336,0.000651021,777322.3895,750622.7237,26699.66581,-1.02480493,-1.12245517,1.20461516,-15.84470898,-21.40277987,-20.51962222,65102122.58,65102122.58,43:23.8,Medium Risk
29835,io.net,IO,FALSE,349537102.2,800000000,800000000,2024-06-06T04:47:03.000Z,338,0.184720098,41411053.68,41172544.38,238509.2956,1.93070505,-4.3653192,18.69499474,37.43179121,64.77742049,58.17203902,64566527.92,147776078.7,43:23.8,High Risk
29743,Brett (Based),BRETT,FALSE,9999997545,9999997545,9999997545,2024-03-11T07:58:23.000Z,339,0.006446007,19617867.01,19216665.17,401201.8475,0.6472209,-3.13382827,17.37154003,-19.93532271,-17.04069843,-21.53861131,64460056.03,64460056.03,43:23.8,High Risk
19075,ECOMI,OMI,FALSE,2.8256E+11,3.05279E+11, ,2022-03-25T10:29:22.000Z,340,0.000227606,772862.0164,727930.6428,44931.37354,0.23843199,-3.41355733,-16.20321301,62.6003525,56.13250302,85.51730763,64312417.04,69483243.27,43:23.8,High Risk
36056,Xphere,XP,FALSE,2783100430,2783100430,5500000000,2025-03-18T03:08:15.000Z,341,0.023109437,1028552.01,1028552.01,0,1.02876418,-12.62992271,-22.53969027,-66.92694807,86.21428062,299.7543945,64315884.06,127101903.5,43:23.8,High Risk
8290,SuperVerse,SUPER,FALSE,640162626.4,999998077.4,999998077.4,2021-01-20T00:00:00.000Z,342,0.099969776,4655209.898,4596512.326,58697.57207,0.88171861,0.64333761,8.43897304,-16.24941776,-19.44222677,-17.96511264,63996914.67,99969584.27,43:23.8,High Risk
24911,Turbo,TURBO,FALSE,68999999990,68999999990,69000000000,2023-05-01T00:30:00.000Z,343,0.000923101,8605032.844,8593103.55,11929.29399,0.98680521,0.09520835,8.80140676,-21.55730742,-23.20689509,-12.57289354,63693977.38,63693977.39,43:23.8,High Risk
3822,Theta Fuel,TFUEL,FALSE,7367184440,7367184440, ,2019-03-28T00:00:00.000Z,344,0.008639535,1968923.232,1968923.232,0,0.38160155,2.71965054,4.38913801,-21.41451448,-27.77026352,-35.47180304,63649047.49,63649047.49,43:23.8,High Risk
37063,Pfizer tokenized stock (xStock),PFEX,FALSE,2437301.017,2437301.017, ,2025-07-01T18:40:54.000Z,345,25.93,142.8701512,142.8701512,0,0.54284606,-0.852523,0.89494163,2.73375594,-4.94868035,-4.8440367,63199215.37,63199215.37,43:23.8,Low Risk
38353,Meteora,MET,FALSE,523992144.8,997734157.8,1000000000,2025-09-10T23:40:19.000Z,346,0.119810889,16774848.34,15734449.07,1040399.271,0.87133752,6.05760721,18.20018681,-19.14541895,-19.88629851,-25.94796014,62779964.5,119810888.6,43:23.8,High Risk
10407,Baby Doge Coin,BabyDoge,FALSE,1.79E+17,2.03E+17, ,2021-06-11T00:00:00.000Z,347,3.50E-10,4043786.872,3868744.216,175042.6565,0.85764218,1.71766011,3.92345204,-15.86015399,-20.09703683,-19.84417062,62655834.08,70848249.32,43:23.8,Medium Risk
39549,Fidelity Digital Dollar,FIDD,TRUE,62601060,62601060, ,2026-02-05T10:02:39.000Z,348,0.999766112,3897839.733,3897839.733,0,0.03531031,0.03769206,-0.00068812,0.01568328,0.00967486,0.02055954,62586418.39,62586418.39,43:23.8,Low Risk
7127,Velo,VELO,FALSE,17563876115,23999804349,24000000000,2020-09-21T00:00:00.000Z,349,0.003542507,2674696.501,2545553.053,129143.4476,0.52605756,1.3396942,3.3376019,-5.10497894,2.59223528,-28.27234931,62220156.77,85020171.67,43:23.8,Medium Risk
11857,GMX,GMX,FALSE,10415598.11,10415598.11,13250000,2021-09-13T12:11:50.000Z,350,5.947165486,3187085.845,3115744.465,71341.38062,0.76014337,1.56782083,5.97477193,-11.66586229,-7.18371303,-11.97553654,61943285.59,78799942.69,43:23.8,Medium Risk
20279,Dohrnii,DHN,FALSE,17075042,372000000,372000000,2022-05-25T04:32:53.000Z,351,3.564757528,398892.1801,398892.1801,0,0.25176549,-0.33232758,1.05431649,-9.24643907,-11.46932798,-28.10826088,60868384.52,1326089801,43:23.8,Medium Risk
29587,Wormhole,W,FALSE,6024763462,10000000000,10000000000,2024-03-29T04:25:44.000Z,352,0.010058053,103085464.7,103064535.6,20929.16267,0.95752594,-1.15442318,8.96705074,-22.31070043,-23.06233682,-48.27620759,60597390.58,100580530.6,43:23.8,High Risk
7959,Venus BUSD,vBUSD,FALSE,2694770470,2694770470, ,2020-12-12T00:00:00.000Z,353,0.02230316,0,0,0,-0.039988,-0.04998001,-0.019998,0.020006,-0.01,-0.039988,60101896.78,60101896.78,43:23.8,Low Risk
18031,Concordium,CCD,FALSE,12609794812,14513438260, ,2022-02-10T07:51:08.000Z,354,0.004726223,182941.9045,182941.9045,0,0.00214821,6.21334327,2.34504818,-14.27889946,-0.57834444,-6.06132021,59596696.8,68593739.42,43:23.8,Medium Risk
37051,Mastercard tokenized stock (xStock),MAX,TRUE,121923.9642,121923.9642, ,2025-07-01T18:39:57.000Z,355,488.3448374,0,0,0,0,0,-1.26370497,-0.54853858,-6.35536792,-4.99070537,59540938.48,59540938.48,43:23.8,Low Risk
37025,Goldman Sachs tokenized stock (xStock),GSX,FALSE,56418.66715,56418.66715, ,2025-07-01T15:49:12.000Z,356,1054.65,29.6883975,29.6883975,0,-2.70935961,-1.91046586,1.69908296,11.71429782,16.7526458,28.40601943,59501947.31,59501947.31,43:23.8,Medium Risk
36912,Targon,SN4,FALSE,4414652,4414652,21000000,2025-06-20T21:26:01.000Z,357,13.4330314,307305.2514,0,307305.2514,0.34634642,-0.35663611,19.32826113,-5.83798698,-0.80541879,1.09718398,59302158.95,282093659.5,43:23.8,High Risk
35537,Jelly-My-Jelly,JELLYJELLY,FALSE,999999099,999999099, ,2025-01-30T08:23:28.000Z,358,0.059326572,9422933.101,7306240.537,2116692.564,0.36846773,-8.37343384,0.12707342,-10.29573408,19.90305587,8.82907024,59326518.05,59326518.05,43:23.8,Medium Risk
37040,Procter & Gamble tokenized stock (xStock),PGX,TRUE,383598.4383,383598.4383, ,2025-07-01T18:39:23.000Z,359,154.5821505,31242.18999,31242.18999,0,-0.02162396,0.93339342,3.18533905,5.54684917,6.06079708,0.71196922,59297471.5,59297471.5,43:23.8,Low Risk
39702,Schwab International Equity Tokenised ETF (xStock),SCHFx,FALSE,2086374.016,2086374.016, ,2026-03-19T03:53:44.000Z,360,28.2,656.3000946,656.3000946,0,0,-1.22591944,3.52422907,5.2238806,9.3871218,9.3871218,58835747.25,58835747.25,43:23.8,Low Risk
38186,Diem,DIEM,TRUE,38416.32744,37406.34352, ,2025-08-25T10:46:22.000Z,361,1519.790969,1559510.675,85260.33248,1474250.342,0.25402591,-1.68885014,9.48358765,1.09494531,41.5375618,98.56446089,58384787.5,56849823.06,43:23.8,Medium Risk
36080,MultiBank Group,MBG,FALSE,248129744.9,977514798,1000000000,2025-07-17T15:10:11.000Z,362,0.234595572,2699390.622,2651661.53,47729.09272,0.390066,-3.41282909,-14.42800318,-26.7208084,-29.98042561,-29.64384141,58210139.38,234595571.8,43:23.8,High Risk
40137,iShares Semiconductor tokenized ETF (xStock),SOXXx,FALSE,92620.62883,92620.62883, ,2026-06-10T06:33:24.000Z,363,627.22,1934.278113,1934.278113,0,0,5.75404912,13.56920403,13.56920403,13.56920403,13.56920403,58093510.81,58093510.81,43:23.8,High Risk
37018,AstraZeneca tokenized stock (xStock),AZNX,TRUE,566176.6631,566176.6631, ,2025-07-01T15:49:32.000Z,364,102.1669958,775760.2495,775760.2495,0,-0.1800553,-1.88580282,-1.57816854,-0.19072214,1.06258652,7.3431869,57844568.74,57844568.74,43:23.8,Low Risk
2682,Holo,HOT,TRUE,1.76229E+11,1.77619E+11, ,2018-04-29T00:00:00.000Z,365,0.000327359,4226836.798,4226836.05,0.74805056,1.21353666,3.02205781,6.96562824,-19.60992948,-24.49949256,-31.14509337,57689906.17,58145232.44,43:23.8,High Risk
3951,Pirate Chain,ARRR,FALSE,196213798,196213798, ,2019-05-22T00:00:00.000Z,366,0.293836468,117202.0185,117202.0185,0,10.20421602,2.08705873,4.69866208,23.59225848,56.7361246,15.11229057,57654769.36,57654769.36,43:23.8,High Risk
21259,ZetaChain,ZETA,FALSE,1461177083,2100000000,2100000000,2022-08-05T02:45:23.000Z,366,0.039472631,5207417.303,5207417.303,0,1.08421053,0.83860141,12.91824442,-23.77218199,-37.9428541,-28.40478175,57676504.45,82892526,43:23.8,High Risk
32644,Eurite,EURI,TRUE,49618528,49618528, ,2024-08-26T07:13:12.000Z,368,1.16007652,13213184.08,13211218.84,1965.236513,0.08899831,-0.03107091,0.46087518,-0.14139383,-1.63954444,0.63891173,57561289.28,57561289.28,43:23.8,Low Risk
35637,BitDCA,BDCA,FALSE,81977445.81,142665333,142665333,2025-02-07T06:36:58.000Z,369,0.695585266,169658.6559,156478.0621,13180.5938,0.7370894,2.23724553,4.8450804,2.14987433,0.34090834,-8.47566218,57022303.45,99235903.6,43:23.8,Low Risk
4948,Nervos Network,CKB,TRUE,48962001510,49777345955, ,2019-11-19T00:00:00.000Z,370,0.001162097,3987813.821,3987813.821,0,0.81578752,0.25785215,8.85183789,-21.26297989,-26.81815798,-27.00734515,56898595.87,57846105.22,43:23.8,High Risk
40153,iShares MSCI Germany tokenized ETF (xStock),EWGx,FALSE,1441481.325,1441481.325, ,2026-06-10T06:33:24.000Z,371,39.46,18.56715326,18.56715326,0,0,-0.01773634,-8.42422836,-8.42422836,-8.42422836,-8.42422836,56880853.08,56880853.08,43:23.8,Medium Risk
8646,Mina,MINA,TRUE,1287249413,1287249413, ,2021-03-02T00:00:00.000Z,372,0.044067411,4709504.248,4709504.248,0,0.86793495,-0.31421492,3.79585455,-25.35825617,-27.09090545,-29.13531097,56725748.56,56725748.56,43:23.8,High Risk
27750,Toshi,TOSHI,FALSE,4.20669E+11,4.2069E+11,4.2069E+11,2023-08-04T09:39:48.000Z,373,0.00013462,7849130.804,7678946.786,170184.0173,1.22407371,-0.7374976,10.54431449,-23.61878483,-28.82317749,-41.26777123,56630505.95,56633282.3,43:23.8,High Risk
5665,Helium,HNT,FALSE,186321438.3,186321438.3,223000000,2020-06-05T00:00:00.000Z,374,0.30082098,6487640.485,6359919.823,127720.6623,0.68158676,-0.12553227,-24.80192896,-64.340355,-71.66156216,-76.61911664,56049397.58,67083078.45,43:23.8,High Risk
37414,Yooldo,ESPORTS,FALSE,589161558.8,899999019.8,900000000,2025-07-18T07:57:28.000Z,375,0.094424547,6011599.283,4330274.923,1681324.36,2.19450878,41.9291694,14.20476251,-86.51497151,-76.41098267,-71.41200791,55631313.18,84982092.12,43:23.8,High Risk
36569,Spark,SPK,FALSE,2799503561,10000000000,10000000000,2025-05-21T08:03:34.000Z,375,0.01994648,15950293.58,15799754.83,150538.7449,0.18807171,-2.08750639,2.27430143,-35.11142939,-17.65153069,-13.49965783,55840241.55,199464799.1,43:23.8,High Risk
37044,TQQQ tokenized ETF (xStock),TQQQX,FALSE,655672.5155,655672.5155, ,2025-07-01T18:39:40.000Z,376,84.92382608,24470.82284,24470.82284,0,2.40020299,3.07026351,9.37822461,14.97094235,49.55779589,74.88876039,55682218.67,55682218.67,43:23.8,High Risk
39880,Asteroid Shiba,ASTEROID,FALSE,4.2069E+11,4.2069E+11,4.2069E+11,2026-04-19T02:38:14.000Z,377,0.000132234,16267830.79,6279731.573,9988099.222,7.09275451,37.51129914,51.54935329,-66.67746079,272.1124106,234726.7738,55629637.99,55629637.99,43:23.8,High Risk
37014,Amazon tokenized stock (xStock),AMZNX,TRUE,224525.0527,300884.7635, ,2025-07-01T14:12:20.000Z,379,247.4600046,12442280.45,12386897.41,55383.04128,-0.01901099,2.38046678,0.72931346,-5.63879084,-0.97598836,14.73450929,55560970.56,74456944.95,43:23.8,Low Risk
17799,Axelar,AXL,FALSE,1187479754,1244245667, ,2022-02-02T02:48:14.000Z,380,0.04662285,5788012.961,5782166.916,5846.04481,0.79426094,1.2003218,7.37274171,-22.92331224,-21.52001626,-20.40120045,55363690.13,58010278.8,43:23.8,High Risk
37046,Visa tokenized stock (xStock),VX,FALSE,172214.0436,172214.0436, ,2025-07-01T18:39:43.000Z,381,321.2995866,312.1090573,187.198655,124.9104023,-1.22281577,-2.2306623,-1.56915545,-1.71064308,1.09164854,3.43815162,55332301.01,55332301.01,43:23.8,Low Risk
30651,Quantix Finance,QFI,FALSE,1000000,10000000,10000000,2024-04-16T17:33:45.000Z,382,54.98283568,2598785.766,2598785.766,0,-0.42048023,0.58064161,2.62236821,-9.47321945,-4.873213,-13.9108462,54982835.68,549828356.8,43:23.8,Medium Risk
6958,Alchemy Pay,ACH,FALSE,10000000000,15346246088,15346246088,2020-09-09T00:00:00.000Z,383,0.00550281,7059755.133,7059006.52,748.6127584,1.16115843,-0.98447379,6.03454247,-24.04857334,-12.32133586,-26.1855005,55028100.17,84447476.7,43:23.8,High Risk
36410,MYX Finance,MYX,FALSE,330126090.4,1000000000,1000000000,2025-05-05T03:08:48.000Z,384,0.166631371,13715757.27,12761560.65,954196.6234,0.95922694,-0.46267503,-37.66273389,-15.80309218,-38.84242777,-49.96786211,55009363.19,166631371.4,43:23.8,High Risk
37047,Vanguard tokenized ETF (xStock),VTIX,TRUE,148276.1751,148276.1751, ,2025-07-01T18:39:42.000Z,385,372.437195,1358.175234,1358.175234,0,0.46057959,-1.44903638,0.63912522,1.88164981,6.701069,13.30692047,55223562.74,55223562.74,43:23.8,Low Risk
5198,Creditcoin,CTC,FALSE,540658812,549564264,600000000,2020-01-31T00:00:00.000Z,386,0.101549497,6754443.535,6754443.535,0,1.52492104,5.87573275,13.62090012,-30.94888032,-35.09289319,-41.57862415,54903630.63,60929698.45,43:23.8,High Risk
37059,Oracle tokenized stock (xStock),ORCLX,FALSE,283359.3773,283359.3773, ,2025-07-01T18:35:09.000Z,387,193.2638834,82009.49212,82009.49212,0,2.23612056,1.33071612,-9.9376919,-1.91070935,6.68949919,24.52149758,54763133.65,54763133.65,43:23.8,Medium Risk
7653,Oasis,ROSE,FALSE,7787652600,10000000000,10000000000,2020-11-12T00:00:00.000Z,388,0.007005911,7541599.461,7541599.461,0,0.26806263,6.07075375,9.16959157,-30.59755279,-40.24189513,-45.66558598,54559597.43,70059105.4,43:23.8,High Risk
37035,CrowdStrike tokenized stock (xStock),CRWDX,TRUE,78141.67,78141.67, ,2025-07-01T15:48:31.000Z,389,695.0340684,911.0497108,911.0497108,0,1.0778465,-1.30826126,6.48208868,15.87622447,65.46035951,59.20291403,54311122.81,54311122.81,43:23.8,Medium Risk
38408,Lombard,BARD,FALSE,322500000,1000000000,1000000000,2025-09-16T05:37:38.000Z,390,0.168376388,8752518.623,8752437.177,81.44618564,0.37579148,-1.38603446,5.43961847,-32.84593488,-48.74091003,-84.36353179,54301385.2,168376388.2,43:23.8,High Risk
39701,Global X Copper Miners Tokenised ETF (xStock),COPXx,FALSE,608016.8657,608016.8657, ,2026-03-19T03:53:45.000Z,391,89.27,3331.434636,3331.434636,0,0,0.94990388,7.54126009,2.88118013,13.07156428,13.07156428,54277665.6,54277665.6,43:23.8,Medium Risk
16093,KUB Coin,KUB,FALSE,68974776,110000000,110000000,2021-12-15T10:23:05.000Z,392,0.771156023,199538.0533,199538.0533,0,0.05351691,-0.33786486,-0.49136648,-7.21808286,-9.66166899,-17.49079505,53190313.94,84827162.51,43:23.8,Low Risk
6758,SushiSwap,SUSHI,FALSE,286835036.1,291514753.9, ,2020-08-28T00:00:00.000Z,393,0.185154719,12000462.94,11876284.41,124178.5263,1.57416217,2.47789711,12.8108922,-13.56924014,-13.88388293,-15.87915776,53108860.58,53975332.43,43:23.8,High Risk
23121,Blur,BLUR,FALSE,2822227759,3000000000, ,2023-02-13T15:07:24.000Z,394,0.01875713,16256252.16,16256243.08,9.08570086,1.3935903,0.96506755,6.20966483,-20.74192388,-25.45806041,-11.07831439,52936894.11,56271391.21,43:23.8,High Risk
37448,AIHub,AIH,FALSE,1170000,100000000,100000000,2025-07-21T09:50:51.000Z,395,45.23414768,0,0,0,0.11168489,-7.72365586,2.06595969,29.36452602,37.582364,53.6663465,52923952.78,4523414768,43:23.8,High Risk
37070,Impossible Cloud Network,ICNT,FALSE,253006129,700000000,700000000,2025-07-02T03:41:23.000Z,397,0.208178794,4088987.905,3930735.448,158252.4568,-0.36472425,-2.82256211,-6.34920918,-35.90350919,-43.14409218,-49.12286086,52670510.73,145725155.6,43:23.8,High Risk
2299,aelf,ELF,FALSE,822044093,996445551.3, ,2017-12-21T00:00:00.000Z,397,0.064113028,1325161.281,1324369.944,791.3368387,-1.7710505,-1.82205047,-0.34410304,-20.70736671,-20.6345029,-22.68130691,52703735.93,63885141.5,43:23.8,Medium Risk
38781,Ton Strategy tokenized stock (xStock),TONXX,FALSE,15558155.94,15558155.94,0,2025-10-24T13:40:01.000Z,398,3.37,941.661849,941.661849,0,0,5.3125,1.81268882,0,28.6259542,6.64556962,52430985.51,52430985.51,43:23.8,Low Risk
12885,Astar,ASTR,FALSE,8711380014,8712158218,10000000000,2021-10-19T09:53:03.000Z,399,0.006015144,3099007.805,3097502.723,1505.08272,0.87745283,1.31283168,8.31784324,-28.16910197,-26.98540642,-27.77179912,52400202.63,60151437.02,43:23.8,High Risk
37017,AppLovin tokenized stock (xStock),APPX,FALSE,100438.1676,100438.1676, ,2025-07-01T15:49:32.000Z,400,520.48,1022.477755,1022.477755,0,0,2.1269916,-8.29515822,3.52866293,9.79432549,13.58983872,52276057.46,52276057.46,43:23.8,Medium Risk
4846,Kava,KAVA,TRUE,1082847010,1082847010, ,2019-10-25T00:00:00.000Z,401,0.047926537,11010392.56,10911297.88,99094.67952,0.28690242,3.72235864,11.33810658,-20.32081305,-15.37801252,-20.76222792,51897106.9,51897106.9,43:23.8,High Risk
35954,Loaded Lions,LION,FALSE,30845220686,1E+11,1E+11,2025-03-06T06:47:37.000Z,403,0.001671181,186066.1827,116912.6915,69153.4912,0.55459415,0.60259428,1.38045496,-13.35031161,-27.82993405,-48.62683577,51547954.88,167118126.4,43:23.8,Medium Risk
39382,Tria,TRIA,FALSE,2157670000,10000000000,10000000000,2026-01-17T07:37:07.000Z,403,0.023908645,4847625.735,3788940.025,1058685.71,1.9542258,6.67152086,-10.6103565,-47.32134728,-19.68024255,-28.69966556,51586966.49,239086452,43:23.8,High Risk
1567,Nano,XNO,FALSE,133248297,133248297,133248297,2017-03-06T00:00:00.000Z,404,0.386654034,172547.2441,172547.2441,0,-0.52347247,7.82970309,-1.20242593,-11.09061274,-18.44190319,-22.35308048,51520991.62,51520991.62,43:23.8,Medium Risk
32452,Movement,MOVE,FALSE,4002083333,10000000000,10000000000,2024-07-29T03:27:27.000Z,405,0.012846359,32495657.66,32494405.34,1252.313607,-0.47108219,7.67749035,-15.95906797,-26.28133934,-32.16994759,-42.70354477,51412200.64,128463593.5,43:23.8,High Risk
38356,Fogo,FOGO,FALSE,3840187737,10014187737, ,2026-01-15T12:14:00.000Z,406,0.013288676,4888087.475,4888087.475,0,0.82307434,2.21215885,17.65773114,-23.54550379,-32.15052071,-41.11494399,51031011.04,133075297.3,43:23.8,High Risk
37020,Berkshire Hathaway tokenized stock (xStock),BRK.BX,TRUE,102928.3551,102928.3551, ,2025-07-01T15:49:32.000Z,407,495.0983178,6973.493692,527.3141078,6446.179584,0.13661887,1.3032781,1.59892018,0.69273984,3.90777913,-0.34579843,50959655.45,50959655.45,43:23.8,Low Risk
109,DigiByte,DGB,FALSE,18335939364,18335939364,21000000000,2014-02-06T00:00:00.000Z,408,0.002760119,3301480.931,3301480.931,0,1.92375898,1.52498325,10.04077358,-25.04404429,-40.97253635,-35.27307435,50609374.42,57962498.77,43:23.8,High Risk
37026,Home Depot tokenized stock (xStock),HDX,TRUE,150306.6917,150306.6917, ,2025-07-01T15:49:12.000Z,409,336.3206571,102.4972905,102.4972905,0,0.00703319,0.47956218,4.96363541,11.46422493,-1.44087902,-2.72667976,50551245.32,50551245.32,43:23.8,Medium Risk
37011,AbbVie tokenized stock (xStock),ABBVX,TRUE,228868.4438,228868.4438, ,2025-09-18T13:57:46.000Z,410,220.7854802,1385.46294,1385.46294,0,-0.02881476,-1.68756282,5.3890197,4.01449809,5.20142419,-2.69515359,50530829.27,50530829.27,43:23.8,Medium Risk
36296,Lorenzo Protocol,BANK,FALSE,1173219136,1212195832,2100000000,2025-04-18T02:14:26.000Z,411,0.042913186,7306892.864,6624369.962,682522.9022,0.20951096,5.44175437,0.83422743,12.36166525,9.87203664,13.21034826,50346571.55,90117691.63,43:23.8,Medium Risk
38093,NVIDIA Tokenized Stock (Ondo),NVDAon,FALSE,237816.2681,237816.2681, ,2025-09-03T10:55:27.000Z,412,211.4452062,3608371.009,2377058.278,1231312.731,-0.06272566,0.56022561,0.58829373,-5.83832939,6.53849201,15.21293233,50285109.84,50285109.84,43:23.8,Low Risk
36671,Sahara AI,SAHARA,FALSE,3406979167,10000000000,10000000000,2025-06-26T12:00:00.000Z,413,0.014732856,51108102.28,51025807.48,82294.79512,0.51205388,0.92029577,-14.27683106,-60.57451804,-36.43238265,-37.38494296,50194532.65,147328557.6,43:23.8,High Risk
37027,Honeywell tokenized stock (xStock),HONX,TRUE,222730.0675,222730.0675, ,2025-07-01T15:48:57.000Z,414,225.184687,597335.0781,597335.0781,0,0.048822,-0.00598862,-0.7918994,3.10676504,-3.78552707,-6.11932119,50155400.54,50155400.54,43:23.8,Low Risk
37039,Exxon Mobil tokenized stock (xStock),XOMX,FALSE,354507.9445,354507.9445, ,2025-07-01T15:48:14.000Z,415,141.4574276,2769.741807,927.254223,1842.487584,-1.15077441,-2.06673816,-6.59623489,-9.84463301,-6.75735923,-10.11544412,50147781.9,50147781.9,43:23.8,Medium Risk
2566,Ontology,ONT,FALSE,1000000000,1000000000,1000000000,2018-03-08T00:00:00.000Z,416,0.050082913,9421316.002,9421170.962,145.0397085,1.24556065,1.76705124,6.9472106,-13.83603765,-32.7339,10.05717996,50082913.12,50082913.12,43:23.8,Medium Risk
14588,peaq,PEAQ,FALSE,2236563824,4416000342,5667620229,2024-11-12T09:00:00.000Z,417,0.022283535,3376992.909,2736085.83,640907.0788,0.16417735,-0.55413047,-3.15880242,-8.90813512,30.24482319,47.62059482,49838548.6,126294614.6,43:23.8,Medium Risk
38569,aPriori,APR,FALSE,246875000,1000000000,1000000000,2025-10-05T21:46:26.000Z,418,0.201737007,8252670.042,7124736.635,1127933.406,-0.00131669,12.87240126,-11.4141898,41.18229667,23.56114576,6.47481764,49803823.58,201737006.9,43:23.8,High Risk
4558,Flow,FLOW,TRUE,1668166978,1668166978, ,2021-01-27T00:00:00.000Z,419,0.029792196,4626011.568,4626011.568,0,1.00672965,3.77070937,12.36111757,-18.79026022,-18.9082072,-14.87453879,49698356.78,49698356.78,43:23.8,High Risk
36238,XPIN Network,XPIN,FALSE,37544344983,1E+11,1E+11,2025-04-11T08:33:03.000Z,420,0.001314879,4334543.137,3452508.599,882034.5379,0.7475916,-2.28249426,12.87651586,1.30225829,-7.87293506,-4.57479849,49366258.4,131487867,43:23.8,Medium Risk
33964,OpenServ,SERV,FALSE,770000000,1000000000,1000000000,2024-11-14T09:15:24.000Z,421,0.064002692,1071337.084,506818.6765,564518.4073,2.12182256,-5.54595822,-11.73725417,27.21872179,142.2804568,360.575347,49282072.85,64002692.02,43:23.8,High Risk
2765,XYO,XYO,FALSE,13801883191,13930752875,13931216938,2018-05-22T00:00:00.000Z,422,0.003567957,10572360.34,10358021.06,214339.2746,0.62330677,-1.01996642,-1.32760286,-6.99178245,-4.2941282,-11.8992646,49244521.64,49705978.85,43:23.8,Low Risk
39521,Aztec,AZTEC,FALSE,2879599600,10350000000,10350000000,2026-02-12T07:00:00.000Z,423,0.01688293,8395503.711,7603718.043,791785.668,1.60124148,-1.18738783,9.27560591,-21.91353182,-27.716364,-28.88805435,48616079.38,174738328.8,43:23.8,High Risk
40166,VanEck Uranium and Nuclear tokenized ETF (xStock),NLRx,FALSE,396467.6263,396467.6263, ,2026-06-10T06:33:26.000Z,424,122.61,14.99998479,14.99998479,0,0,0,0,0,0,0,48610895.66,48610895.66,43:23.8,Low Risk
38309,Holoworld AI,HOLO,FALSE,726298466.9,2047999973,2048000000,2025-09-08T03:44:34.000Z,425,0.066874172,7667435.76,7621290.51,46145.25067,0.3892413,-1.60911979,11.489181,-12.43529394,12.01826201,4.1874596,48570608.34,136958303.5,43:23.8,High Risk
14101,Ronin,RON,FALSE,772401679.4,1000000000,1000000000,2021-11-08T17:57:40.000Z,426,0.062547513,5134389.601,5134389.601,0,0.91878771,2.91768944,1.93933613,-32.65506243,-33.91171,-37.38691937,48311804.09,62547513,43:23.8,High Risk
4092,Dusk,DUSK,FALSE,496999999.3,500000000,1000000000,2019-07-11T00:00:00.000Z,427,0.097165575,6378798.52,6334681.3,44117.21942,1.32386738,2.74473958,5.07212387,-37.38347644,-39.41606716,0.34959048,48291290.72,97165575.02,43:23.8,High Risk
37045,UnitedHealth tokenized stock (xStock),UNHX,TRUE,115953.0506,115953.0506, ,2025-07-01T18:39:40.000Z,428,416.3247111,3883.791407,2333.111011,1550.680395,-0.0073573,2.21763585,2.78771906,2.56523756,29.0263906,41.36313353,48274120.28,48274120.28,43:23.8,Low Risk
37023,Gamestop tokenized stock (xStock),GMEX,TRUE,2258349.636,2258349.636, ,2025-07-01T15:49:25.000Z,429,21.26292891,88.0518915,88.0518915,0,-1.33343397,-2.46896802,-3.99263885,1.42654789,-15.72362698,-10.43416633,48019127.78,48019127.78,43:23.8,Low Risk
37545,BankrCoin,BNKR,FALSE,99300000000,1E+11,1E+11,2025-07-30T02:37:00.000Z,430,0.000481484,7026307.312,6556566.216,469741.0957,1.7481073,0.962647,-8.13158546,-20.63444642,34.66434553,-0.86327081,47811320.66,48148359.17,43:23.8,High Risk
27659,Mog Coin,MOG,FALSE,3.90568E+14,3.90568E+14,4.2069E+14,2023-07-21T19:17:41.000Z,431,1.22E-07,9690578.085,9453822.725,236755.3604,0.88190218,6.48009521,12.58042009,-16.56616753,-17.35258261,-29.9126436,47748327.47,51430911.49,43:23.8,High Risk
14519,VVS Finance,VVS,FALSE,4.35503E+13,9.51094E+13,1E+14,2021-11-15T09:13:07.000Z,432,1.09E-06,187224.3305,130673.0813,56551.24923,0.70661458,1.3585618,1.57458944,-15.11841902,-16.84930669,-28.13975226,47495318.38,109058455.4,43:23.8,Medium Risk
6945,Amp,AMP,FALSE,86781193103,99720238122,1E+11,2020-09-08T00:00:00.000Z,433,0.000546444,6605773.373,6599391.412,6381.961256,0.85997075,2.8508538,2.2238592,-35.74087833,-38.55883841,-60.68795144,47421090.05,54644432,43:23.8,High Risk
40132,"Strive, Inc. Series A Preferred tokenized stock (xStock)",SATAx,FALSE,486321.3486,486321.3486, ,2026-06-10T06:33:25.000Z,434,97.48661,97.5928704,97.5928704,0,0,-0.05416271,-0.83266229,-0.83266229,-0.83266229,-0.83266229,47409819.65,47409819.65,43:23.8,Low Risk
34212,Matrixdock Gold,XAUM,FALSE,11054.08766,11054.08766, ,2024-11-25T09:55:55.000Z,435,4267.527771,404160.4793,327860.2212,76300.25813,0.25918696,-1.03486222,0.08784853,-5.83623194,-11.10393216,-14.77627089,47173626.07,47173626.07,43:23.8,Low Risk
39665,Unitas,UP,FALSE,146000000,999999961.3,1000000000,2026-03-09T03:26:40.000Z,436,0.32122465,1365083.196,882940.2253,482142.9706,0.0326205,-0.22847651,-12.31567329,51.37422354,96.83574694,226.7483931,46898798.83,321224649.5,43:23.8,High Risk
38978,Irys,IRYS,FALSE,2566813162,10000000000, ,2025-11-25T11:00:00.000Z,437,0.018239924,8443403.425,7789555.889,653847.5362,1.06454536,-0.86983914,3.00892271,-62.2591887,-36.3739057,5.4082051,46818477.71,182399242.8,43:23.8,High Risk
36902,lium,SN51,FALSE,3819578,3819578,21000000,2025-06-20T21:06:53.000Z,438,12.05009171,159312.5872,26656.90141,132655.6858,0.32013064,-0.40216823,18.30255576,-20.62668127,-5.26581581,7.08308132,46026265.2,253051926,43:23.8,High Risk
33788,Peanut the Squirrel,PNUT,FALSE,999841962,999841962, ,2024-11-04T02:00:00.000Z,439,0.045913201,14871493.97,14717514.47,153979.5027,0.99224224,2.27812394,8.25166184,-23.7794229,-30.89374906,-5.4783433,45905945.17,45905945.17,43:23.8,High Risk
34143,WhiteRock,WHITE,FALSE,6.5E+11,1E+12,1E+12,2024-11-21T12:54:14.000Z,440,7.06E-05,63785.04014,63680.10835,104.9317856,0.03463667,2.8816162,14.37643283,-45.15683061,-6.63646244,-12.13912298,45863908.92,70559859.88,43:23.8,High Risk
2071,Request,REQ,FALSE,796694830.6,999416740.9, ,2017-10-20T00:00:00.000Z,441,0.058108439,1379681.469,1369241.455,10440.01415,0.89296051,0.06788377,6.11576159,-15.00331949,-16.80574696,-17.38084306,46294692.86,58074546.59,43:23.8,Medium Risk
4805,VNDC,VNDC,FALSE,1.41247E+12,1.41247E+12, ,2019-11-07T00:00:00.000Z,442,3.23E-05,0,0,0,0,0.53757262,0.50425518,0.50625081,-0.25619383,-11.25961809,45667255.59,45667255.59,43:23.8,Low Risk
39377,Seeker,SKR,FALSE,5010677987,10378317996, ,2026-01-16T07:46:14.000Z,443,0.009112448,7579172.345,7373441.894,205730.4518,1.13246602,-3.29112349,-7.4661143,-39.60926739,-46.78494371,-61.61847711,45659541.34,94571880.46,43:23.8,High Risk
693,Verge,XVG,FALSE,16521951235,16521951235,16521951236,2014-10-25T00:00:00.000Z,444,0.002757071,10023155.33,10023155.33,0,2.0023561,1.5087751,8.66562896,-17.9356293,-26.84446728,-49.44321416,45552185.46,45552185.46,43:23.8,High Risk
36901,Score,SN44,FALSE,4317987,4317987,21000000,2025-06-20T21:06:15.000Z,445,10.51967532,837982.7102,0,837982.7102,0.38702578,1.59637327,25.31583573,-9.28302111,15.50317516,22.540643,45423821.29,220913181.8,43:23.8,High Risk
39094,AntFun,ANTFUN,FALSE,1887836326,10000000000,10000000000,2025-12-10T02:27:31.000Z,446,0.023984324,5639372.257,0,5639372.257,1.51665991,10.02179499,19.03472339,12.6157163,5.02706388,15.95709819,45278478.99,239843244.7,43:23.8,High Risk
10894,StorX Network,SRX,FALSE,834000000,977000000,1500000000,2021-07-14T00:00:00.000Z,447,0.053783848,2306670.461,2306670.461,0,-0.02574317,-0.01438109,-1.77515358,-9.61955198,-15.19590084,-12.97416271,44855728.83,80675771.27,43:23.8,Medium Risk
28850,Notcoin,NOT,FALSE,99429355867,1.02453E+11,1.02457E+11,2024-05-09T15:38:45.000Z,448,0.000449597,9895889.016,9888492.679,7396.337337,-0.07853746,-4.3530593,19.29294496,-10.90222383,7.39628618,8.72231224,44703171.98,46064373.58,43:23.8,High Risk
10312,EscoinToken,ELG,FALSE,157137249,225000000,370000000,2021-06-07T00:00:00.000Z,449,0.283822222,379284.1624,379284.1624,0,0.68215857,0.52550858,1.07386232,0.78959359,-0.97722125,14.36464123,44599043.21,105014222.3,43:23.8,Low Risk
20362,Polymesh,POLYX,TRUE,1056541510,1287171425, ,2022-05-30T12:38:57.000Z,450,0.042152439,4744007.754,4744007.754,0,0.87480048,3.53192133,9.69135287,-24.18114353,-21.83945884,-12.15408673,44535801.36,54257414.76,43:23.8,High Risk
32372,StraitsX USD,XUSD,TRUE,44564635.56,44564635.56, ,2024-07-24T06:09:31.000Z,451,0.999971083,8445442.772,8445442.772,0,0.00095373,0.01327909,0.01537527,7.78E-05,0.02800348,0.01182937,44563346.87,44563346.87,43:23.8,Low Risk
28782,Popcat (SOL),POPCAT,FALSE,979936525.5,979936525.5,979973221,2023-12-20T18:16:41.000Z,452,0.044939412,14679550.76,14317062.79,362487.9723,0.92403269,6.05328148,7.2144722,-23.6894554,-23.80587908,-21.06640081,44037771.29,44039420.36,43:23.8,High Risk
10854,Railgun,RAIL,FALSE,14698591.26,57500000,100000000,2021-07-12T00:00:00.000Z,454,2.988054214,854748.0449,20211.56427,834536.4806,1.11567467,7.50584563,-3.9239774,100.9542683,125.7173359,120.9369474,43920187.54,298805421.4,43:23.8,High Risk
36063,Bedrock,BR,FALSE,261250000,1000000000,1000000000,2025-03-19T01:52:05.000Z,453,0.169790068,9801461.353,9731406.503,70054.84918,1.39291708,49.16568801,47.59209921,31.67287439,42.49864198,175.3126861,44357655.24,169790067.9,43:23.8,High Risk
39769,iShares Bitcoin Trust Tokenized Stock (Ondo),IBITon,FALSE,1155312.057,1155312.057, ,2026-03-24T02:56:11.000Z,455,37.83944605,1007.909164,0,1007.909164,0.69692687,5.1878803,6.37591662,-15.48030173,-11.8325839,-4.79139959,43716368.26,43716368.26,43:23.8,High Risk
39595,Fabric Protocol,ROBO,FALSE,2231000000,10000000000,10000000000,2026-02-20T18:34:09.000Z,456,0.019558439,15289431.76,9721198.21,5568233.549,0.65410105,-0.08865035,-5.35869844,-6.07423346,-4.15856386,-29.51306362,43634878.5,195584394.9,43:23.8,Medium Risk
19843,ApeX Protocol,APEX,FALSE,138620807,499999990,500000000,2022-04-28T06:22:21.000Z,457,0.314166187,2948138.468,2841943.112,106195.3566,-0.34245067,6.61519416,24.03921819,11.50777535,4.05979533,-2.11832332,43549970.44,157083093.7,43:23.8,High Risk
38331,USDH,USDH,TRUE,43434424.49,48051115.76, ,2025-09-09T13:39:26.000Z,458,0.999800736,4868492.591,0,4868492.591,-0.00791833,0.03028609,0.00175351,-0.02934769,0.02657827,-0.0564701,43425769.58,48041540.91,43:23.8,Low Risk
17751,Threshold,T,FALSE,11155000000,11155000000,11155000000,2022-01-31T08:26:28.000Z,459,0.003888844,6108422.11,6108422.11,0,1.00465732,1.47844129,2.92548109,-31.70220802,-40.11174451,-44.33218298,43380050.78,43380050.78,43:23.8,High Risk
32941,Fractal Bitcoin,FB,FALSE,104231774.9,151481750,210000000,2024-09-12T02:06:20.000Z,460,0.414567791,4930011.519,4930011.519,0,-1.27991213,2.55179495,-6.69545208,-11.47262801,-17.46372147,-9.29834478,43211136.72,87059236.16,43:23.8,Medium Risk
39611,MANTRA,MANTRA,FALSE,5287075802,7242216156,10000000000,2020-08-11T00:00:00.000Z,461,0.008156878,14631101.3,14631101.3,0,0.38309614,3.83445923,13.20131016,-16.37015971,-27.1757243,-44.72910164,43126033.06,81568781.46,43:23.8,High Risk
7288,Venus,XVS,FALSE,16357686.58,30000000, ,2020-10-05T00:00:00.000Z,462,2.634017279,5302456.933,5145820.002,156636.9308,1.47835002,2.66181422,7.23768412,-6.45249171,-9.95439734,-21.26152699,43086429.11,79020518.37,43:23.8,Medium Risk
12894,Subsquid,SQD,FALSE,1039783972,1336997654,1337000000,2021-10-19T18:52:29.000Z,463,0.041369364,7692965.96,6694646.635,998319.3252,-0.28254155,-2.21243524,33.25704908,-0.1769521,23.33233553,10.50049275,43015201.64,55310839.7,43:23.8,High Risk
40047,Solstice,SLX,FALSE,242854223,1000000000,1000000000,2026-05-22T15:12:03.000Z,464,0.176483603,30542084.74,29480077.31,1062007.426,0.63036088,-8.58019328,-28.03664199,31.40997955,31.40997955,31.40997955,42859788.16,176483602.5,43:23.8,High Risk
29073,Altlayer,ALT,FALSE,6403918377,10000000000,10000000000,2024-01-17T12:59:16.000Z,465,0.006632122,11192899.02,11185414.83,7484.190207,1.00104984,-1.00033749,13.92380565,-2.46777571,-9.60385787,-16.5058616,42471567.67,66321219.56,43:23.8,Medium Risk
38067,SPDR S&P 500 Tokenized ETF (Ondo),SPYon,FALSE,55875.7054,55875.7054, ,2025-09-03T10:55:40.000Z,466,758.8852748,1828775.413,1494398.529,334376.8846,-0.02840373,0.60309596,1.69284394,1.97828138,7.39510306,12.06265956,42403250.04,42403250.04,43:23.8,Low Risk
5275,Paycoin,PCI,FALSE,1067086017,1900000000,1900000000,2020-03-05T00:00:00.000Z,467,0.039676318,703202.1225,703202.1225,0,-0.71594948,1.11642271,1.52899094,-20.31930123,-26.43336091,-25.393493,42338043.82,75385003.64,43:23.8,Medium Risk
38136,Spacecoin,SPACE,FALSE,5265162489,21000000000,21000000000,2025-08-19T16:01:16.000Z,473,0.007958061,51817107.5,34747963.2,17069144.3,-7.78254823,24.10752278,19.98268504,3.76479137,19.63163315,-1.96794991,41900485.83,167119287.3,43:23.8,High Risk
35268,GoPlus Security,GPS,FALSE,4718330250,9822841361,10000000000,2025-01-16T08:01:34.000Z,468,0.008949755,26171556.74,26112198.73,59358.00902,-3.12092107,0.31162088,26.69264085,16.85363518,5.3529237,5.5437227,42227898.89,89497548.18,43:23.8,High Risk
31526,Moca Network,MOCA,FALSE,4233186230,8888888888,8888888888,2024-07-04T07:14:36.000Z,470,0.009969039,5763951.149,5713606.237,50344.91189,1.07809312,0.80050625,8.98098302,-23.84678841,-27.58016093,-36.84496187,42200799.61,88613682.06,43:23.8,High Risk
33093,Moo Deng (moodengsol.com),MOODENG,FALSE,989971791.2,989971791.2,989971791.2,2024-09-21T02:09:39.000Z,469,0.042582797,11723633.59,11610964.47,112669.1195,0.8560027,2.16276508,11.19336208,-18.79432668,-24.61600167,-25.661786,42155768.26,42155768.26,43:23.8,High Risk
28301,Memecoin,MEME,FALSE,63516387848,69000000000,69000000000,2023-11-03T08:03:36.000Z,472,0.000661373,16131284.6,16128310.61,2973.984988,-0.29191078,5.41250427,13.59435385,24.02580802,14.24919294,8.07578271,42008042.65,45634757.28,43:23.8,High Risk
33983,SuperTrust,SUT,FALSE,188403732,188403732,238403732,2024-11-18T08:00:29.000Z,472,0.222564156,160883.9777,110439.2478,50444.72991,1.03918978,13.68246228,50.84507838,-67.32436835,-70.605294,-76.08459713,41931917.69,53060125.52,43:23.8,High Risk
3012,VeThor Token,VTHO,FALSE,1.00788E+11,1.00788E+11, ,2018-07-30T00:00:00.000Z,474,0.000415952,1606456.502,1606456.502,0,0.51958547,2.79385615,5.40506666,-22.34526837,-29.44187484,-33.86873756,41923118.17,41923118.17,43:23.8,High Risk
37166,CROSS,CROSS,FALSE,436389288.4,985222593.1,985222890,2025-07-04T08:36:24.000Z,475,0.095914262,5127049.023,3569507.931,1557541.093,0.06074617,5.57206527,8.77760853,-2.10236927,21.42766233,41.61564482,41855956.71,94496926.77,43:23.8,Medium Risk
32782,Ore,ORE,FALSE,465426.003,465426.003,3000000,2024-04-10T09:31:13.000Z,476,89.57748854,947838.1416,332166.5986,615671.543,0.82859275,8.81469679,12.02659056,10.73912566,62.10064052,45.33965312,41691692.44,268732465.6,43:23.8,High Risk
37021,Broadcom tokenized stock (xStock),AVGOX,TRUE,104898.0221,104898.0221, ,2025-07-01T15:49:32.000Z,477,392.4338698,83894.90598,83894.90598,0,-0.12490923,-2.09242396,-4.30000439,-7.79747802,-2.11571629,21.29599274,41165536.75,41165536.75,43:23.8,Medium Risk
1042,Siacoin,SC,TRUE,56025636522,62217525676, ,2015-08-26T00:00:00.000Z,478,0.000731311,4214344.171,4214344.171,0,0.47203962,0.32669433,4.1607071,-22.00088699,-26.27420366,-32.68844302,40972145.56,45500340.14,43:23.8,High Risk
27657,Linea,LINEA,FALSE,15482147850,72009990000,72009990000,2023-07-21T11:04:15.000Z,479,0.002629121,14607255.63,14594148.04,13107.5914,0.86141154,0.11704309,6.4016547,-25.55777687,-24.19722558,-27.19393871,40704438.19,189322968.3,43:23.8,High Risk
35976,Aegis YUSD,YUSD,TRUE,40659231.07,40659231.07, ,2025-03-08T12:18:51.000Z,480,0.998453571,13165.52859,0,13165.52859,-0.01251951,-0.01736961,-0.00929088,0.41760214,0.00277334,-0.07401906,40596354.44,40596354.44,43:23.8,Low Risk
37022,Chevron tokenized stock (xStock),CVXX,FALSE,220480.4006,220480.4006, ,2025-07-01T15:49:31.000Z,481,184.0640623,1208.319371,1208.319371,0,0.02270134,0.59974309,-4.38861502,-6.12670424,-1.82766501,-6.82478332,40582518.2,40582518.2,43:23.8,Medium Risk
27960,Non-Playable Coin,NPC,FALSE,7570736289,8050126520,8050126520,2023-08-31T13:35:42.000Z,484,0.005325252,5171436.642,4995974.586,175462.0559,0.9577034,5.03999679,4.440267,-28.11365091,-33.21000412,-44.16097053,40316077.98,42868951.72,43:23.8,High Risk
3783,Ankr,ANKR,FALSE,10000000000,10000000000,10000000000,2019-03-06T00:00:00.000Z,483,0.004038111,6538424.667,6533587.387,4837.280507,1.21196238,-0.57251673,6.32486446,-15.2300208,-22.60866962,-33.2314708,40381105.45,40381105.45,43:23.8,Medium Risk
21707,RedStone,RED,FALSE,418845102,1000000000,1000000000,2022-09-05T10:28:27.000Z,484,0.09637766,4549270.491,4539797.331,9473.16035,0.72241874,0.40600479,1.82966712,-25.93966979,-33.37807006,-30.24022343,40367310.86,96377660.07,43:23.8,High Risk
37060,Netflix tokenized stock (xStock),NFLXX,TRUE,495723.3799,495723.3799, ,2025-07-01T18:40:23.000Z,485,81.097,2624.827805,2624.827805,0,-1.00101322,0.49692674,-1.60161132,-8.45806524,-28.74166423,-14.95094859,40201678.94,40201678.94,43:23.8,Medium Risk
4944,Tellor,TRB,FALSE,2787644,2866855, ,2019-11-19T00:00:00.000Z,486,14.34306675,12059245.8,12059001.83,243.9749436,1.51591171,3.52267641,8.79934915,-17.23848993,-26.51724483,-15.01627379,39983363.97,41119492.63,43:23.8,High Risk
5617,UMA,UMA,FALSE,90653231.39,128912382.5, ,2020-05-25T00:00:00.000Z,487,0.43800529,11550588.94,11517198.33,33390.60784,-1.0352049,7.65004207,14.38177189,-6.34069636,-5.04440568,-3.40573574,39706594.91,56464305.48,43:23.8,High Risk
37038,Eli Lilly tokenized stock (xStock),LLYX,TRUE,34487.07093,34487.07093, ,2025-07-01T15:48:16.000Z,488,1151.326501,57372.84595,57372.84595,0,-1.54068368,2.78346362,-0.04717825,17.13237881,26.99365815,23.48396653,39705878.71,39705878.71,43:23.8,Medium Risk
37593,Succinct,PROVE,FALSE,195000000,1000000000,1000000000,2025-08-02T17:21:51.000Z,489,0.203615994,8692819.327,8569995.55,122823.777,0.29982382,-1.45185871,16.20339551,-15.44595411,-14.93188047,-27.12666777,39705118.9,203615994.4,43:23.8,High Risk
12999,ssv.network,SSV,TRUE,16323215.45,17361673.6, ,2021-10-22T05:12:07.000Z,491,2.430411186,7511681.997,7495729.523,15952.47332,2.9568755,2.12266402,18.30439361,-6.54931778,-5.75177384,-15.8523498,39672125.42,42196005.74,43:23.8,High Risk
35766,siren,SIREN,FALSE,724580043.6,724580043.6, ,2025-02-14T16:40:35.000Z,491,0.054764699,67339123.98,57056887.13,10282236.85,-4.70318543,-5.98652882,-95.55515627,-89.21918548,-91.28903283,-93.7038371,39681407.83,39681407.83,43:23.8,High Risk
35701,GOHOME,GOHOME,FALSE,499895,9999895.37,9999895.37,2025-02-11T09:31:39.000Z,492,79.25501649,505959.2887,488413.7881,17545.50058,-0.40184267,1.40763355,2.15573627,-6.94267066,-8.79450789,-16.74490318,39619186.47,792541872.4,43:23.8,Medium Risk
3306,Gemini Dollar,GUSD,FALSE,39467094.81,39467094.81,148548676,2018-10-05T00:00:00.000Z,493,1.000277505,4438552.656,4438552.656,0,0.04188598,0.06817188,0.05044156,-0.00386151,0.03105868,0.02354704,39478047.13,148589899,43:23.8,Low Risk
31379,Frankencoin,ZCHF,TRUE,31036021.24,31036021.24, ,2024-05-23T08:14:31.000Z,494,1.257715255,104245.2759,30852.10857,73393.16729,-0.09935755,-0.12462464,0.06244961,-0.93182469,-1.30942573,-1.16962533,39034477.37,39034477.37,43:23.8,Low Risk
36310,Atoshi,ATOS,FALSE,903160633,1E+11,1E+11,2025-04-22T08:24:57.000Z,499,0.042700107,26783.3125,0,26783.3125,0.58729157,0.53908824,11.55159602,10.3165702,12.15262973,-7.88537147,38565055.89,4270010725,43:23.8,Medium Risk
5567,Celo,CELO,FALSE,602211072,1000000000,1000000000,2020-05-22T00:00:00.000Z,495,0.064627312,3533897.631,3221974.136,311923.4949,1.08272171,2.69132698,8.35099909,-22.65882952,-26.08652539,-21.24507496,38919282.7,64627311.76,43:23.8,High Risk
40008,Zest Protocol,ZEST,FALSE,146000000,1000000000,1000000000,2026-05-18T01:26:22.000Z,496,0.266504887,10882435.05,9180519.4,1701915.647,-0.45986182,-0.95214116,-6.1792091,256.4809391,256.4809391,256.4809391,38909713.55,266504887.4,43:23.8,High Risk
13631,Manta Network,MANTA,FALSE,474294582.1,1000000000, ,2024-01-18T10:00:24.000Z,498,0.081580342,6692298.432,6691075.144,1223.28837,1.06400242,-3.18496737,5.03793762,9.73646034,15.0381648,10.51782022,38693114.05,81580341.65,43:23.8,Medium Risk
32193,Aleo,ALEO,FALSE,1194505622,2012615833,5000000000,2024-07-15T10:02:24.000Z,498,0.032335428,1925863.067,1841587.932,84275.13424,-0.17711748,0.59551216,3.19004408,-29.14441174,-28.59430358,-50.24202867,38624851.1,161677142.3,43:23.8,High Risk
20314,Terra,LUNA,TRUE,709984438.9,1186707049, ,2022-05-26T12:47:26.000Z,500,0.053878883,7101609.868,7101192.818,417.0502364,0.54045223,1.6731954,3.46723139,-20.17543777,-11.5687984,-16.72332224,38253168.62,63938450.43,43:23.8,High Risk
8536,Mask Network,MASK,FALSE,100000000,100000000,100000000,2021-02-21T00:00:00.000Z,502,0.382475423,11610061.66,11589987.62,20074.04604,0.88536094,2.21049948,10.40348626,-18.04769055,-20.21196493,-20.68101302,38247542.25,38247542.25,43:23.8,High Risk
35931,ZORA,ZORA,FALSE,4469999999,10000000000,10000000000,2025-03-04T04:17:05.000Z,501,0.008560465,14241178.7,13748991.39,492187.3077,0.77726453,-0.05890751,6.73281029,-24.57987458,-43.49794913,-52.27188796,38265279.73,85604652.67,43:23.8,High Risk
38094,Invesco QQQ Tokenized ETF (Ondo),QQQon,FALSE,51122.32316,51122.32316, ,2025-09-03T10:55:21.000Z,503,746.8951194,3156598.502,2487280.38,669318.1221,0.20515348,1.03338112,3.35251768,5.31076662,16.37359598,22.69630596,38183013.67,38183013.67,43:23.8,Low Risk
37065,Philip Morris tokenized stock (xStock),PMX,FALSE,209666.097,209666.097, ,2025-07-01T18:40:54.000Z,504,182.1060399,137042.6526,137042.6526,0,-0.04140113,-2.48648214,-0.37851569,-4.83044975,12.13564452,3.01473815,38181462.61,38181462.61,43:23.8,Low Risk
1274,Waves,WAVES,TRUE,129869680,129869680, ,2016-06-02T00:00:00.000Z,505,0.293579873,20798442.84,20798442.84,0,-1.13482491,9.12185508,14.88456429,-26.84751851,-30.46351105,-38.48800034,38127124.15,38127124.15,43:23.8,High Risk
21846,SPACE ID,ID,FALSE,1401091765,1994841762,2000000000,2022-09-16T05:55:56.000Z,507,0.027191807,16187740.39,16187740.39,0,0.87005093,-0.99425774,11.05354629,-10.09131187,-17.62679943,-37.39410603,38098217.11,54383614.38,43:23.8,Medium Risk
37030,Johnson & Johnson tokenized stock (xStock),JNJX,FALSE,165408.928,165408.928, ,2025-07-01T15:48:54.000Z,508,230.3,403.5288964,403.5288964,0,-2.89256198,-4.51357649,0.08256921,1.19963088,-2.25372438,-4.43983402,38093676.11,38093676.11,43:23.8,Low Risk
40029,Manifesting (manifesting.meme),MANIFEST,FALSE,899999732,899999732,999999813.5,2026-05-20T12:27:02.000Z,506,0.042347301,2018276.008,0,2018276.008,-0.10032796,0.49231617,49.29728075,126325.8209,120819.3545,120819.3545,38112559.32,42347292.85,43:23.8,High Risk
37015,Amber tokenized stock (xStock),AMBRX,FALSE,26084475.97,26084475.97, ,2025-07-01T14:12:30.000Z,509,1.46,146,146,0,0,0,-8.17610063,-28.39323776,-44.48211189,-47.26336034,38083334.91,38083334.91,43:23.8,High Risk
39548,Espresso,ESP,TRUE,520550000,3590000000, ,2026-02-12T11:00:00.000Z,510,0.073039284,10487251.84,10047348.29,439903.559,0.92627517,-3.3207672,9.2424995,6.79078718,-5.06378142,-27.1128748,38020599.16,262211028.7,43:23.8,Medium Risk
4687,BUSD,BUSD,TRUE,37842261.29,37842261.29, ,2019-09-20T00:00:00.000Z,511,0.999961899,892571.0095,31.4,892539.6095,-0.03458293,-0.04680835,-0.0112056,0.02654152,-0.00224845,-0.03894806,37840819.47,37840819.47,43:23.8,Low Risk
37036,Danaher tokenized stock (xStock),DHRX,TRUE,207310.8266,207310.8266, ,2025-07-01T15:48:28.000Z,512,182.454644,93.5872727,93.5872727,0,-1.73073866,-1.88846017,-4.15290488,12.26531115,-7.07202375,-8.44450963,37824823.07,37824823.07,43:23.8,Medium Risk
39172,Vitalum,VAM,FALSE,339718870,1000000000,1000000000,2025-12-25T14:33:20.000Z,513,0.111164852,675597.5156,675597.5156,0,0.62566804,1.74611612,6.43298147,-14.46545408,-11.81098622,20.24552068,37764797.85,111164851.9,43:23.8,Medium Risk
37048,Walmart tokenized stock (xStock),WMTX,FALSE,307391.4584,307391.4584, ,2025-07-01T18:39:48.000Z,514,122.4242598,0,0,0,0,-0.04515052,1.09003292,-7.96370693,-23.73710479,-23.73710479,37632171.76,37632171.76,43:23.8,Low Risk
37054,Merck tokenized stock (xStock),MRKX,FALSE,326506.9248,326506.9248, ,2025-07-01T18:40:09.000Z,515,114.88,309.8134387,309.8134387,0,-3.07121161,-1.98864594,-1.39902154,5.24965644,-1.50047158,0.63950942,37509115.52,37509115.52,43:23.8,Medium Risk
39922,REAL,ASSET,FALSE,137303179,1000000000,1000000000,2026-04-30T07:15:03.000Z,516,0.271977068,1571534.907,1490210.745,81324.16179,-0.02911266,-0.11786898,15.12799845,47.34413778,573.6593542,573.6593542,37343316.03,271977067.8,43:23.8,High Risk
37037,DFDV tokenized stock (xStock),DFDVx,TRUE,10244047.97,10244047.97, ,2025-07-01T15:48:20.000Z,517,3.612391076,628404.4522,626690.9765,1713.475681,0.46864156,8.86615637,13.2693286,-22.13367145,-24.23445419,-28.99578461,37005507.48,37005507.48,43:23.8,High Risk
38299,Avantis,AVNT,FALSE,324117182.8,1000000000,1000000000,2025-09-05T11:18:11.000Z,518,0.113646078,14977748.76,14667050.57,310698.1935,-1.24330833,2.2992639,9.77417448,-19.25103465,-20.21692628,-29.08413795,36834646.58,113646077.8,43:23.8,High Risk
37012,Accenture tokenized stock (xStock),ACNX,TRUE,215827.2596,215827.2596, ,2025-09-18T14:10:29.000Z,519,169.9800755,32.37339275,32.37339275,0,-0.0001809,0.12436503,-4.87610582,3.73404378,-14.94933944,-16.81874014,36686333.9,36686333.9,43:23.8,Low Risk
37615,Glidr,GLIDR,FALSE,35461710,100000000,100000000,2025-08-05T11:38:52.000Z,520,1.033639641,40974.54296,15037.39971,25937.14325,-0.94658159,-0.76977529,2.77304806,-17.22982266,-14.73816993,-12.32267841,36654629.2,103363964.1,43:23.8,Medium Risk
12220,Osmosis,OSMO,FALSE,777488140.8,977445829.4,1000000000,2021-09-30T16:58:27.000Z,522,0.046776429,5543236.771,5241431.862,301804.9089,0.50222729,0.5370427,13.50603053,-40.23781804,40.9635348,32.76542678,36368118.68,46776428.83,43:23.8,High Risk
30096,Degen,DEGEN,FALSE,23445811034,36665136579,36963632969,2024-03-25T10:09:44.000Z,522,0.001555366,7357648.398,6414327.185,943321.2129,1.40981672,6.89936265,6.15266299,49.52140627,100.7738489,93.46950937,36466823.17,57491987.16,43:23.8,High Risk
37019,Bank of America tokenized stock (xStock),BACX,FALSE,650744.0196,650744.0196, ,2025-07-01T15:49:32.000Z,523,55.96,75.18377092,75.18377092,0,0,-1.04258953,4.71556886,13.09620049,8.09349044,18.18373812,36415635.34,36415635.34,43:23.8,Medium Risk
39394,Everything,EV,FALSE,1E+11,1E+11,1E+11,2026-03-19T15:00:00.000Z,524,0.000362064,295844.107,34430.48736,261413.6196,0.11946483,-4.79136429,1.14535986,-52.90339989,-55.59550174,20.69728723,36206441.67,36206441.67,43:23.8,High Risk
4056,Ampleforth,AMPL,FALSE,28274493.6,10630913.58, ,2019-06-28T00:00:00.000Z,525,1.280330925,2.19647786,0,2.19647786,0.00094943,-0.28233782,1.79809073,6.68036379,2.11167225,1.01604144,36200708.55,13611087.41,43:23.8,Low Risk
1759,Status,SNT,TRUE,4812295482,6804870175, ,2017-06-28T00:00:00.000Z,526,0.007485207,2618014.712,2608447.297,9567.41471,-0.75695218,1.82886515,3.57967801,-28.67608884,-27.13020214,-27.89673341,36021027.92,50935862,43:23.8,High Risk
23254,Core,CORE,FALSE,1238317538,2093769839,2100000000,2023-02-08T12:26:11.000Z,527,0.02895998,5073995.019,5073995.019,0,1.30566304,-0.44469972,7.33566116,-23.4336739,-11.65821793,-64.4280271,35861650.78,60815957.38,43:23.8,High Risk
34619,Vana,VANA,FALSE,30084000,112641600,120000000,2024-12-13T12:20:10.000Z,528,1.189945253,2105400.784,2105400.784,0,0.59124263,1.86470154,7.20974884,-19.00550848,-19.01033433,-21.09755243,35798313,142793430.4,43:23.8,High Risk
38167,MetaMask USD,mUSD,FALSE,35713845.98,35713845.98, ,2025-08-22T09:34:44.000Z,529,0.999867267,3506033.291,122071.9586,3383961.332,-0.00286522,0.0096328,-0.00428353,-0.65052183,0.02158465,0.00744917,35709105.56,35709105.56,43:23.8,Low Risk
30460,Burnedfi,BURN,FALSE,12322725.96,12322725.96,21000000,2024-04-08T08:16:21.000Z,530,2.891129066,187041.9244,0,187041.9244,0.88664316,-2.58244235,-7.54777559,-37.13586959,-23.3865544,-35.40614185,35626591.19,60713710.4,43:23.8,High Risk
38089,Marvell Technology Tokenized Stock (Ondo),MRVLon,FALSE,115823.7315,115823.7315, ,2025-09-03T10:55:28.000Z,531,307.2702167,5332528.99,3010566.074,2321962.916,0.34214124,4.14335584,1.90392483,72.69030715,130.5284043,234.0270995,35589183.06,35589183.06,43:23.8,High Risk
36896,Vanta Network,VANTA,FALSE,4294085,4294085,21000000,2025-06-20T20:07:17.000Z,532,8.281165388,320394.8289,0,320394.8289,0.38731861,-1.23325133,19.18499626,-5.40037684,-8.07735473,-16.38188035,35560028.07,173904473.2,43:23.8,High Risk
7236,Celo Dollar,CUSD,FALSE,35554165.62,57241566.22,1E+15,2020-09-29T00:00:00.000Z,533,1.000045063,389098.4505,599.6380071,388498.8125,0.02551709,0.01336696,0.00914857,0.14718486,0.03019581,-0.01480626,35555767.79,1.00005E+15,43:23.8,Low Risk
13769,World Mobile Token,WMTX,FALSE,853262191.5,2000000000,2000000000,2021-11-02T08:55:10.000Z,534,0.041589267,13922280.85,2325804.18,11596476.67,0.57159447,0.82001961,-0.53274006,-30.93267086,-41.57102273,-55.50923316,35486549.21,83178534.26,43:23.8,High Risk
37031,JPMorgan Chase tokenized stock (xStock),JPMX,FALSE,113024.8834,113024.8834, ,2025-07-01T15:48:48.000Z,535,312.91,127.1581754,127.1581754,0,-2.5020253,-3.17708562,0.29166667,4.90127058,0.95824998,13.02510385,35366616.28,35366616.28,43:23.8,Medium Risk
21414,Dogechain,DC,FALSE,96930284127,1.69576E+11,2E+11,2022-08-16T15:08:33.000Z,536,0.000364311,52377.42491,52377.42491,0,-0.08196115,0.79669564,29213.39687,10355.7497,16759.85919,6720.470337,35312780.44,72862224.14,43:23.8,High Risk
38554,KGeN,KGEN,FALSE,205622224.2,978000000,1000000000,2025-10-07T00:00:00.000Z,537,0.17141366,2490821.876,1699318.607,791503.2693,0.79893835,-0.44976131,-2.48762007,-27.1470089,-0.51754771,-7.6423138,35246458.02,171413660,43:23.8,High Risk
37064,PepsiCo tokenized stock (xStock),PEPX,TRUE,241815.6598,241815.6598, ,2025-07-01T18:40:46.000Z,538,144.5764861,75.29254246,75.29254246,0,0.75604132,-1.11522736,3.21662839,-7.64634875,-10.94356824,-9.60311765,34960858.39,34960858.39,43:23.8,Medium Risk
24877,BIM,BIM,FALSE,30000000,30000000,30000000,2023-07-13T11:26:21.000Z,539,1.161679535,207984.7536,207981.6654,3.08821213,1.72121604,4.91814634,8.02279814,-16.50409625,-21.85369403,-19.67904529,34850386.04,34850386.04,43:23.8,High Risk
30126,cat in a dogs world,MEW,FALSE,88888888888,88888888888,88888888888,2024-03-26T06:41:06.000Z,540,0.000391721,7483734.821,7258888.51,224846.311,1.55434861,1.60881801,10.24679928,-31.28974687,-36.67420896,-42.02197586,34819647.21,34819647.21,43:23.8,High Risk
32197,Magic Eden,ME,FALSE,539644427.6,999990886.8,1000000000,2024-07-15T10:03:01.000Z,541,0.064342941,139897627.9,139882138.3,15489.65947,1.42566249,-0.55009102,7.25442825,-36.64855859,-41.6511345,-47.80995692,34722309.43,64342940.76,43:23.8,High Risk
37340,Chainbase,C,FALSE,362571427,1000000000,1000000000,2025-07-14T05:37:45.000Z,542,0.095247037,9130757.764,7892462.284,1238295.479,-0.47371893,-0.07645071,-16.47442334,24.78876759,25.8602251,72.86831186,34533853.95,95247036.53,43:23.8,High Risk
5899,Casper,CSPR,FALSE,16035994141,19562142292, ,2020-07-21T00:00:00.000Z,543,0.002141351,1640706.3,1640706.3,0,0.2381217,0.22961105,-4.30194727,-27.10064026,-29.97617968,-35.66991037,34338691.1,41889411.75,43:23.8,High Risk
7129,TerraClassicUSD,USTC,FALSE,5576385225,6079469729,6079469942,2020-09-21T00:00:00.000Z,544,0.00614273,1473827.266,1471314.873,2512.393219,0.44326363,0.24646894,1.64796028,-6.08010667,13.71468596,18.820371,34254228.16,37344541.68,43:23.8,Low Risk
28596,Anchored Coins AEUR,AEUR,FALSE,29829604.6,2193835.75,67009654.6,2023-12-05T11:27:21.000Z,545,1.143114725,3116.633039,3116.633039,0,0.05683012,-0.04426722,-0.12361913,-0.31932142,-1.95491368,-0.11000207,34098660.24,76599722.86,43:23.8,Low Risk
1772,Storj,STORJ,FALSE,424999998,424999998, ,2017-07-02T00:00:00.000Z,546,0.079813431,5702452.319,5698123.049,4329.270109,1.3687883,1.01594418,2.05040742,-35.26645397,-24.75174314,-22.38337185,33920708.16,33920708.16,43:23.8,High Risk
39700,Bitmine Tokenised Stock (xStock),BMNRx,FALSE,1967103.987,1967103.987, ,2026-03-19T03:53:40.000Z,547,17.16127167,129839.4464,129839.4464,0,0.45121216,1.50933205,2.19275465,-12.44249148,-19.12690071,-19.12690071,33758005.93,33758005.93,43:23.8,Medium Risk
37614,PumpMeme,PM,FALSE,32008015,100000000,100000000,2025-08-05T11:36:57.000Z,548,1.048840253,97567.49867,73115.80144,24451.69723,0.44877787,0.76091623,4.83115697,-15.9208325,-13.07244029,-11.42421194,33571294.56,104884025.3,43:23.8,Medium Risk
36195,Alaya Governance Token,AGT,FALSE,2305626660,5000000000,5000000000,2025-04-03T07:25:50.000Z,549,0.01451445,19756729.52,18005533.71,1751195.812,0.20506542,-1.43401142,-11.01781996,30.43509663,24.6851405,144.0011592,33464903.92,72572252.27,43:23.8,High Risk
37034,Comcast tokenized stock (xStock),CMCSAX,TRUE,1232661.793,1232661.793, ,2025-07-01T15:48:31.000Z,550,27.08237077,616471.1095,616471.1095,0,-0.04760706,3.92836905,6.79922609,1.3510077,-14.49864754,-14.30247656,33383403.72,33383403.72,43:23.8,Medium Risk
36904,iota,SN9,FALSE,4004334,4004334,21000000,2025-06-20T21:13:11.000Z,551,8.335102212,365649.3774,0,365649.3774,0.38604543,1.60487659,13.68493594,36.43624104,42.0917551,4.37459594,33376533.18,175037146.5,43:23.8,High Risk
37052,McDonald's tokenized stock (xStock),MCDX,TRUE,114061.4891,152118.7973, ,2025-07-01T18:39:58.000Z,552,290.5205384,3866675.809,3862385.672,4290.137871,0.06756717,0.75789084,2.54809168,2.79311927,-5.99409108,-12.06811478,33137205.23,44193634.88,43:23.8,Low Risk
39883,Gensyn,AI,FALSE,1304675313,10000000000,10000000000,2026-04-28T22:00:41.000Z,554,0.025347741,8200947.913,8102121.658,98826.25569,-0.22678724,-7.7591702,11.4131109,-36.00718382,-28.22124572,-28.22124572,33070572.33,253477413.2,43:23.8,High Risk
3855,Locus Chain,LOCUS,FALSE,4643932928,7000000000,7000000000,2019-05-20T00:00:00.000Z,553,0.007122507,122126.8414,122126.8414,0,-0.01551857,-4.47669499,-2.20612988,-8.04965449,-5.99273671,-15.63039361,33076442.81,49857546.02,43:23.8,Medium Risk
9436,Dogelon Mars,ELON,FALSE,9.98584E+14,9.98584E+14,1E+15,2021-04-23T00:00:00.000Z,555,3.30E-08,6730934.284,6649751.878,81182.40641,1.23958936,5.78426277,9.09711564,-14.70751458,-17.68423718,-22.50669956,32940370.01,32987081.26,43:23.8,High Risk
2777,IoTeX,IOTX,FALSE,9441368498,9441368502,10000000000,2018-05-25T00:00:00.000Z,555,0.003484475,7103729.078,7095719.236,8009.842281,0.5570273,2.80221332,4.15262648,-22.71997658,-29.84631309,-34.13216616,32898216.59,34844754.33,43:23.8,High Risk
28688,AI Analysis Token,AIAT,FALSE,146389462.3,500000000,500000000,2024-01-18T07:54:17.000Z,557,0.223288274,368028.5854,368028.5854,0,-0.15551645,0.26779437,1.32507906,27.47001416,-7.81856376,-16.66890111,32687050.32,111644136.9,43:23.8,High Risk
38427,ZEROBASE,ZBT,FALSE,279166664,1000000000,1000000000,2025-09-17T11:42:40.000Z,558,0.116912948,14720093.87,13923629.3,796464.5712,2.98444131,3.92617643,-13.67186595,-27.95907691,-0.40534886,52.79752717,32638197.78,116912948.4,43:23.8,High Risk
35429,Solayer,LAYER,FALSE,456364742.4,999998411.2, ,2025-01-23T10:38:59.000Z,559,0.071388721,20888462.94,20888033.98,428.9606841,1.76160576,6.75423826,4.88279656,-25.41827863,-20.00364984,-18.61030494,32579295.38,71388607.83,43:23.8,High Risk
2943,Rocket Pool,RPL,TRUE,22535094.65,22535094.65, ,2018-07-17T00:00:00.000Z,560,1.438959576,7610055.957,7590811.879,19244.07803,1.08325867,1.22702506,9.04475809,-19.8168223,-28.39117299,-29.46165042,32427090.26,32427090.26,43:23.8,High Risk
37029,International Business Machines tokenized stock (xStock),IBMX,FALSE,120688.6378,120688.6378, ,2025-07-01T15:48:56.000Z,561,268.62,65.5513386,65.5513386,0,1.75385431,-3.71700326,-4.37847074,23.24279684,7.35781943,4.12031474,32419381.89,32419381.89,43:23.8,High Risk
29870,BOOK OF MEME,BOME,FALSE,68866855383,68866855383, ,2024-03-14T11:43:10.000Z,562,0.000470335,12403584.35,11845101.39,558482.9623,1.28871775,3.40616477,13.58892737,-19.91737469,-13.32880984,-0.34341159,32390504.8,32390504.8,43:23.8,High Risk
38757,APRO,AT,FALSE,250000000,1000000000,1000000000,2025-10-22T08:18:36.000Z,563,0.129126254,4978049.935,4035627.009,942422.9262,0.59086893,-9.42620002,4.3406293,-21.21795657,-22.02324974,-13.30452264,32281563.43,129126253.7,43:23.8,High Risk
2099,ICON,ICX,TRUE,1097116383,1108792174, ,2017-10-27T00:00:00.000Z,564,0.029376148,1744751.402,1744751.402,0,0.98090437,2.7782916,-0.5684233,-19.20854794,-25.51398649,-23.89453419,32229052.9,32572042.66,43:23.8,Medium Risk
36352,BSquared Network,B2,FALSE,67353370,207444585,210000000,2025-04-28T08:14:06.000Z,565,0.478325971,8228988.88,6933705.794,1295283.086,2.11753786,8.27012675,-1.47751103,-25.46375078,-22.86853493,-33.5062407,32216866.12,100448454,43:23.8,High Risk
3330,Pax Dollar,USDP,FALSE,31954027.03,31954027.03, ,2018-09-27T00:00:00.000Z,566,0.9995822,4200052.195,4199770.769,281.4257943,-0.01997461,0.01795233,-0.00049251,0.00449689,-0.02136414,0.01535816,31940676.64,31940676.64,43:23.8,Low Risk
5429,DEAPcoin,DEP,FALSE,29892900001,29892900001, ,2020-04-10T00:00:00.000Z,567,0.001068076,220517.9268,217983.184,2534.742806,-0.13517662,-0.0550983,-0.18156637,-2.97775793,-3.93732614,-10.45599923,31927884.28,31927884.28,43:23.8,Low Risk
25264,Snek,SNEK,FALSE,74707144960,75243418467,76715880000,2023-05-06T16:00:00.000Z,568,0.000427098,3294011.703,3255932.051,38079.65227,0.00478872,-3.86391344,20.15299967,-19.88578986,-10.82059284,-19.1513361,31907239,32765164.82,43:23.8,High Risk
11171,Mango,MNGO,FALSE,1117466989,1117466989, ,2021-08-05T00:00:00.000Z,569,0.028531306,9423.756151,7689.429707,1734.326444,0.0372798,1.12055395,-1.28081029,-9.07368559,-13.22256523,-12.40206213,31882792.46,31882792.46,43:23.8,Medium Risk
38407,Liquity BOLD,BOLD,TRUE,31916561.15,31916561.15, ,2025-09-16T02:33:08.000Z,570,0.998706995,1523760.41,0,1523760.41,0.02439552,0.03804104,-0.24382826,-0.33713458,-0.23074916,-0.5026743,31875292.89,31875292.89,43:23.8,Low Risk
38935,Tokenised GBP,TGBP,TRUE,23593229.34,23593229.34, ,2025-11-27T19:11:38.000Z,571,1.341609266,65337.08828,42560.42652,22776.66175,0.04861835,-0.08810473,0.35777262,0.70315992,-0.53536319,0.4660857,31652895.09,31652895.09,43:23.8,Low Risk
36775,MEET48,IDOL,FALSE,1046400000,4800000000,4800000000,2025-06-11T07:41:35.000Z,572,0.030166649,3817068.429,2037786.452,1779281.978,0.35145926,-3.34994118,5.6893965,22.79856277,28.49509914,4.6307132,31566381.22,144799913.9,43:23.8,High Risk
37743,Starpower,STAR,FALSE,186089142,553089142,1000000000,2025-08-13T06:18:32.000Z,573,0.169101726,14038569.32,9206928.194,4831641.121,0.03182191,12.27755956,2.64593425,1.67121347,138.0843369,141.430467,31467995.04,169101725.7,43:23.8,Medium Risk
27565,Arkham,ARKM,FALSE,225100000,1000000000,1000000000,2023-07-18T00:20:00.000Z,574,0.13920152,29302925.49,29302925.49,0,-0.43519833,1.3284936,13.28532092,15.47309656,12.72531908,17.3191748,31334262.21,139201520.3,43:23.8,High Risk
39797,Perle,PRL,FALSE,175000000,1000000000,1000000000,2026-03-23T07:39:28.000Z,575,0.178407953,79211026.89,77426085.38,1784941.501,0.28965104,-6.52191965,1.7309292,-14.14906366,-33.79062642,87.83543776,31221391.8,178407953.2,43:23.8,Medium Risk
1637,iExec RLC,RLC,FALSE,86999784.99,86999784.99,86999784.99,2017-04-20T00:00:00.000Z,576,0.356662918,3364138.613,3362997.021,1141.592113,0.39299491,0.31833372,4.95865263,-17.90646084,-19.44498113,-21.23756073,31029597.14,31029597.14,43:23.8,Medium Risk
4679,Band,BAND,TRUE,177773007.5,177773007.5, ,2019-09-18T00:00:00.000Z,577,0.173868621,4308711.278,4308420.085,291.1931175,1.38429041,2.88389164,2.68339362,-17.34807456,-26.31780393,-27.44425997,30909147.74,30909147.74,43:23.8,Medium Risk
1727,Bancor,BNT,FALSE,107863426.6,107863426.6, ,2017-06-18T00:00:00.000Z,578,0.285918725,2479919.945,2325792.24,154127.7056,0.77303682,2.87261735,3.50355046,-14.76217786,-9.09941337,-10.7051032,30840173.39,30840173.39,43:23.8,Medium Risk
28654,UPCX,UPC,FALSE,133963980.6,780000000,780000000,2023-12-11T04:27:33.000Z,579,0.229726257,1359287.626,1359287.626,0,-0.23090949,2.21520475,-15.44164282,-20.36866772,-19.21308975,19.21871667,30775043.78,179186480.1,43:23.8,High Risk
36552,LUSD,LUSD,FALSE,30776819.91,1E+13,1E+12,2025-05-20T06:29:03.000Z,580,0.999310531,43207.66686,42150.46103,1057.205833,-0.00618021,0.01855876,-0.02445724,-0.02726099,-0.07938645,-0.07874158,30755600.24,9.99311E+11,43:23.8,Low Risk
3893,ChangeNOW Token,NOW,FALSE,84803670,199763509.9,200000000,2019-04-29T00:00:00.000Z,581,0.362238772,8682.613167,0,8682.613167,1.46443781,3.33633865,3.78057588,-22.72269173,-33.94839393,-41.33380272,30719177.29,72447754.43,43:23.8,High Risk
8049,Tornado Cash,TORN,FALSE,5260263.431,9999997.247, ,2020-12-18T00:00:00.000Z,582,5.837096322,81278.14586,53910.29581,27367.85005,0.50891893,3.4995754,2.64315657,-0.59973086,-28.36626306,-37.91361895,30704664.33,58370947.15,43:23.8,Low Risk
32120,Gravity,G,FALSE,10841100000,12000000000,12000000000,2024-07-05T03:29:52.000Z,583,0.002831452,2464509.299,2449839.553,14669.74594,1.32480298,0.74982303,5.9420175,-20.68094148,-28.77147666,-33.6838135,30696056.43,33977426.38,43:23.8,High Risk
33849,HashKey Platform Token,HSK,FALSE,344960009,1000000000,1000000000,2024-11-08T04:32:46.000Z,584,0.088584344,4286064.701,4286064.701,0,-4.52279165,-0.92607131,1.3280327,-44.46346766,-44.88416774,-47.82123755,30558055.95,88584343.55,43:23.8,High Risk
36102,Particle Network,PARTI,FALSE,538947910,1000000000,1000000000,2025-03-24T02:22:29.000Z,585,0.056522212,17831658.08,17808680.45,22977.63357,0.49633388,-1.31125951,4.18002275,-5.52249648,32.32877388,-34.97434843,30462527.92,56522211.8,43:23.8,Medium Risk
28735,UNIPOLY,UNP,FALSE,219230000,1000000000,1000000000,2023-12-18T06:27:02.000Z,587,0.138816787,184346.2443,184346.2443,0,-0.190509,1.66619844,6.03905137,-12.98853758,-14.12127231,-14.75026712,30432804.31,138816787.4,43:23.8,Medium Risk
37058,Novo Nordisk tokenized stock (xStock),NVOX,FALSE,687674.9965,687674.9965, ,2025-07-01T18:40:23.000Z,588,44.25,36.319161,36.319161,0,-0.71797173,0.25565759,7.58570387,1.32814289,6.67791707,13.0556975,30429618.6,30429618.6,43:23.8,Low Risk
39800,OpenGradient,OPG,FALSE,190000000,1000000000,1000000000,2026-03-23T15:17:41.000Z,589,0.160020495,146494447,126583042.5,19911404.54,-2.58191546,-13.28642118,3.01223973,-39.10240533,-16.413982,-16.413982,30403894.01,160020494.8,43:23.8,High Risk
1974,Propy,PRO,FALSE,100000000,100000000, ,2017-09-19T00:00:00.000Z,589,0.304501442,7015280.623,6965817.709,49462.91371,-0.14435689,-0.81570135,4.77204775,-11.84284383,-13.0871859,-23.00326931,30450144.19,30450144.19,43:23.8,Medium Risk
37043,Thermo Fisher tokenized stock (xStock),TMOX,FALSE,64984.29321,64984.29321, ,2025-07-01T18:39:31.000Z,590,466.84,22.0301796,22.0301796,0,0.45402707,1.11375664,-1.57491936,6.44352228,-10.84033613,-1.42528347,30337267.44,30337267.44,43:23.8,Low Risk
2341,SwftCoin,SWFTC,FALSE,10000000000,10000000000, ,2018-01-04T00:00:00.000Z,591,0.003017482,504865.306,495954.6551,8910.650886,0.34828883,0.18440387,6.72315671,-13.07035703,-13.480883,-18.45446455,30174822.15,30174822.15,43:23.8,Medium Risk
20700,Wiki Cat,WKC,FALSE,5.37324E+14,5.37324E+14,5.53003E+14,2022-06-21T15:45:05.000Z,592,5.61E-08,185146.1637,103811.7196,81334.44405,-2.12914348,1.83880108,-7.26412741,-28.79255689,-44.20516935,-30.90998938,30134604.28,31013949.99,43:23.8,High Risk
3992,COTI,COTI,FALSE,2881652141,2881683806,4910000000,2019-06-04T00:00:00.000Z,593,0.010427802,3787062.516,3787062.516,0,0.84255298,1.06341958,3.92178819,-20.71414249,-31.35955959,-25.54742745,30049296.9,51200506,43:23.8,High Risk
9258,Chia,XCH,FALSE,14411726,33191992, ,2021-04-16T00:00:00.000Z,594,2.084194408,1677470.641,1677470.641,0,0.64747328,-3.45243858,1.46048639,-19.04136875,-9.55652111,-31.53664611,30036838.74,69178564.12,43:23.8,Medium Risk
22620,Across Protocol,ACX,FALSE,704657712.6,1000000000,1000000000,2022-11-09T23:45:27.000Z,595,0.042593019,3887678.585,3862426.253,25252.33261,0.29353154,0.32982839,2.04567788,0.2212992,-3.92466202,1.80842975,30013499.41,42593019.09,43:23.8,Low Risk
38869,Talus,US,FALSE,2200000000,10000000000,10000000000,2025-11-03T07:42:28.000Z,596,0.013601272,7341309.907,6621315.935,719993.9721,-2.5925912,-0.99511447,7.28501309,148.582626,160.5687215,342.7444071,29922797.48,136012715.8,43:23.8,High Risk
32521,Neiro,NEIRO,FALSE,4.20684E+11,4.2069E+11,4.2069E+11,2024-08-01T17:05:30.000Z,597,7.09E-05,12748961.35,12637117.98,111843.3694,0.9978848,0.09965939,1.59778279,-20.66431484,-30.69678129,-4.2849841,29822782.67,29823175.51,43:23.8,Medium Risk
1320,Ardor,ARDR,FALSE,998466231.3,998466231.3,998466231.3,2016-07-23T00:00:00.000Z,598,0.029886862,975931.3532,975931.3532,0,0.23085144,-0.0720583,6.77691983,-20.57527175,-31.56037721,-37.21692249,29841022.58,29841022.58,43:23.8,High Risk
6841,Phala Network,PHA,FALSE,840087670.2,1000000000, ,2020-09-13T00:00:00.000Z,599,0.035369299,14853307.16,14837963.25,15343.91292,1.70013806,-2.36775728,14.36895971,11.59783349,-10.63104395,10.20718256,29713312.25,35369299.31,43:23.8,High Risk
14806,ConstitutionDAO,PEOPLE,FALSE,5060137335,5060137335, ,2021-11-19T03:12:15.000Z,600,0.005858454,7436026.109,7436026.109,0,1.13599475,3.49776419,10.55946046,-17.88212237,-28.61518126,-18.45515267,29644583.95,29644583.95,43:23.8,High Risk
38034,Hims & Hers Health Tokenized Stock (Ondo),HIMSon,FALSE,981046.3582,981046.3582, ,2025-09-03T10:55:30.000Z,601,29.86872829,1698262.684,1641791.155,56471.52959,-0.17334209,8.36143938,9.42305704,21.21833463,11.82176957,19.95124293,29302607.11,29302607.11,43:23.8,High Risk
2982,MVL,MVL,FALSE,27802958863,30000000000,30000000000,2018-07-27T00:00:00.000Z,602,0.001048928,62700.94359,56673.62139,6027.322197,0.74284455,0.5311101,5.62604574,-18.08464407,-21.81702387,-25.62953221,29163315.93,31467855,43:23.8,Medium Risk
38470,Giggle Fund,GIGGLE,FALSE,989152.8672,989152.8672,989152.8672,2025-09-22T04:35:26.000Z,603,29.38954594,15518434.34,15505412.01,13022.33451,0.13684301,0.90982255,0.57953239,-12.66915315,-28.47811992,4.48358458,29070753.63,29070753.63,43:23.8,Medium Risk
5370,Hive,HIVE,TRUE,555377953.9,555377953.9, ,2020-03-26T00:00:00.000Z,604,0.051947511,4464132.671,4464132.671,0,0.88431618,2.55419091,11.19241115,-12.91419871,-17.4042113,-23.0897222,28850502.58,28850502.58,43:23.8,High Risk
2132,Powerledger,POWR,FALSE,568136209.7,1000000000, ,2017-11-01T00:00:00.000Z,605,0.050690285,2757298.088,2749768.743,7529.344607,0.97178131,1.66041699,3.04087074,-21.31104558,-26.56281434,-24.71490941,28798986.65,50690285.47,43:23.8,High Risk
30843,Renzo,REZ,FALSE,8553440891,9814629224,10000000000,2024-04-23T11:11:39.000Z,606,0.003359058,6270375.864,6265965.316,4410.547983,0.89918254,1.51454036,5.2382571,-36.72358882,-17.12907439,-3.82170109,28731501.05,33590576.5,43:23.8,High Risk
28340,SMART,SMART,FALSE,6720430108,8.36732E+11,8.36732E+11,2023-11-02T18:14:25.000Z,607,0.004263114,411779.7074,411779.7074,0,0.4524479,-0.75619822,0.65116245,-17.43279722,-33.27476929,6.59380159,28649960.2,3567085294,43:23.8,Medium Risk
39856,NotInEmploymentEducationTraining,NEET,FALSE,999766024,999766024,1000000000,2026-04-10T03:28:19.000Z,608,0.028613774,1483615.928,1084625.282,398990.6465,0.85054293,5.98951531,12.42980681,-13.59898661,-11.59864565,12.44603665,28607079.05,28613773.98,43:23.8,High Risk
4064,USDK,USDK,FALSE,28600072,28600072, ,2019-07-29T00:00:00.000Z,609,0.99191612,0,0,0,0,-1.5350032,-0.29161277,0.82852404,0.39617778,-0.38383523,28368872.46,28368872.46,43:23.8,Low Risk
2405,IOST,IOST,FALSE,33999051873,48298553487,90000000000,2018-01-16T00:00:00.000Z,610,0.000834128,5660382.03,5660382.03,0,1.11269368,1.75073259,4.22179451,-23.16091929,-27.79044924,-30.9201194,28359555.38,75071504.75,43:23.8,High Risk
3801,BORA,BORA,FALSE,1099750000,1205750000,1205750000,2019-03-18T00:00:00.000Z,611,0.025754371,214451.3818,214451.3818,0,1.31873555,1.57769543,6.64223789,-30.01299156,-30.03602981,-32.9793478,28323369,31053332.28,43:23.8,High Risk
38057,iShares Silver Trust Tokenized ETF (Ondo),SLVon,FALSE,443195.658,443195.658, ,2025-09-03T10:55:30.000Z,612,63.72022671,5705816.312,4189101.026,1516715.286,0.60416953,-0.1181331,2.64070459,-8.10636563,-11.51198979,-11.56533969,28240527.8,28240527.8,43:23.8,Medium Risk
30712,Merlin Chain,MERL,FALSE,1275280424,2100000000,2100000000,2024-04-17T02:01:42.000Z,613,0.022039379,6436632.148,6151110.372,285521.7764,0.66492592,2.74598047,15.1049742,-28.58731713,-39.58111372,-33.99422536,28106388.17,46282695.19,43:23.8,High Risk
9566,Liquity USD,LUSD,FALSE,27899899.59,27899899.59, ,2021-05-04T00:00:00.000Z,614,1.007302464,67236.23972,0,67236.23972,0.14881223,0.17853197,-0.20004299,0.32126852,0.78177814,-0.55215088,28103637.59,28103637.59,43:23.8,Low Risk
2273,Uquid Coin,UQC,FALSE,10000000,40000000, ,2017-12-13T00:00:00.000Z,615,2.805628069,38526.20033,38526.20033,0,-0.00093103,0.25346494,0.38575124,-0.3655392,-0.75888473,-2.28690607,28056280.69,112225122.8,43:23.8,Low Risk
10442,Decentralized Social,DESO,FALSE,8884536,10808492,10808492,2021-06-15T00:00:00.000Z,616,3.150608464,6447.178336,6447.178336,0,0.21979436,-4.41522627,-7.17370585,-17.24513056,-34.55962411,-50.99962629,27991694.32,34053326.37,43:23.8,High Risk
31528,deBridge,DBR,FALSE,1924684519,10000000000,10000000000,2024-10-17T14:03:31.000Z,617,0.01452464,8932879.187,8538232.762,394646.4248,-0.08284568,-10.18644292,0.1925205,2.99509145,6.32809605,-16.66191588,27955349.62,145246399.3,43:23.8,Medium Risk
37010,Abbott tokenized stock (xStock),ABTX,TRUE,313178.5556,313178.5556, ,2025-07-01T13:51:12.000Z,618,89.17190247,45.94228166,45.94228166,0,-0.00029987,2.69171697,0.35785854,5.04793131,-8.31786388,-20.46708041,27926727.61,27926727.61,43:23.8,Low Risk
38178,Swarm Network,TRUTH,FALSE,2085305300,10000000000,10000000000,2025-08-25T06:06:23.000Z,619,0.013341749,2600531.951,1316906.093,1283625.858,-1.10505691,4.18682894,11.34989212,-25.39906038,35.56956243,43.82019893,27821619.64,133417488.8,43:23.8,High Risk
3661,Stronghold SHx,SHX,FALSE,5793905044,99756866344,99756866344,2019-01-03T00:00:00.000Z,620,0.004788997,1333329.682,895061.825,438267.8566,1.60672149,8.50255457,5.50416146,3.70507652,-20.78401165,-6.59417086,27746994.34,477735341.6,43:23.8,Medium Risk
37740,OPEN tokenized stock (xStock),OPENX,FALSE,6396932.824,6396932.824, ,2025-10-23T09:34:22.000Z,621,4.32,26.679456,26.679456,0,0,-0.22795142,-1.36986301,-4,-20.44198895,-26.15384615,27634749.8,27634749.8,43:23.8,Low Risk
39170,Collect on Fanable,COLLECT,FALSE,537000000,3000000000,3000000000,2025-12-24T12:05:04.000Z,622,0.051286307,4053557.864,1561277.971,2492279.893,-2.17967876,-6.67998844,20.85290061,-18.57999156,44.5860156,-15.71633749,27540746.64,153858919.8,43:23.8,High Risk
38231,Momentum,MMT,TRUE,204095424,1000000000, ,2025-08-29T04:02:20.000Z,623,0.13477342,5648778.172,5589694.536,59083.63538,0.53152537,3.63155138,28.76801232,10.36610023,-7.14935497,5.76361365,27506638.28,134773419.9,43:23.8,High Risk
35690,B3 (Base),B3,FALSE,46431583333,1E+11,1E+11,2025-02-10T21:30:07.000Z,625,0.000591419,12924702.57,12745184.34,179518.2301,0.33362148,-2.41460015,14.26774374,-42.30061762,76.56254552,52.51823666,27460537.37,59141936.15,43:23.8,High Risk
22933,Electronic USD,eUSD,TRUE,27494711,27494711, ,2022-12-09T08:32:38.000Z,624,0.999991731,203501.3856,0,203501.3856,0.06820913,0.0698304,0.10289171,0.08528042,0.05681475,0.03326673,27494483.65,27494483.65,43:23.8,Low Risk
32966,Catizen,CATI,FALSE,453748246,1000000000,1000000000,2024-09-13T11:21:56.000Z,626,0.060372529,4564492.713,4563160.674,1332.038699,0.62309701,0.6510028,33.97776593,14.29937982,23.55181708,35.03220768,27393929.07,60372528.84,43:23.8,High Risk
37637,Somnia,SOMI,FALSE,243235907,1000000000,1000000000,2025-08-06T20:46:01.000Z,628,0.112421389,7522216.909,7495909.369,26307.54009,0.91310828,-0.31473288,3.13638281,-32.36501039,-39.00350999,-40.82516031,27344918.58,112421389.2,43:23.8,High Risk
39704,iShares Silver Trust Tokenised ETF (xStock),SLVx,FALSE,428667.01,428667.01, ,2026-03-19T03:53:41.000Z,627,63.87684781,97701.54569,97701.54569,0,0.65280525,-0.07159221,3.15421345,-8.13052235,-3.98790348,-3.98790348,27381897.36,27381897.36,43:23.8,Medium Risk
5691,SKALE,SKL,FALSE,6192144337,6342291667,7000000000,2020-06-12T00:00:00.000Z,629,0.004417325,4441601.9,4441601.9,0,0.9908226,-0.18371438,1.03645676,-30.41428421,-36.05001928,-36.09333955,27352713.92,30921274.93,43:23.8,High Risk
30746,BounceBit,BB,FALSE,1163658910,2100000000,2100000000,2024-05-13T10:01:10.000Z,630,0.023330257,5168590.224,5168233.541,356.683375,0.89120596,2.38490256,7.70465976,-23.01753084,-16.58243154,-18.6511718,27148461.25,48993539.37,43:23.8,High Risk
6953,Frax (prev. FXS),FRAX,FALSE,95521658,99681495.59,99681495.59,2020-09-08T00:00:00.000Z,631,0.28427861,1501872.05,1429191.719,72680.33079,0.909065,-0.75487229,-1.0389384,-33.70456037,-36.61535336,-54.30152484,27154764.17,28337317.01,43:23.8,High Risk
3835,Orbs,ORBS,FALSE,4374559635,10000000000, ,2019-04-03T00:00:00.000Z,632,0.006170744,2404191.323,2387592.006,16599.31699,0.55744985,0.75593744,7.2908156,-26.94612895,-31.76891047,-35.85813953,26994285.44,61707435.02,43:23.8,High Risk
9040,Pundi X (New),PUNDIX,FALSE,258386541.1,258386541.1,258526640,2021-03-31T00:00:00.000Z,633,0.103677848,1942650.869,1942650.869,0,0.23202589,-0.0078162,11.04965002,-27.10752674,-33.48456663,-34.63254859,26788960.62,26803485.78,43:23.8,High Risk
8602,Bounce Token,AUCTION,FALSE,6920407.126,7641035.648,10000000,2021-02-26T00:00:00.000Z,634,3.871303165,7245394.456,7245394.456,0,0.89916295,1.26541544,2.48663075,-18.93158738,-23.49065717,-25.45328832,26790994.01,38713031.65,43:23.8,Medium Risk
36770,Infinity Ground,AIN,FALSE,305466866.4,1000000000,1000000000,2025-06-09T09:31:23.000Z,635,0.087560224,2319322.763,2260975.236,58347.52739,-1.08221448,0.75405175,27.31110726,8.89302135,17.01120525,0.4830512,26746747.35,87560224.32,43:23.8,High Risk
21296,EthereumPoW,ETHW,FALSE,107818999,107818999, ,2022-08-08T05:19:50.000Z,636,0.247513885,2569988.264,2569988.264,0,0.75528811,2.54749059,8.21385661,-13.18606983,-12.76249325,-18.49744384,26686699.34,26686699.34,43:23.8,Medium Risk
37562,OLAXBT,AIO,FALSE,230250000,1000000000,1000000000,2025-07-31T06:45:30.000Z,637,0.116008425,2389361.429,2156119.421,233242.0083,-1.06213559,-5.17596872,-0.77219046,13.1758503,45.11214847,28.2228929,26710939.84,116008424.9,43:23.8,Medium Risk
33372,CARV,CARV,FALSE,609601253,1000000000, ,2024-10-09T06:46:03.000Z,638,0.043619084,8485121.782,8353360.771,131761.0108,0.79564355,5.36073023,16.69800997,-22.03571167,-27.73263768,-29.63529568,26590248.19,43619083.88,43:23.8,High Risk
23081,UNS TOKEN,UNS,FALSE,105604200,1000000000,1000000000,2023-03-31T05:24:19.000Z,639,0.25091993,3717.381265,0,3717.381265,-0.02545515,0.49307383,20.10311053,-12.50458432,-9.31077734,-8.37877146,26498198.42,250919929.5,43:23.8,High Risk
7501,WOO,WOO,FALSE,1888782088,1888782088,1888782088,2020-10-23T00:00:00.000Z,640,0.014026549,1978232.404,1934892.609,43339.79439,1.00933942,2.3026369,7.54754416,-19.51333103,-25.20484818,-30.24888014,26493094.89,26493094.89,43:23.8,High Risk
18069,GMT,GMT,FALSE,3111400155,5073850155, ,2022-03-09T12:47:15.000Z,641,0.008499785,4937183.748,4923817.362,13366.38605,0.87068185,0.59654728,9.02981077,-22.86542123,-27.38068409,-28.52339151,26446232.86,43126636.24,43:23.8,High Risk
9444,Kyber Network Crystal v2,KNC,FALSE,209267951.2,240962655.9, ,2021-04-26T00:00:00.000Z,642,0.125568542,3035761.286,3033883.02,1878.266451,1.07824519,2.35655392,4.60877153,-11.58086087,-11.58209238,-10.00776887,26277471.59,30257329.46,43:23.8,Medium Risk
30063,Gigachad,GIGA,FALSE,9302411888,9603935545,10000000000,2024-03-21T16:22:17.000Z,643,0.002823409,6799261.27,6588269.428,210991.8418,0.30835592,-6.88653034,13.71057545,-41.52670271,39.39628765,26.69112239,26264514.29,28234090.91,43:23.8,High Risk
1757,FUNToken,FUN,FALSE,10806201658,10806201658, ,2017-06-27T00:00:00.000Z,644,0.00242433,605508.0644,596669.6069,8838.457471,0.36507549,6.01615116,32.68351426,233.6876042,464.0246822,83.6855229,26197804.2,26197804.2,43:23.8,High Risk
24781,Cyber,CYBER,FALSE,71069300,100000000,100000000,2023-08-15T13:00:00.000Z,645,0.367395788,11387142.28,11387142.28,0,1.18534871,2.52821378,3.8431531,-27.18321395,-31.4684387,-36.28740374,26110561.5,36739578.83,43:23.8,High Risk
7878,MobileCoin,MOB,FALSE,198399727,250000000, ,2020-12-07T00:00:00.000Z,646,0.131460938,6926.378438,6926.378438,0,0.68141435,-7.5618539,-10.68838682,-18.97756123,-22.31313815,-16.17138318,26081814.17,32865234.45,43:23.8,High Risk
37609,INFINIT,IN,FALSE,345068683,1000000000,1000000000,2025-08-05T05:52:34.000Z,648,0.075009578,7808505.911,3718767.126,4089738.784,1.86605424,3.20631602,4.35974181,27.46882353,17.34487608,8.59112552,25883456.13,75009577.53,43:23.8,High Risk
40217,SpaceX Tokenized bStocks,SPCXB,FALSE,121380.1791,121380.1791, ,2026-06-11T03:04:29.000Z,647,213.7163524,39628891.17,39290227.1,338664.0668,0.31795785,25.71575287,33.57272025,33.57272025,33.57272025,33.57272025,25940929.14,25940929.14,43:23.8,High Risk
14822,Victoria VR,VR,FALSE,16800000000,16800000000,16800000000,2021-11-19T05:45:39.000Z,649,0.001533632,1431594.57,1431594.57,0,-0.61482974,-0.18760572,-1.5407585,-6.89425199,-8.88786944,-30.68857528,25765015.55,25765015.55,43:23.8,Low Risk
38001,Alphabet Class A Tokenized Stock (Ondo),GOOGLon,FALSE,69665.98168,69665.98168, ,2025-09-03T10:55:17.000Z,650,369.1218741,4303890.463,3951308.731,352581.7319,-0.14286439,1.13937001,1.24489159,-7.10226316,9.45680342,17.95437224,25715237.72,25715237.72,43:23.8,Low Risk
8719,Illuvium,ILV,FALSE,7341847.662,9165848.246, ,2021-03-08T00:00:00.000Z,651,3.503423293,2468292.387,2415507.656,52784.73093,1.20788647,2.54436356,6.68053148,-24.61746574,-23.30045272,-14.2189432,25721600.11,32111846.24,43:23.8,High Risk
37042,Salesforce tokenized stock (xStock),CRMX,FALSE,152358.5271,152358.5271, ,2025-07-01T18:39:27.000Z,652,168.42,24.8352132,24.8352132,0,0,-0.75511439,-7.05298013,-2.82153367,-6.72352681,-15.09376891,25660223.14,25660223.14,43:23.8,Medium Risk
4950,LCX,LCX,FALSE,949224759,949224759, ,2019-12-03T00:00:00.000Z,653,0.027003395,104187.7994,95666.49143,8521.307945,0.49333014,-1.15693942,-4.65040065,-27.66867312,-18.38273643,-41.60751584,25632291.52,25632291.52,43:23.8,High Risk
36281,Hyperlane,HYPER,FALSE,338174017.3,808000000,1000000000,2025-04-16T09:27:48.000Z,654,0.075085768,12208435.94,12206851.05,1584.883707,1.13173133,2.58884581,13.6438133,-32.29732377,-25.30715507,-24.4300015,25392055.93,75085768.35,43:23.8,High Risk
1230,Steem,STEEM,TRUE,550159464.6,550159464.6, ,2016-04-18T00:00:00.000Z,655,0.045967127,3919364.059,3919364.059,0,0.93844637,2.43084623,2.0852914,-19.08279045,-22.46270809,-33.29498296,25289249.93,25289249.93,43:23.8,Medium Risk
38029,Tesla Tokenized Stock (Ondo),TSLAon,FALSE,62311.14502,62311.14502, ,2025-09-03T10:55:15.000Z,656,404.3684513,4400689.806,3860166.994,540522.8113,-0.12882816,-1.75292892,-1.60882177,-3.80739428,3.76008588,0.49035959,25196661.21,25196661.21,43:23.8,Low Risk
17520,Orbler,ORBR,FALSE,1015586750,2000000000,2000000000,2022-03-01T07:28:22.000Z,657,0.024764951,28415.51399,28415.51399,0,0.77529694,-26.43131524,-29.04560327,20.90821955,-46.79315974,85.48100029,25150956.46,49529902.7,43:23.8,High Risk
14280,Euler,EUL,FALSE,23885236.44,27182818.28,27182818.28,2021-11-10T15:58:41.000Z,658,1.053275274,5764262.027,5686884.106,77377.92062,0.58509368,-3.99053838,20.21352953,-17.51530789,-27.6431867,7.66226475,25157728.97,28630990.39,43:23.8,High Risk
36893,τemplar,SN3,FALSE,4218473,4218473,21000000,2025-06-20T14:04:17.000Z,659,5.894152019,145383.8966,0,145383.8966,0.32532606,0.63602959,21.55487277,-26.23722984,-8.94196603,-69.38132836,24864321.15,123777192.4,43:23.8,High Risk
34434,Rekt (rekt.com),REKT,FALSE,2.81812E+14,4.2069E+14,4.2069E+14,2024-12-06T03:06:19.000Z,661,8.82E-08,346065.6773,258564.7067,87500.97064,0.95769291,2.21209753,7.42546056,-38.51199485,-35.106894,-42.91572011,24842434.58,37084835.7,43:23.8,High Risk
38468,Hana Network,HANA,FALSE,572400063.5,1000000000,1000000000,2025-09-22T03:54:23.000Z,661,0.043443914,15415699.45,6997995.486,8417703.959,3.86052498,35.30599447,40.84826151,10.8128575,4.14784887,-9.10466612,24867299.2,43443914.12,43:23.8,High Risk
37534,PlaysOut,PLAY,FALSE,769902908.6,4000000000,5000000000,2025-07-28T21:30:08.000Z,664,0.032102826,5593209.262,3653779.651,1939429.61,5.14985456,10.84736288,-61.88783214,-66.03823854,-68.93776482,-12.63735185,24716059,160514129.3,43:23.8,High Risk
1586,Ark,ARK,FALSE,197218140,197218140, ,2017-03-22T00:00:00.000Z,663,0.125355466,826415.5999,826415.5999,0,1.07556521,1.680871,9.11028239,-25.10746585,-28.79173425,-34.03789194,24722371.8,24722371.8,43:23.8,High Risk
9220,StrikeX,STRX,FALSE,872680993.8,880456959.3,1000000000,2021-04-14T00:00:00.000Z,665,0.028271614,0,0,0,0,1.79449867,2.55532558,15.89240509,39.0690789,14.58370109,24672100.36,28271614.19,43:23.8,Medium Risk
7978,Bonfida,FIDA,FALSE,990910813.7,990910813.7, ,2020-12-14T00:00:00.000Z,665,0.024891182,34325750.43,34306697.44,19052.98772,0.76422341,6.18521653,4.96464109,51.13951354,42.76044173,52.19460893,24664941.12,24664941.12,43:23.8,High Risk
34083,Zerebro,ZEREBRO,FALSE,999948358.1,999948588,1000000000,2024-11-19T16:27:39.000Z,662,0.024632946,8265262.123,8013186.753,252075.37,0.61202653,-2.68349498,-15.34277374,1.19211329,86.11002337,211.0038013,24631673.58,24632945.68,43:23.8,Medium Risk
37016,Klickl Token,KLK,FALSE,100000000,100000000,1000000000,2025-07-10T16:45:53.000Z,667,0.246453537,327982.821,327982.821,0,0.15178935,0.8617819,1.01433126,-15.99073293,-19.27632501,-22.36811079,24645353.7,246453537,43:23.8,Medium Risk
37053,Medtronic tokenized stock (xStock),MDTX,TRUE,307483.7017,307483.7017, ,2025-07-01T18:40:02.000Z,668,79.57,88.00155548,88.00155548,0,-0.57478446,-1.73083165,0.59418458,3.35108456,-8.7709241,-10.4143211,24466478.14,24466478.14,43:23.8,Low Risk
38864,Folks Finance,FOLKS,FALSE,12198407,50000000,50000000,2025-11-03T03:03:56.000Z,669,2.008396469,6366394.173,4362688.86,2003705.313,1.04327178,14.50229161,12.89373159,47.3628334,45.3359248,73.75738411,24499237.54,100419823.4,43:23.8,High Risk
16612,Nosana,NOS,FALSE,71783964.89,99999724.35, ,2021-12-29T12:29:11.000Z,670,0.337544562,460302.8024,229846.3565,230456.4458,0.04851211,-1.54213675,1.42173986,12.63600331,40.02366979,22.93931105,24230286.97,33754363.14,43:23.8,Medium Risk
12573,Clearpool,CPOOL,FALSE,975586940.8,993627634.6,1000000000,2021-10-10T08:04:07.000Z,671,0.024610424,1065727.869,1049571.64,16156.22946,0.91003389,2.35958476,13.13673531,-22.73614198,-2.47253902,15.03683492,24009608.5,24610424.24,43:23.8,High Risk
8083,Tokenlon Network Token,LON,FALSE,123468915,140451028.8,200000000,2020-12-23T00:00:00.000Z,672,0.194428917,20669.25744,3123.86702,17545.39042,1.53984942,1.83258536,5.69512231,-16.06378804,-31.36056163,-38.57674039,24005927.44,38885783.42,43:23.8,High Risk
38481,Anoma,XAN,FALSE,2500000000,10000000000,10000000000,2025-09-23T04:16:32.000Z,675,0.009556726,4643255.497,4045440.541,597814.956,1.92166455,2.48308431,21.67116127,2.73810436,0.50356133,-10.07542579,23891815.44,95567261.77,43:23.8,High Risk
37430,Trusta.AI,TA,FALSE,334791990,1000000000,1000000000,2025-07-20T07:37:06.000Z,673,0.071410461,2595423.571,2113567.215,481856.3561,0.99016102,3.67226039,-9.5039596,16.53961188,68.63905571,74.63077913,23907650.19,71410460.55,43:23.8,High Risk
30168,Xertra,STRAX,TRUE,2176082525,2176082525, ,2016-08-12T00:00:00.000Z,675,0.010983016,29741504.65,29741504.65,0,-0.22012905,19.20330805,31.71634626,-13.72783275,-20.42085034,-26.84364717,23899948.82,23899948.82,43:23.8,High Risk
7737,API3,API3,FALSE,86421978,171877693.8, ,2020-11-21T00:00:00.000Z,676,0.276255057,8290998.955,8286874.448,4124.506955,1.2957454,1.35608162,9.44878776,-18.99396582,-8.95113496,-7.19765961,23874508.5,47482082.16,43:23.8,High Risk
1816,Civic,CVC,FALSE,1000000000,1000000000, ,2017-07-17T00:00:00.000Z,677,0.023743501,1657332.457,1657332.457,0,1.05564255,1.50988486,4.01223705,-25.32708618,-24.41160752,-28.25770282,23743501.44,23743501.44,43:23.8,High Risk
9640,Metis,METIS,FALSE,7492434.342,10000000,10000000,2021-05-08T00:00:00.000Z,678,3.153750208,3827974.532,3779776.808,48197.7237,0.89469421,2.99172373,24.52313088,-10.58719991,-30.69978509,-8.89157173,23629266.36,31537502.08,43:23.8,High Risk
3217,Ontology Gas,ONG,FALSE,472511097,800000000,1000000000,2018-08-23T00:00:00.000Z,679,0.049899203,1182868.458,1182868.458,0,1.66933912,1.62558737,5.49229525,-24.6674603,-37.68682943,-20.847403,23577927.19,49899203.09,43:23.8,High Risk
24613,Open Campus,EDU,FALSE,774618056,1000000000,1000000000,2023-04-21T08:06:26.000Z,680,0.030421402,6389492.974,6384613.869,4879.105117,1.25551203,2.32818285,8.19068096,-32.85058032,-36.8553726,-63.51525788,23564967.44,30421402.21,43:23.8,High Risk
34103,aixbt,AIXBT,FALSE,998914867.4,998914867.4,1000000000,2024-11-20T08:37:44.000Z,681,0.023499554,7696295.61,7644631.68,51663.93064,1.44698094,-3.32501166,8.02151294,-30.12325742,-19.15063491,-10.70749253,23474054.18,23499554.32,43:23.8,High Risk
36164,Corn,CORN,FALSE,525000000,2100000000,2100000000,2025-03-30T07:17:33.000Z,682,0.044669604,5237180.41,5237180.41,0,0.38815125,1.36822767,1.10684367,27.56674211,8.01171923,32.65251663,23451542.03,93806168.11,43:23.8,High Risk
1788,Metal DAO,MTL,TRUE,90635915,90635915, ,2017-07-09T00:00:00.000Z,683,0.258274664,1188190.129,1188190.129,0,0.76442922,0.07360985,3.54437736,-13.6030912,-14.69069756,-12.62743059,23408960.53,23408960.53,43:23.8,Medium Risk
32698,DOGS,DOGS,FALSE,5.1675E+11,5.45217E+11,5.5E+11,2024-08-26T12:00:00.000Z,684,4.50E-05,6892689.155,6866245.211,26443.94388,0.98087052,-2.62809277,11.56949457,-19.03507703,37.1269673,45.75757205,23235162.73,24730216.74,43:23.8,High Risk
5468,Isiklar Coin,ISIKC,FALSE,100000000,100000000,100000000,2020-04-16T00:00:00.000Z,685,0.23116185,412748.1674,412748.1674,0,0.16709451,0.32516036,0.20303914,0.27561132,0.40363245,-6.98228843,23116184.97,23116184.97,43:23.8,Low Risk
3945,Harmony,ONE,TRUE,14958890803,14958890803, ,2019-06-01T00:00:00.000Z,686,0.001543612,2032122.329,2032122.329,0,1.42033647,0.52263156,5.1782085,-27.59713574,-33.14358123,-41.40205905,23090721.32,23090721.32,43:23.8,High Risk
36319,OKZOO,AIOT,FALSE,293249999,1000000000,1000000000,2025-04-23T11:09:28.000Z,688,0.078024801,2170258.481,1074309.851,1095948.63,2.58748472,3.92699645,23.97871593,-1.38390327,19.53571863,330.062636,22880772.78,78024800.87,43:23.8,High Risk
5444,Cartesi,CTSI,FALSE,926544469.7,1000000000,1000000000,2020-04-23T00:00:00.000Z,687,0.024684373,1774219.28,1774219.28,0,0.85162987,2.51216359,9.24629727,-18.52163749,-31.907288,-10.9159101,22871169.27,24684372.98,43:23.8,High Risk
23054,Cheelee,CHEEL,FALSE,56828115.49,1000000000,1000000000,2023-02-13T15:17:51.000Z,689,0.402387882,918143.3909,912836.9037,5306.487225,0.92680451,3.23480462,5.66220739,-8.06954087,-6.58497545,-8.91112039,22866945,402387881.5,43:23.8,Medium Risk
39151,Capybobo,PYBOBO,FALSE,31055555556,1E+11,1E+11,2025-12-19T07:16:03.000Z,690,0.000735092,661772.5366,653005.3499,8767.18673,0.24428227,0.79721375,-25.55189796,-25.73681763,-1.97918363,-5.91371691,22828687.78,73509191.42,43:23.8,High Risk
28230,Big Time,BIGTIME,FALSE,2486458192,5000000000,5000000000,2023-10-11T04:56:06.000Z,691,0.009114171,10987348.77,10987221.71,127.0632011,0.94852021,0.40754417,2.68572015,-27.95498585,-33.31117825,-37.91289903,22662003.92,45570852.54,43:23.8,High Risk
11289,Spell Token,SPELL,FALSE,1.71511E+11,1.96009E+11, ,2021-08-17T00:00:00.000Z,692,0.00013108,11098773.99,11068192.41,30581.57999,0.20406113,0.91009022,6.03263155,-19.07458558,-21.05907725,-30.37487801,22481539.47,25692754.45,43:23.8,High Risk
27765,Zeebu,ZBU,FALSE,179549568.9,271574623.5, ,2023-08-09T17:44:17.000Z,693,0.124672537,1301.92207,1223.853066,78.06900369,-0.14370864,-0.27532438,0.42834627,1.06629312,-63.61530865,-63.66580683,22384900.26,33857897.27,43:23.8,Low Risk
36511,SLT,SLT,FALSE,8500000,100000000,100000000,2025-05-15T07:27:26.000Z,694,2.633172242,44745.81297,31908.27535,12837.53762,0.50019629,1.17437161,5.93115956,-9.47197326,0.38175356,-79.20353622,22381964.05,263317224.2,43:23.8,Medium Risk
3029,Flux,FLUX,FALSE,412019158.5,412019158.5,560000000,2018-08-02T00:00:00.000Z,695,0.054266375,3395545.024,3391683.677,3861.347283,1.50953198,1.54875637,5.2356923,-24.49691096,-21.44038583,-6.33933112,22358786.32,30389170.21,43:23.8,High Risk
5947,TokenPocket,TPT,FALSE,3466457400,3466457400,5900000000,2020-07-29T00:00:00.000Z,696,0.006446731,60266.29655,55168.6073,5097.689247,-0.08635509,0.2079087,1.43509936,-16.69182939,-4.12263202,7.56089347,22347318.59,38035713.25,43:23.8,Medium Risk
7455,Audius,AUDIO,FALSE,1429072077,1429072077, ,2020-10-20T00:00:00.000Z,697,0.015575854,3311718.751,3265158.4,46560.35177,0.86446441,0.14445132,3.18282279,-21.45977456,-12.69802902,-24.89366442,22259018.1,22259018.1,43:23.8,High Risk
2930,IQ,IQ,FALSE,26331959477,26331959477,60000000000,2018-10-03T00:00:00.000Z,698,0.000842694,636346.2806,613793.8808,22552.39976,0.71359583,2.5665486,4.89644251,-22.30901821,-24.49118146,-30.49153397,22189790.82,50561654.96,43:23.8,High Risk
21533,Lista DAO,LISTA,FALSE,409325198.8,795588564.3,800000000,2022-08-23T12:33:20.000Z,699,0.053569041,4152846.09,4147042.117,5803.972703,1.21750397,1.93972001,3.19598784,-33.95291832,-41.12155519,-41.81321538,21927158.28,42855232.65,43:23.8,High Risk
35793,Autonomi,ANT,FALSE,335416431,1200000000,1200000000,2025-02-18T08:50:59.000Z,700,0.06520169,391407.7534,375353.0788,16054.67465,-0.1190734,1.96209638,-20.40090875,-22.68939275,-34.77974809,-21.88455397,21869718.12,78242027.87,43:23.8,High Risk
35216,Pythia,PYTHIA,FALSE,998158255.5,998158255.5,1000000000,2025-01-14T06:28:26.000Z,701,0.021770639,100427.2479,52464.90493,47962.34299,0.29361481,7.57359975,27.67027391,-49.21311931,-65.48277459,-64.24215679,21730543.17,21770639.13,43:23.8,High Risk
8677,Symbol,XYM,FALSE,6521992976,8538927667,8999999999,2021-03-03T00:00:00.000Z,702,0.003330976,88411.56657,88411.56657,0,1.03416311,-4.50576632,7.66634055,-21.67328898,3.68934411,13.50501016,21724602.44,29978784.5,43:23.8,High Risk
38838,SentismAI,SENTIS,FALSE,206488889,1000000000,1000000000,2025-10-30T05:27:22.000Z,703,0.104186677,3349321.758,1416932.09,1932389.668,0.76196873,4.7283357,4.02557443,38.66251304,63.68669668,175.1414601,21513391.15,104186676.9,43:23.8,High Risk
36892,Gradients,SN56,FALSE,4175539,4175539,21000000,2025-06-20T14:01:41.000Z,704,5.140222774,79104.41103,0,79104.41103,0.35907919,-0.37064584,23.35703855,-9.17220259,-4.66807734,-13.41962927,21463200.66,107944678.3,43:23.8,High Risk
19765,Moonbirds,BIRB,FALSE,285000000,1000000000,1000000000,2022-04-25T20:49:07.000Z,705,0.07509412,6726320.317,6355797.364,370522.9537,0.4539731,-3.85196641,1.29397758,-42.21303522,-48.7165394,-53.77358095,21401824.32,75094120.43,43:23.8,High Risk
2300,WAX,WAXP,TRUE,4606496717,4608433461, ,2017-12-21T00:00:00.000Z,706,0.004621534,999747.6497,996976.1074,2771.542251,0.49712186,-0.14610548,1.72658957,-28.58163387,-32.96773671,-31.79351942,21289082.74,21298033.46,43:23.8,High Risk
39159,Brevis,BREV,FALSE,250000000,1000000000,1000000000,2026-01-06T12:00:00.000Z,707,0.084889938,13003103.43,12576556.91,426546.5182,0.60188061,-1.83628719,5.74664806,-28.0005586,-34.65445408,-38.86378262,21222484.55,84889938.2,43:23.8,High Risk
4120,Prom,PROM,FALSE,18250000,19250000,19250000,2019-07-17T00:00:00.000Z,708,1.161825561,1623397.484,1618515.34,4882.144168,1.18153299,7.93404085,14.76345191,-33.42123294,-23.44062239,0.9392088,21203316.49,22365142.05,43:23.8,High Risk
37082,Tether Gold Tokens,XAUT0,TRUE,4909.477179,2777.937871, ,2025-07-02T06:51:19.000Z,709,4318.334548,537469.1074,0,537469.1074,0.32572263,0.32696341,0.36050469,-4.62881833,-9.5401435,-12.62263746,21200764.92,11996065.08,43:23.8,Low Risk
2545,ArcBlock,ABT,FALSE,98554305.44,186000000,186000000,2018-02-26T00:00:00.000Z,710,0.215096246,77120.32284,75656.72933,1463.593506,-1.1491153,2.34050279,2.57495628,-13.57736474,-31.34083793,20.37155343,21198661.14,40007901.78,43:23.8,Medium Risk
28194,SATS (Ordinals),SATS,FALSE,2.1E+15,2.1E+15,2.1E+15,2023-09-29T05:13:12.000Z,711,1.01E-08,4891368.924,4891368.924,0,1.15959112,1.11686973,7.25484255,-25.88594612,-47.94219926,-19.66033824,21137860.78,21137860.78,43:23.8,High Risk
5908,dKargo,DKA,FALSE,5000000000,5000000000,5000000000,2020-07-27T00:00:00.000Z,712,0.004217955,1607744.979,1607744.979,0,0.07734036,1.10403258,7.9577833,-28.49547469,-35.541881,-17.987011,21089774.85,21089774.85,43:23.8,High Risk
5604,Secret,SCRT,TRUE,343030347.8,358139512.1, ,2020-05-19T00:00:00.000Z,713,0.061424938,6628215.321,6625706.416,2508.905344,1.21793819,1.01245152,3.37634059,-28.4060883,-39.53986966,-26.67997219,21070617.85,21998697.33,43:23.8,High Risk
38117,Sapien,SAPIEN,FALSE,250000000,1000000000,1000000000,2025-08-18T15:38:43.000Z,715,0.083742384,3995338.861,3841652.61,153686.251,0.53516439,-1.17767911,5.8616258,-33.47015956,-2.70021023,6.11307671,20935595.89,83742383.57,43:23.8,High Risk
5266,MiL.k,MLK,FALSE,555855159,986245419,986245419,2020-08-05T00:00:00.000Z,712,0.037965146,4029803.872,4029803.872,0,0.30099102,-2.23254037,3.5839743,-25.47647649,-27.78855514,-31.0389664,21103121.99,37442950.84,43:23.8,High Risk
20490,ROGin AI,ROG,FALSE,66989873.61,200000000, ,2022-06-07T11:16:11.000Z,716,0.312558059,23534.07025,23534.07025,0,-0.03944795,2.47803253,-4.80156667,-0.82301369,24.39959045,25.33653694,20938224.86,62511611.77,43:23.8,Low Risk
37649,Orizon,ORI,FALSE,376917.1168,376917.1168,376917.1168,2025-08-07T14:31:26.000Z,717,55.82739543,316084.7625,0,316084.7625,0.13325729,3.20485946,-4.10880872,-0.66610879,0.37384341,1.53702507,21042300.93,21042300.93,43:23.8,Low Risk
1214,Lisk,LSK,FALSE,219513223.5,400000000,400000000,2016-04-06T00:00:00.000Z,718,0.095274544,2115416.179,2115416.179,0,0.91837963,1.4903778,1.12223303,-21.32005267,-29.3866323,-31.40347736,20914022.19,38109817.45,43:23.8,Medium Risk
39459,wojak (wojakcto.com),WOJAK,FALSE,3.05914E+14,3.05914E+14,4.2069E+14,2026-01-28T03:24:46.000Z,719,6.82E-08,1494765.089,1314506.52,180258.5693,1.60853461,7.47562333,33.21151228,-24.69379157,333.6983612,185.8739008,20852529.7,28676243.36,43:23.8,High Risk
4807,Shentu,CTK,FALSE,160385336,160385336, ,2019-10-19T00:00:00.000Z,720,0.129846842,1504004.451,1488368.976,15635.47505,0.88419396,0.47167361,5.68953676,-30.57028942,-30.37347225,-26.06389578,20825529.42,20825529.42,43:23.8,High Risk
34330,Freysa,FAI,FALSE,8189700000,8189700000,8189700000,2024-11-30T06:17:26.000Z,721,0.002525486,1166785.476,830721.7237,336063.7525,0.9185587,14.75531493,22.2279224,-15.1482557,-26.23279513,-64.03324735,20682971.03,20682971.03,43:23.8,High Risk
28480,Blast,BLAST,FALSE,63508355240,1E+11,1E+11,2024-06-26T14:06:36.000Z,722,0.000323283,2801726.18,2800522.413,1203.766853,1.25303912,2.16562975,4.48139234,-30.75871577,-39.62099975,-38.21381378,20531192.3,32328332.59,43:23.8,High Risk
10688,Yield Guild Games,YGG,FALSE,761155834.8,999716389.3,1000000000,2021-06-28T00:00:00.000Z,723,0.026935865,5834307.162,5801963.14,32344.02278,1.80922905,3.48377763,4.94522357,-28.82340654,-36.38533958,-36.59395329,20502390.63,26935864.76,43:23.8,High Risk
38634,Yei Finance,CLO,FALSE,129100000,999919716.3,1000000000,2025-10-09T09:38:39.000Z,729,0.156806661,32442812.73,4192470.237,28250342.49,-2.54230966,-37.75643338,14.89601206,111.1948417,31.71194238,126.7961426,20243739.94,156806661,43:23.8,High Risk
35600,Sign,SIGN,FALSE,2303333333,10000000000,10000000000,2025-04-25T14:19:12.000Z,725,0.008861037,4591454.061,4584792.58,6661.481698,0.46304561,0.87215882,2.31134107,-35.69219975,-54.10814304,-78.23238904,20409922.61,88610373.12,43:23.8,High Risk
30963,Zentry,ZENT,FALSE,8009612052,9706992814,10000000000,2021-12-05T00:18:20.000Z,726,0.002534106,1873449.331,1837001.952,36447.37876,-0.52346393,-0.02878543,-4.29857439,-18.20491609,-25.3394201,-27.49160656,20297206.49,25341060.67,43:23.8,Medium Risk
23756,ChainGPT,CGPT,FALSE,932831148.7,997766422,1000000000,2023-04-10T12:12:43.000Z,726,0.021653557,8598726.988,8385350.036,213376.9529,0.70361468,-1.23573158,3.64998894,-42.45256851,-2.99807788,-7.27812316,20199112.33,21653556.87,43:23.8,High Risk
39903,KAIO,KAIO,FALSE,681250000,10000000000,10000000000,2026-04-24T06:08:30.000Z,727,0.029665664,2066860.773,2066860.773,0,0.7487454,-4.40176121,-4.49660944,-60.69386401,-84.55235152,-84.55235152,20209733.69,296656641.3,43:23.8,High Risk
7429,Liquity,LQTY,FALSE,96230157.24,100000000,100000000,2020-10-16T00:00:00.000Z,729,0.209823623,5389248.092,5371501.617,17746.47536,1.79653175,2.16509257,5.81782113,-22.98287826,-28.26398564,-32.07639291,20191360.23,20982362.29,43:23.8,High Risk
8107,Cobak Token,CBK,FALSE,100000000,100000000,100000000,2020-12-24T00:00:00.000Z,730,0.201553612,4971008.554,4971008.554,0,-0.033853,1.5737905,3.56812096,-18.70638923,-20.58641503,-23.30423969,20155361.22,20155361.22,43:23.8,Medium Risk
33116,DeBox,BOX,FALSE,508212383.4,1000000000,1000000000,2024-09-23T15:07:23.000Z,731,0.039513406,18764.5637,16298.50997,2466.053726,1.11458007,1.18675866,-3.99124917,37.30208179,170.4452715,283.3392492,20081202.24,39513406,43:23.8,High Risk
11823,Pocket Network,POKT,FALSE,2339893811,2376538556, ,2021-09-12T10:19:10.000Z,732,0.008606722,1302675.056,1289527.832,13147.22339,0.61832981,2.86004413,3.75749406,-25.53498984,-33.01510611,-41.01646175,20138816.13,20454207.28,43:23.8,High Risk
2868,Constellation,DAG,FALSE,2873448318,3003804388, ,2018-06-20T00:00:00.000Z,733,0.006947712,846414.9947,846388.8685,26.1262,-0.58459371,-1.01312446,0.82990146,-57.85948406,-17.70146598,-32.14690911,19963892.74,20869569.23,43:23.8,High Risk
9543,Biconomy,BICO,FALSE,1000242811,1000000000,1000000000,2021-12-01T10:12:17.000Z,734,0.019877525,2476272.64,2476272.64,0,1.40963401,3.90507766,7.45217594,-18.20816223,-18.48069162,-21.94307455,19882351.95,19877525.47,43:23.8,High Risk
38031,iShares 20+ Year Treasury Bond Tokenized ETF (Ondo),TLTon,FALSE,224128.0633,224128.0633, ,2025-09-03T10:55:10.000Z,735,88.77900584,2030220.999,2028224.062,1996.936874,-0.03093968,-0.17361344,1.36738868,2.74208855,-0.00839786,-1.31514152,19897866.64,19897866.64,43:23.8,Low Risk
39150,RateX,RTX,FALSE,17497590.64,99999990.64,100000000,2025-12-18T14:55:30.000Z,737,1.129095938,5733174.373,2033621.914,3699552.459,7.02796938,25.67865631,29.50223272,-16.00657897,-30.24599414,-47.33694262,19756458.52,112909593.8,43:23.8,High Risk
8615,Epic Chain,EPIC,FALSE,33600000,33600000,33600000,2025-03-13T08:00:00.000Z,736,0.589285698,10305026.86,10284803.3,20223.56759,5.15114785,17.30524778,23.33900252,98.4637664,82.94695275,117.7743008,19799999.45,19799999.45,43:23.8,High Risk
29724,KONET,KONET,FALSE,452812109.3,999997956.2,1000000000,2024-08-22T19:14:35.000Z,738,0.043571978,8962211.647,8962211.647,0,3.02107316,-4.55231536,-15.5649532,28.10719231,25.72062588,187.4686211,19729919.09,43571977.61,43:23.8,High Risk
39910,Rujira,RUJI,FALSE,79950000,100000000,100000000,2026-04-27T16:34:20.000Z,739,0.246132092,8813.461444,8813.461444,0,0.23545425,3.59302788,4.89008789,-14.57169908,21.99051585,21.99051585,19678260.73,24613209.17,43:23.8,Medium Risk
3637,Aergo,AERGO,FALSE,489999995.8,500000000,500000000,2018-12-17T00:00:00.000Z,739,0.040214524,1155849.8,1155849.8,0,0.82337915,0.81292156,3.1741487,-24.1896238,-28.50517424,-29.05729782,19705116.58,20107261.99,43:23.8,High Risk
20245,Comtech Gold,CGO,FALSE,141000,141000,141000,2022-05-23T15:26:29.000Z,741,139.3731763,917433.3433,916797.7109,635.6324774,0.24181446,0.01923671,0.23025593,-3.87995795,-9.64260954,-12.9668629,19651617.86,19651617.86,43:23.8,Low Risk
39448,Buttcoin,BUTTCOIN,FALSE,999948640,999948640,999948640,2026-01-26T02:20:37.000Z,742,0.019589597,1247392.575,210895.3296,1036497.245,-0.00128808,-12.75639189,12.03154484,37.60042457,122.5229493,39.10187798,19588590.77,19588590.77,43:23.8,High Risk
32232,Public Masterpiece Token,PMT,FALSE,183138988.6,361071410,2000000000,2024-07-15T09:37:52.000Z,743,0.106837703,317509.863,317509.863,0,0.05507485,0.27306913,0.01252803,-1.34422782,-1.54803217,-3.56420958,19566148.79,213675405.1,43:23.8,Low Risk
35702,Nillion,NIL,TRUE,467893250,1000000000, ,2025-02-11T10:24:28.000Z,744,0.041577513,22479042.53,22366596.29,112446.2348,1.95668541,-5.0141978,10.02599763,-16.84141051,6.32810992,-21.97503456,19453837.75,41577513.13,43:23.8,High Risk
38545,COINDEPO,COINDEPO,FALSE,250318836,1000000000,1000000000,2025-10-01T06:37:58.000Z,745,0.077540828,1309929.144,1309929.144,0,-0.01168959,0.09652629,1.62115193,4.9574346,12.98873033,-1.73764403,19409929.88,77540828.3,43:23.8,Low Risk
29335,Pixels,PIXEL,FALSE,3382598143,5000000000,5000000000,2024-02-19T09:43:44.000Z,746,0.005720804,8941617.887,8941578.927,38.960073,1.13192881,1.64003632,8.17458955,-21.66415496,-29.95210691,-35.60046539,19351180.95,28604019.95,43:23.8,High Risk
22264,Oho,OHO,FALSE,24123896382,45000000000,45000000000,2022-10-18T06:18:38.000Z,747,0.000801868,138000.7917,138000.7917,0,0.89312734,1.94644695,6.46092859,-14.40153105,-11.57182239,-9.6907901,19344180.27,36084059.49,43:23.8,Medium Risk
39812,Based,BASED,FALSE,235000000,1000000000,1000000000,2026-03-28T06:19:34.000Z,748,0.081853868,50917671.84,35400810.99,15516860.85,-0.40698187,8.6987155,26.01575738,9.04711331,-32.8550797,-25.71394521,19235658.95,81853867.88,43:23.8,High Risk
33152,WalletConnect Token,WCT,FALSE,400108379,1000000000,1000000000,2024-09-24T15:24:51.000Z,749,0.047752017,26257567.05,26215175.17,42391.88228,2.30169482,-0.17956027,7.86120352,-21.94222059,-22.56321395,-23.66708718,19105982.12,47752017.01,43:23.8,High Risk
5824,Smooth Love Potion,SLP,TRUE,36339980070,36339980070, ,2020-07-08T00:00:00.000Z,750,0.00052536,1353182.771,1321958.082,31224.68872,1.38369725,2.58556338,4.57345057,-21.74632784,-19.25798456,-17.43881716,19091578.18,19091578.18,43:23.8,High Risk
1934,Loopring,LRC,FALSE,1368406999,1373873397, ,2017-08-30T00:00:00.000Z,751,0.013945828,2660150.343,2659629.329,521.0138017,0.31517129,1.54482952,7.57630726,-20.78195983,-16.5010465,-43.6693317,19083568.88,19159802.34,43:23.8,High Risk
33979,Usual,USUAL,FALSE,1834482819,1840209648,3000000000,2024-11-14T12:01:40.000Z,752,0.010394935,23684056.95,23673799.11,10257.84113,1.37116841,0.12303854,10.27811308,-25.72392237,-26.11026897,-29.76499602,19069329.58,31184804.87,43:23.8,High Risk
35114,Naoris Protocol,NAORIS,FALSE,599260000,4000000000,4000000000,2025-07-30T11:11:35.000Z,753,0.031817208,1258700.556,1213847.883,44852.67314,-1.17915838,-6.82286154,-2.04023477,-24.66904541,-38.65635196,-50.72401208,19066780.34,127268833.8,43:23.8,High Risk
5858,QANplatform,QANX,FALSE,1793533163,2200000000,3333333000,2021-11-13T00:00:00.000Z,754,0.010476377,152570.5237,133078.9427,19491.58103,-1.06680448,-0.32512847,-5.46538733,-10.09074961,-13.21928256,-32.47342496,18789730.12,34921254.18,43:23.8,Medium Risk
1762,Ergo,ERG,FALSE,83224590,83224590,97739924,2017-06-29T00:00:00.000Z,755,0.227814565,126409.2618,126409.2618,0,-0.36018603,2.78491734,5.9844934,-21.06025734,-29.68348289,-29.60457739,18959773.75,22266578.25,43:23.8,High Risk
38359,STBL,STBL,FALSE,700000000,10000000000,10000000000,2025-09-11T04:53:17.000Z,756,0.027029123,3344213.091,1746857.295,1597355.796,3.73222304,0.70885984,11.24839869,-15.88486908,-35.41543048,-28.8328392,18920386.11,270291230.1,43:23.8,High Risk
14803,Aurora,AURORA,FALSE,712920140,999759398,1000000000,2021-11-19T03:03:36.000Z,757,0.026267514,610616.5223,575421.807,35194.71526,0.35290936,-0.28648421,4.25898459,-1.15829516,-4.01547351,-14.28277558,18726639.63,26267513.83,43:23.8,Low Risk
31246,GameBuild,GAME,FALSE,19201763866,21419639000,21419639400,2024-05-14T13:14:18.000Z,759,0.000968792,686884.7363,686884.7363,0,-0.57577855,-0.61102671,2.66405506,-27.75585202,-29.89127169,-32.88829222,18602521.67,20751182.48,43:23.8,High Risk
35051,Sonic SVM,SONIC,FALSE,671187527.9,2399996782, ,2025-01-07T12:00:00.000Z,758,0.027818558,1267975.522,1259900.161,8075.361552,0.49521058,1.01148806,5.93332753,-31.03713737,-26.68997724,-39.34519405,18671469.35,66764450.32,43:23.8,High Risk
35053,pippin,PIPPIN,FALSE,999996253,999996253, ,2025-01-06T15:45:53.000Z,760,0.018613153,7619550.048,6633090.924,986459.1241,0.0957561,-3.74822252,-16.03692163,-23.68604463,-46.37506263,-85.33819258,18613083.18,18613083.18,43:23.8,High Risk
29676,Aevo,AEVO,FALSE,917146109.3,1000000000,1000000000,2024-03-07T06:26:50.000Z,761,0.020239541,4098534.438,4042863.263,55671.17442,1.06156049,0.44253333,5.66298864,-27.7963901,-23.33762769,-25.26914096,18562616.69,20239541.44,43:23.8,High Risk
2840,QuarkChain,QKC,FALSE,7244417950,10000000000, ,2018-06-04T00:00:00.000Z,762,0.002549389,457640.1504,457640.1504,0,0.54732771,0.75611522,3.6988186,-15.23114727,-20.71457712,-22.37953809,18468837.17,25493886.87,43:23.8,Medium Risk
25114,Cetus Protocol,CETUS,FALSE,947826087,1000000000,1000000000,2023-05-09T13:55:38.000Z,763,0.019430796,3041335.018,2923940.756,117394.2623,1.74372557,0.92479698,6.65262754,-29.54369895,-9.92940113,-1.37093168,18417014.96,19430795.6,43:23.8,High Risk
38926,Checkmate,CHECK,FALSE,279366672,1000000000,1000000000,2025-11-11T06:39:07.000Z,764,0.065639439,12444125.76,10315315.34,2128810.418,0.15757782,0.83958199,14.02520549,47.35830808,70.42417428,31.56257391,18337471.52,65639438.63,43:23.8,High Risk
4090,Wirex Token,WXT,FALSE,10000000000,10000000000,10000000000,2019-07-09T00:00:00.000Z,765,0.001815908,358521.898,358493.8645,28.03353322,-1.08589625,-4.49850604,-10.01408725,-30.5323966,-36.52235908,-25.52829273,18159077.14,18159077.14,43:23.8,High Risk
4206,WINkLink,WIN,FALSE,9.93702E+11,9.93702E+11,9.93702E+11,2019-08-01T00:00:00.000Z,766,1.82E-05,6310035.886,6305256.45,4779.436226,1.05958644,1.54874807,4.15764704,-7.83516915,-12.92563949,-20.3692738,18106595.14,18106595.23,43:23.8,Medium Risk
8534,Chintai,CHEX,FALSE,1248159733,1248159733, ,2021-02-20T00:00:00.000Z,767,0.014424325,190453.7751,159662.5835,30791.19153,-0.04296908,-3.72705667,3.37819818,-25.31404675,-5.99443359,-29.0428556,18003861.46,18003861.46,43:23.8,High Risk
39706,Bitgo Tokenised Stock (xStock),BTGOx,FALSE,3138222.175,3138222.175, ,2026-03-19T03:53:43.000Z,768,5.73,661.5815541,661.5815541,0,0,15.99190283,1.77619893,-36.47450111,-45.16746411,-45.16746411,17982013.06,17982013.06,43:23.8,High Risk
5067,MAX Exchange Token,MAX,FALSE,66931156.5,285000000,500000000,2020-07-14T00:00:00.000Z,769,0.268114045,53441.58531,53441.58531,0,0.32802029,-0.14844293,-4.26082584,-9.39862599,-7.63621065,-7.28907332,17945183.09,134057022.4,43:23.8,Medium Risk
9285,Moonriver,MOVR,TRUE,12188894,12545581, ,2021-04-19T00:00:00.000Z,770,1.46344891,5843931.329,5843931.329,0,0.6320248,3.50933695,14.38453468,-37.01988921,-50.88327415,12.76628056,17837823.64,18359816.84,43:23.8,High Risk
3814,Celer Network,CELR,FALSE,7803424107,10000000000,10000000000,2019-03-25T00:00:00.000Z,771,0.002260818,1576224.985,1576224.985,0,1.08036195,1.91218491,4.38910617,-14.71110344,-13.49214886,-21.84884608,17642124.04,22608183.02,43:23.8,Medium Risk
34297,SynFutures,F,FALSE,4287411353,10000000000,10000000000,2024-12-06T10:15:16.000Z,772,0.004055744,4152762.097,4152762.097,0,1.23289348,1.78160443,7.07392278,-23.15778441,-28.13343847,-29.75996061,17388643.79,40557442.15,43:23.8,High Risk
32068,Global Commercial Business,GCB,FALSE,1201844746,1201844746,2500000000,2024-07-03T07:47:51.000Z,773,0.014330596,5113.261417,5113.261417,0,-0.01208032,-0.66501404,-0.70180285,-13.59164336,-15.96810778,-16.38475042,17223151.78,35826490.55,43:23.8,Medium Risk
38717,Bluwhale,BLUAI,FALSE,1228000000,10000000000,10000000000,2025-10-20T03:36:16.000Z,774,0.013962031,8327718.578,8059613.846,268104.7315,-0.47726171,0.20727722,4.8279902,-9.03350974,57.58423829,122.6193082,17145373.54,139620305.7,43:23.8,Medium Risk
36215,Apertum,APTM,FALSE,100053095.1,100349442.1,2100000000,2025-04-08T05:10:39.000Z,775,0.171124393,665542.5019,665542.5019,0,-0.06268352,1.82511872,0.84443014,-14.2158944,-38.05762497,-36.96138507,17121525.14,359361224.7,43:23.8,Medium Risk
39671,龙虾 (Lobster),龙虾,FALSE,1000000000,1000000000,1000000000,2026-03-10T10:51:24.000Z,776,0.017119275,11443448.99,8650316.679,2793132.308,-1.39755932,50.55817129,86.23108057,148.3699564,116.5919819,14.45916648,17119274.66,17119274.66,43:23.8,High Risk
6731,Tokamak Network,TOKAMAK,TRUE,43841454,104539374.8, ,2020-08-29T00:00:00.000Z,777,0.388991546,280518.7826,280518.7826,0,0.29103462,1.18135257,6.41606652,-27.90656064,-20.24813034,-23.87023355,17053954.95,40664932.96,43:23.8,High Risk
31525,Taiko,TAIKO,FALSE,192837556.2,1000000000,1000000000,2024-06-04T04:40:45.000Z,778,0.088333301,6808911.789,6808911.789,0,0.81968465,0.87511248,4.82626733,-19.40899616,-29.1034373,-34.23605336,17033977.85,88333300.78,43:23.8,High Risk
39042,Power Protocol,POWER,FALSE,210000000,1000000000,1000000000,2025-12-02T09:59:07.000Z,781,0.080599848,3217384.892,970984.2188,2246400.673,1.6616989,6.47714923,-9.59098612,-5.55457154,-20.34724053,-24.7510501,16925968.07,80599847.95,43:23.8,Medium Risk
28933,Xai,XAI,FALSE,2073357446,2207134824,2500000000,2024-01-09T15:55:00.000Z,780,0.008176822,4910409.639,4909284.461,1125.178573,1.29275449,-0.74110106,3.95285137,-22.80552627,-21.13183,-22.93643839,16953475.03,20442055.3,43:23.8,High Risk
38021,iShares Core MSCI EAFE Tokenized ETF (Ondo),IEFAon,FALSE,169943.1083,169943.1083, ,2025-09-03T10:55:11.000Z,780,99.69705127,1564910.442,1564771.808,138.6339434,0.48865989,0.85745088,2.02354319,5.03516285,2.66096619,6.35755249,16942826.78,16942826.78,43:23.8,Low Risk
35319,Animecoin,ANIME,FALSE,5538604656,10000000000, ,2025-01-23T14:00:00.000Z,782,0.003056982,5140548.138,5133190.856,7357.281704,1.49531213,0.75852341,3.82853146,-31.81528875,-37.49159832,-43.29334879,16931412.71,30569816.33,43:23.8,High Risk
7817,Bifrost,BFC,TRUE,1386638564,2584913482, ,2020-11-30T00:00:00.000Z,784,0.012195417,1504055.737,1504055.737,0,-0.72607255,0.09492405,1.75027099,-22.87288799,-25.67462822,-32.74414358,16910636.03,31524098.78,43:23.8,High Risk
36492,Acurast,ACU,TRUE,217000000,1000000000, ,2026-01-20T04:00:16.000Z,783,0.077947023,2240620.016,1991353.923,249266.0932,0.28050771,-2.87121112,0.34107173,-12.09147103,-17.6381503,-22.28968533,16914504,77947023.02,43:23.8,Medium Risk
37393,Young,YNG,FALSE,27000000,100000000,100000000,2025-07-17T09:32:01.000Z,785,0.625776364,84432.01258,65812.92141,18619.09117,0.90564301,0.85282437,1.92082089,-2.30180255,25.90311391,27.04254383,16895961.82,62577636.39,43:23.8,Low Risk
38035,Intel Tokenized Stock (Ondo),INTCon,FALSE,132393.0239,132393.0239, ,2025-09-03T10:55:20.000Z,786,127.4752651,5321268.215,1886548.836,3434719.379,1.06254889,-1.11203372,13.63636283,19.29365575,86.24875479,185.4377831,16876835.82,16876835.82,43:23.8,High Risk
36288,Definitive,EDGE,FALSE,253108075.2,1000000000,1000000000,2025-04-17T06:36:59.000Z,787,0.066289758,1309433.896,1265173.306,44260.59037,0.60635241,0.65714457,3.9485065,-34.38875304,-42.69416535,-51.56239119,16778472.97,66289757.69,43:23.8,High Risk
2303,MediBloc,MED,FALSE,10644041819,11434259731, ,2017-12-22T00:00:00.000Z,788,0.001576979,173742.8645,173742.8645,0,0.80887908,1.47285262,3.9044333,-26.86926474,-29.43317299,-34.38643032,16785431.07,18031588.17,43:23.8,High Risk
18386,Faith Tribe,FTRB,FALSE,3301940013,5000000000,5000000000,2022-02-25T07:48:12.000Z,789,0.005052509,279462.8682,279462.8682,0,0.19291441,0.0790629,-1.69722144,-7.83457084,-15.35338593,-21.74019695,16683081.57,25262544.9,43:23.8,Low Risk
39858,Commonwealth,CWU,FALSE,900496822.4,999999310,1000000000,2026-04-10T06:33:13.000Z,790,0.01766799,76197.93521,0,76197.93521,-3.17330087,-5.86372763,-19.12301201,-73.62919181,-28.17694562,21028.29029,15909968.5,17667989.61,43:23.8,High Risk
38513,OpenEden,EDEN,FALSE,362632011.4,1000000000,1000000000,2025-09-28T09:38:50.000Z,790,0.045621506,16036425.4,15967643.76,68781.6354,2.21523012,-5.07830589,8.90805992,9.48682463,29.60927752,19.9472346,16543818.32,45621505.54,43:23.8,High Risk
7224,DODO,DODO,FALSE,1000000000,1000000000,1000000000,2020-09-29T00:00:00.000Z,791,0.016444656,1939563.114,1936127.172,3435.942032,0.76602081,6.72825275,4.98683224,-12.576248,-6.85983973,4.64772714,16444656.33,16444656.33,43:23.8,High Risk
36354,Goldgr,GOLDGR,FALSE,117663.4537,10000000000,100000000,2025-04-28T11:07:24.000Z,792,139.3332276,3373.014307,0,3373.014307,0.66598309,0.35343398,0.8993919,-4.44129299,-9.43078115,-12.62357461,16394428.77,13933322755,43:23.8,Low Risk
21988,QIE Blockchain,QIE,FALSE,84369093,84369093,150000565,2022-09-28T20:33:37.000Z,793,0.194300506,108302.2089,108302.2089,0,-0.01765349,0.75349853,0.78351466,18.11316583,61.93678898,5.31356547,16392957.49,29145185.73,43:23.8,Medium Risk
38542,SLIMEX,SLX,FALSE,1733000000,10000000000,10000000000,2025-09-30T19:04:45.000Z,794,0.00945227,321219.6794,281907.8463,39311.83307,-1.80825833,-56.84946497,-93.2474075,429.918951,265.8867906,180.7526459,16380783.11,94522695.41,43:23.8,High Risk
3978,Chromia,CHR,FALSE,974831915.4,974831915.4,978064789,2019-05-28T00:00:00.000Z,796,0.016740165,2305129.646,2302275.739,2853.907598,0.90355117,-0.45402532,8.38334665,-24.1482223,-21.54841163,-9.16740256,16318846.67,16372965.51,43:23.8,High Risk
14783,Treasure,MAGIC,FALSE,336018972.3,347687043, ,2021-11-18T11:20:24.000Z,797,0.048480307,4447508.325,4418747.756,28760.56943,1.10893369,0.95317779,5.3231645,-23.88066597,-26.91757417,-27.13239558,16290302.84,16855974.48,43:23.8,High Risk
36935,Mango Network,MGO,FALSE,1602963061,10000000000,10000000000,2025-06-24T09:00:00.000Z,797,0.010162281,706964.2094,648619.5016,58344.70775,0.11979098,1.43496616,1.5011234,-32.56886875,-40.6814432,-51.03400611,16289760.94,101622809.3,43:23.8,High Risk
1883,Adshares,ADS,FALSE,38749701.06,38758206,38758206,2017-08-12T00:00:00.000Z,799,0.418844231,446113.4686,0,446113.4686,0.58084391,2.57809421,3.9408856,-12.45523773,-30.47624785,-30.5244124,16230088.74,16233650.98,43:23.8,Medium Risk
11568,Adventure Gold,AGLD,FALSE,92830001,92830001,96000000,2021-09-02T10:19:07.000Z,799,0.174176947,8112290.392,8112290.392,0,0.85485258,-1.06507147,-7.67439812,-26.27642095,-37.09619093,-31.94767481,16168846.15,16720986.9,43:23.8,High Risk
38495,Mira,MIRA,FALSE,296310085,1000000000,1000000000,2025-09-23T22:44:54.000Z,801,0.054384205,20384507.31,19553479.09,831028.2157,0.3964099,-1.66669013,-2.71151158,-32.14514271,-38.95811065,-37.81346515,16114588.44,54384205.11,43:23.8,High Risk
39461,Infinex,INX,FALSE,1994300000,10000000000,10000000000,2026-01-28T07:33:58.000Z,801,0.008065227,4754132.764,4367697.302,386435.4626,0.97988035,-0.01946167,15.14885205,-28.12630905,-33.69646332,-31.26001721,16084481.3,80652265.46,43:23.8,High Risk
34987,FLock.io,FLOCK,FALSE,389763667.9,391105056.4,1000000000,2025-01-01T16:00:00.000Z,802,0.041073602,3053784.117,2956895.504,96888.61324,1.19591538,0.42266684,8.33650844,-36.33782797,-30.8602223,-31.55251548,16008997.82,41073602.13,43:23.8,High Risk
36874,OpenKaito,SN5,FALSE,3481348,3481348, ,2025-06-20T05:29:32.000Z,803,4.587335981,23491.93357,0,23491.93357,0.35034833,1.09681129,22.61235149,-26.03385373,-10.36151462,8.10319958,15970112.94,15970112.94,43:23.8,High Risk
24190,Fulcrom Finance,FUL,FALSE,16693905295,20000000000, ,2023-04-03T12:16:48.000Z,805,0.000957819,2153.429792,406.79132,1746.638472,0.39667429,1.16950567,4.28804877,-11.86336039,-47.40186599,-61.42229704,15989747.54,19156389.42,43:23.8,Medium Risk
38371,Boundless,ZKC,TRUE,302534273,1053031728, ,2025-09-11T18:26:01.000Z,806,0.052569377,22223144.67,22220254.54,2890.128332,0.34507613,-2.51869236,8.9242349,-24.51111053,-31.08589061,-36.52405247,15904038.32,55357222.12,43:23.8,High Risk
38219,Araracoin,ARARA,FALSE,36250000000,1E+11,1E+11,2025-08-28T05:19:05.000Z,807,0.000436539,14444.33517,14444.33517,0,0.03967567,0.52786068,-0.08219412,-0.14216618,0.91962536,2.27621089,15824542.71,43653910.92,43:23.8,Low Risk
33439,Lumia,LUMIA,FALSE,173028573.2,238888888,238888888,2024-10-17T03:48:13.000Z,808,0.091299371,2179049.907,2179049.907,0,0.82973916,-0.28029243,13.1646917,-9.9257191,-12.41130327,30.24907272,15797399.96,21810405.3,43:23.8,Medium Risk
11223,MetaMUI,MMUI,FALSE,476246491,800000000,800000000,2021-08-11T00:00:00.000Z,809,0.033122496,540913.0197,540913.0197,0,-0.22543142,1.61723807,-1.20558452,-15.57868928,-16.99215221,-18.91852897,15774472.73,26497997.2,43:23.8,Medium Risk
32809,Orderly,ORDER,FALSE,389598272.5,997869608.7,1000000000,2024-08-26T10:35:00.000Z,809,0.040522792,5894170.164,5837242.643,56927.52151,0.67427193,-0.02072357,5.22348706,-23.65683379,-32.64149589,-31.80766905,15787609.95,40522792.49,43:23.8,High Risk
34285,tokenbot,CLANKER,FALSE,986277.2566,1000000,1000000,2024-11-28T11:23:05.000Z,811,15.86380519,3556494.539,3131112.008,425382.531,0.29377551,2.82509888,9.3716383,-35.86219425,-41.48587233,-45.48501621,15646110.27,15863805.19,43:23.8,High Risk
36666,Titan's Tap,TIT,FALSE,30688322970,79999980098,80000000000,2025-06-23T04:08:21.000Z,812,0.000507666,5341.399737,5341.399737,0,-0.01208112,0.73240271,-0.00954839,6.48875142,-0.63956871,-14.47255782,15579429.46,40613309.42,43:23.8,Low Risk
17591,NYM,NYM,FALSE,835376773.7,1000000000,1000000000,2022-01-24T08:30:07.000Z,813,0.018577292,1818480.792,1800851.438,17629.35392,-0.02257171,-0.21900517,0.28249501,-30.4363983,-44.08128623,-46.57971593,15519038.01,18577291.71,43:23.8,High Risk
16690,Abey,ABEY,FALSE,1044274129,1341565395,1341565406,2021-12-30T15:39:51.000Z,814,0.014847966,24162.20393,24162.20393,0,0.02766906,-1.32589109,-1.75601609,-13.14097767,-0.83092182,44.68176741,15505347.25,19919518.14,43:23.8,Medium Risk
21914,SaucerSwap,SAUCE,FALSE,906481618.6,906681580.4,1000000000,2022-09-22T07:50:46.000Z,815,0.017102547,55659.34186,10127.28116,45532.0607,0.9122709,2.36874347,0.50991265,-18.33898651,-19.45650251,-29.14120318,15503144.92,17102547.47,43:23.8,Medium Risk
39035,zkPass,ZKP,FALSE,275000000,1000000000,1000000000,2025-12-01T06:02:51.000Z,816,0.056226155,10034898.54,9998468.723,36429.81962,1.01619273,-2.02158738,4.99508555,-21.48044115,-26.81659465,-35.09506849,15462192.63,56226155.03,43:23.8,High Risk
9386,Kishu Inu,KISHU,FALSE,9.31E+16,9.67E+16,1.00E+18,2021-04-20T00:00:00.000Z,816,1.66E-10,255778.6067,209316.0182,46462.58849,0.77263355,8.90541456,16.36076856,-35.00163247,304.219022,399.6974212,15463259.84,166028643.2,43:23.8,High Risk
20435,Velodrome Finance,VELO,TRUE,915202511,2503847809, ,2022-06-02T20:23:25.000Z,818,0.016870906,7805258.794,7549661.183,255597.611,1.0020606,14.17010469,21.27843631,9.13579505,3.7624957,1.66571898,15440295.56,42242181.09,43:23.8,High Risk
6138,DIA,DIA,FALSE,119676104,168817248,200000000,2020-08-04T00:00:00.000Z,819,0.127987396,2688540.21,2682729.099,5811.110742,0.46284188,0.78716774,3.63039923,-30.46303873,-35.95776847,-34.46396448,15317032.92,25597479.21,43:23.8,High Risk
37374,Caldera,ERA,FALSE,148500000,1000000000,1000000000,2025-07-16T04:20:19.000Z,820,0.10335089,5698708.761,5664641.151,34067.61,0.4129052,-0.02588698,4.12571518,-19.68790168,-25.05273659,-29.03774954,15347607.13,103350889.8,43:23.8,Medium Risk
31843,Aura,AURA,FALSE,963288620,963288620,965383478,2024-06-17T00:24:55.000Z,821,0.015928889,901853.6155,812485.6382,89367.97731,2.05718744,2.75631219,26.34316917,-9.82250241,69.7879808,62.38702823,15344117.76,15377486.52,43:23.8,High Risk
8489,XSGD,XSGD,FALSE,19723853.4,83617320.37, ,2021-02-17T00:00:00.000Z,822,0.777216004,612287.6504,57190.16234,555097.4881,-0.24355828,-0.30264799,0.00309002,-0.65175437,-1.11725061,-0.68580493,15329694.51,64988719.57,43:23.8,Low Risk
36903,Ridges AI,SN62,FALSE,4372525,4372525,21000000,2025-06-20T21:10:02.000Z,823,3.492715826,98653.72748,0,98653.72748,0.38878517,-1.28599545,19.84910532,-23.70353454,-54.39726271,-64.40776752,15271987.27,73347032.34,43:23.8,High Risk
2137,Electroneum,ETN,FALSE,17979817605,17979817605,21000000000,2017-11-02T00:00:00.000Z,824,0.000847713,239921.9253,239921.9253,0,-0.01580424,2.03956831,-4.32909212,-16.6623958,-14.98032531,-11.9020329,15241718.73,17801965.53,43:23.8,Medium Risk
3418,Metadium,META,FALSE,1737608720,2000000000,2000000000,2018-10-09T00:00:00.000Z,825,0.00876775,304844.9035,304844.9035,0,-0.45435223,6.56765416,11.76782692,-21.30449203,-11.47941907,-13.61229729,15234919.08,17535500.25,43:23.8,High Risk
33854,Bertram The Pomeranian,BERT,FALSE,966749338,979946262,979947881,2024-11-08T16:42:54.000Z,826,0.015659539,1067528.021,913642.9858,153885.0355,1.80881287,5.37369345,5.72741994,-4.57030922,42.41532387,37.02964918,15138849.3,15345532.4,43:23.8,Medium Risk
11584,Braintrust,BTRST,FALSE,241347782,250000000,250000000,2021-09-02T18:08:47.000Z,827,0.06245168,25951.62099,25951.62099,0,-1.1284494,-4.90167436,-17.05985316,-26.58320936,-7.06510821,-14.43970783,15072574.36,15612919.9,43:23.8,High Risk
30449,Tensor,TNSR,FALSE,487102757.2,783790904.7, ,2024-04-08T11:24:28.000Z,828,0.030831186,13830275.96,13785844.73,44431.22833,1.16063111,3.04391097,5.69553385,-19.57522304,-23.82837941,-35.26239614,15017955.72,24165203.2,43:23.8,High Risk
11948,Radix,XRD,FALSE,13462090827,13462090840,24000000000,2021-09-17T15:12:05.000Z,829,0.001115118,156023.816,156023.816,0,0.38175338,-0.05548414,-0.03642196,-3.66414941,-15.54124452,-38.80364764,15011821.85,26762835.66,43:23.8,Low Risk
29150,Ponke,PONKE,FALSE,555544226,555544226,555555555,2024-01-23T14:25:13.000Z,830,0.026900889,2352800.804,2219646.747,133154.0568,-0.18002128,1.56795836,4.31701721,-30.41203747,-6.88914504,-22.5667857,14944633.69,14944938.45,43:23.8,High Risk
11396,JOE,JOE,FALSE,457181657,464573155,500000000,2021-08-25T21:39:22.000Z,831,0.032455119,5184664.904,5166365.225,18299.67887,1.18044699,0.73833142,6.49356911,-23.3565779,-29.26414947,-24.4613502,14837885.14,16227559.56,43:23.8,High Risk
2776,AVA (Travala),AVA,FALSE,73278967,73278967,100000000,2018-05-28T00:00:00.000Z,832,0.200868551,14360113.42,14346730.5,13382.92134,0.57527136,3.52408619,11.87619696,-16.82005841,-9.40201697,-8.50533295,14719439.94,20086855.13,43:23.8,High Risk
26220,ISLM,ISLM,FALSE,2186458886,18164062927,1E+11,2023-10-12T04:42:53.000Z,833,0.006729666,32203.82696,22781.43496,9422.391999,2.51068353,3.25557856,0.36764214,-44.26901743,-45.77559645,-62.67525976,14714139.06,672966647.5,43:23.8,High Risk
36510,Lagrange,LA,TRUE,193000000,1000000000, ,2025-05-15T07:24:08.000Z,834,0.076152631,6014304.628,6014304.628,0,0.62332527,-0.78706893,10.16923089,-37.96128952,-55.94758116,-67.68571697,14697457.81,76152631.13,43:23.8,High Risk
36180,KernelDAO,KERNEL,FALSE,286308020,1000000000,1000000000,2025-04-01T13:15:11.000Z,835,0.051297168,24982715.8,24982605.03,110.7743298,1.15464922,-1.24957596,7.07583347,-21.52730363,-37.70127239,-44.47796504,14686790.5,51297167.64,43:23.8,High Risk
36556,Hippo Protocol,HP,FALSE,1385361742,1385362722, ,2018-11-08T00:00:00.000Z,836,0.010589212,250286.1131,250286.1131,0,0.91561056,1.3281462,3.95725696,-32.86367582,-33.60436699,-39.38257762,14669889.39,14669899.77,43:23.8,High Risk
7424,Hermez Network,HEZ,FALSE,4700000,100000000,100000000,2020-10-15T00:00:00.000Z,837,3.09660971,44042.79552,0,44042.79552,0.6567821,1.01467709,1.9008453,-4.2535677,-5.87723143,-5.13483575,14554065.64,309660971,43:23.8,Low Risk
36933,Codatta,XNY,FALSE,2500000000,10000000000,10000000000,2025-06-24T05:42:20.000Z,839,0.005807238,2093305.115,2076526.062,16779.05248,0.10118767,-3.1001751,8.95745563,-31.63212198,0.8980085,39.85575224,14518094.01,58072376.06,43:23.8,High Risk
38433,Ark of Panda,AOP,FALSE,488666664.7,2000000000,2000000000,2025-09-18T06:44:03.000Z,838,0.029714521,1185549.464,407025.5623,778523.9012,-0.00039062,-2.01211178,-6.04910307,-34.59856893,6.86882477,-16.6358757,14520496.01,59429042.58,43:23.8,High Risk
38072,iShares Core US Aggregate Bond Tokenized ETF (Ondo),AGGon,FALSE,141682.2714,141682.2714, ,2025-09-03T10:55:17.000Z,843,101.7861199,1271374.057,1270356.926,1017.131054,0.00368754,0.57499111,0.76863483,1.01101281,-1.91927887,-0.31061037,14421288.67,14421288.67,43:23.8,Low Risk
7497,Marlin,POND,FALSE,8228014876,10000000000, ,2020-12-22T00:00:00.000Z,841,0.001752667,1898931.731,1891878.573,7053.158373,1.68122327,2.47693592,-1.81332143,16.45422835,-27.10557648,-26.85836301,14420968.5,17526668,43:23.8,Medium Risk
4038,MovieBloc,MBL,FALSE,19453887214,30000000000,30000000000,2019-06-21T00:00:00.000Z,840,0.000742184,2670939.047,2670939.047,0,0.73092818,0.50815637,6.28650423,-20.44871175,-24.76984522,-24.95771063,14438360.2,22265514.41,43:23.8,High Risk
10903,Coin98,C98,FALSE,999998878,1000000000, ,2021-07-15T00:00:00.000Z,845,0.014397014,9772334.755,9762272.591,10062.16407,0.79595163,-0.03432078,-1.02727537,-27.80407027,-34.7595313,-51.55347472,14396997.81,14397013.96,43:23.8,High Risk
36156,GUNZ,GUN,FALSE,2368101341,10000000000,10000000000,2025-03-27T13:48:37.000Z,844,0.006077824,9262951.143,9205785.522,57165.62108,1.15010498,-2.90623528,-3.5041284,-55.29558138,-64.41337976,-66.10811659,14392902.74,60778238.2,43:23.8,High Risk
34456,Ready Cards,READY,FALSE,1000000000,1000000000,1000000000,2024-12-06T20:12:20.000Z,845,0.014369606,580930.653,198716.8615,382213.7915,-3.01574587,-8.38512557,-6.25491169,-28.34267311,-30.06508812,70.68585732,14369606.41,14369606.41,43:23.8,High Risk
39247,PDD Holdings Tokenized Stock (Ondo),PDDon,FALSE,174028.8533,174028.8533, ,2026-01-08T15:44:36.000Z,846,82.42583703,1833531.25,1419221.372,414309.878,-0.71858293,0.91531143,-0.83438077,-13.99351108,-22.87214626,-21.72782976,14344473.9,14344473.9,43:23.8,Medium Risk
33440,Goatseus Maximus,GOAT,FALSE,999979240.4,999979240.4,1000000000,2024-10-14T10:15:47.000Z,848,0.014272918,7089271.948,6954755.155,134516.7927,0.88631749,1.82630833,6.87442484,-27.98684383,-20.80633025,-26.57994857,14272621.3,14272917.6,43:23.8,High Risk
38376,EVAA Protocol,EVAA,FALSE,17854337.9,50000000,50000000,2025-09-12T06:36:37.000Z,848,0.796293748,114011761.3,33066155.91,80945605.44,-6.44401343,-18.7395274,126.3640669,62.75351371,-0.54708556,54.72093042,14217297.64,39814687.38,43:23.8,High Risk
13663,Gains Network,GNS,FALSE,23478724.32,23478724.32, ,2021-11-01T10:00:04.000Z,849,0.604584801,899906.8806,856386.8198,43520.06086,0.8070133,0.55749086,20.76732196,16.0902026,-13.98276037,-30.76930515,14194879.87,14194879.87,43:23.8,High Risk
38092,MicroStrategy Tokenized Stock (Ondo),MSTRon,FALSE,106814.5156,106814.5156, ,2025-09-03T10:55:37.000Z,850,132.845388,3716557.371,2799527.731,917029.6406,1.38320024,1.30908932,5.69131242,-23.43448971,-11.80397474,-11.37063337,14189815.78,14189815.78,43:23.8,High Risk
34853,Unicorn Fart Dust,UFD,FALSE,1000000000,1000000000,1000000000,2024-12-24T12:09:53.000Z,851,0.014113988,2884002.366,2758887.255,125115.1105,0.66046909,5.87916587,6.1545605,13.91035834,50.98503925,54.28849144,14113988.29,14113988.29,43:23.8,High Risk
1414,Firo,FIRO,FALSE,18700232.04,18700232.04,21400000,2016-10-06T00:00:00.000Z,852,0.755291153,336078.0153,336078.0153,0,0.04333766,-2.12443211,4.51908984,-34.58187175,2.48933473,13.42987963,14124119.82,16163230.67,43:23.8,High Risk
34269,Mey Network,MEY,FALSE,284309283,2300000000,2300000000,2024-11-28T04:14:29.000Z,854,0.049696201,253182.6972,163379.234,89803.46319,-0.92686992,-0.52200318,-1.10046698,-8.10191058,-30.77358433,-48.26025507,14129091.28,114301262.3,43:23.8,Medium Risk
38668,Enso,ENSO,FALSE,20590000,100000000,127339703,2025-10-12T09:13:05.000Z,854,0.68551758,27886725.36,27116547.72,770177.6409,1.12717402,9.36025809,17.3307562,-18.50603116,-26.2005699,-44.86907593,14114806.97,87293605.04,43:23.8,High Risk
19590,Defigram,DFG,FALSE,10000000,1000000000,1000000000,2022-04-18T06:23:42.000Z,855,1.405124527,0,0,0,0.63933051,1.01431189,5.30783213,16.98779711,16.95697304,16.94746882,14051245.27,1405124527,43:23.8,Medium Risk
39916,Citrea,CTR,FALSE,1200000000,10000000000,10000000000,2026-05-19T06:21:10.000Z,856,0.011716972,24077811.06,17885655.38,6192155.679,-0.4074455,-5.66346916,-23.62518822,-46.71254756,-46.71254756,-46.71254756,14060366.4,117169720,43:23.8,High Risk
13524,Solend,SLND,FALSE,100000000,100000000, ,2021-10-29T04:19:47.000Z,857,0.139721216,10.83144477,0,10.83144477,0.19642325,0.60991674,-0.34965071,-29.0902022,-10.71384264,-21.34158906,13972121.63,13972121.63,43:23.8,High Risk
39049,Humidifi,WET,FALSE,230000000,1000000000,1000000000,2025-12-03T14:40:45.000Z,858,0.060256345,6823664.678,6804330.167,19334.51089,0.40655217,-3.15623914,8.66019099,-27.16538625,-46.70394918,-43.01261977,13858959.25,60256344.59,43:23.8,High Risk
21706,SuperWalk,GRND,FALSE,816530548.9,1000000000, ,2022-09-05T09:10:34.000Z,859,0.016922164,1307344.313,1307344.313,0,-0.48805093,-1.11030886,-3.21309773,-26.65957356,-5.70739015,-9.06412502,13817463.79,16922163.92,43:23.8,High Risk
27533,Osaka Protocol,OSAK,FALSE,7.5087E+14,7.6146E+14,1E+15,2023-07-10T12:38:15.000Z,860,1.84E-08,65258.69277,65218.97216,39.72061519,0.53855047,3.69963609,10.03737591,-31.7950025,-63.86299732,-40.48986921,13778508.63,18350065.17,43:23.8,High Risk
22331,FAR Labs,FAR,FALSE,4832390000,5000000000,5000000000,2022-10-21T06:43:12.000Z,861,0.002834429,393628.1795,217421.6164,176206.563,-0.34320318,8.04920967,-2.18602262,8.32553584,40.04098028,86.98791868,13697064.91,14172143.51,43:23.8,Medium Risk
6843,Radworks,RAD,FALSE,59075978.9,99998580,99999620,2020-09-01T00:00:00.000Z,862,0.23108113,4500680.718,4449964.894,50715.82348,0.31860104,3.03983233,9.46490578,-24.11171194,-4.0162259,-4.32722153,13651343.95,23108025.17,43:23.8,High Risk
38769,Katana,KAT,FALSE,2342000000,10000000000,10000000000,2026-03-18T11:00:00.000Z,864,0.005804971,7829484.4,7829484.4,0,0.88009744,0.39144407,11.51168886,-32.75517349,-35.45528852,-57.5294892,13595242.44,58049711.52,43:23.8,High Risk
39161,DeepNode,DN,FALSE,22500000,62000000,100000000,2025-12-23T01:31:34.000Z,863,0.609923215,19219234.12,16109540.17,3109693.957,-3.53976676,-23.85046415,74.72126335,601.7524412,512.6247706,497.2221951,13723272.33,60992321.49,43:23.8,High Risk
38169,Nexa (nexaagent.xyz),NXA,FALSE,10000000,1000000000,1000000000,2025-08-24T19:16:25.000Z,865,1.341279224,0,0,0,0.23087391,12.47653512,14.84908784,-17.85700332,-4.81963719,166.504459,13412792.24,1341279224,43:23.8,High Risk
27054,ResearchCoin,RSC,FALSE,129553092.2,1000000000,1000000000,2023-06-19T07:17:43.000Z,866,0.103497763,928612.6491,795984.0238,132628.6253,1.25341453,1.65457286,-0.33046321,-22.2934741,33.6263491,19.09742726,13408455.25,103497763.1,43:23.8,High Risk
17722,Ambire Wallet,WALLET,FALSE,725786036.1,725786036.1,1000000000,2022-01-29T15:50:16.000Z,867,0.018443676,58732.16926,23259.00471,35473.16455,0.93278063,14.62298482,29.3635617,119.1158763,71.7186431,73.14114336,13386162.28,18443675.7,43:23.8,High Risk
29599,USDB,USDB,TRUE,13487263.68,13487263.68, ,2024-03-01T04:58:52.000Z,868,0.992036816,56375.06131,0,56375.06131,-0.2333794,-0.22929855,-0.53816607,-0.28216161,-0.42953795,-0.81866119,13379862.12,13379862.12,43:23.8,Low Risk
32376,Avail,AVAIL,FALSE,3874108525,10997389148, ,2024-07-24T08:27:09.000Z,869,0.003443673,488263.1191,475223.247,13039.8721,0.18340713,0.26044228,2.81085649,-15.38301395,-17.77227714,-19.51519378,13341161.66,37871408.49,43:23.8,Medium Risk
4039,ARPA,ARPA,FALSE,1519586598,2000000000, ,2019-07-15T00:00:00.000Z,870,0.008760152,3515980.605,3515980.605,0,0.26507964,1.41223515,5.2899351,-26.98645465,-10.53786069,-16.02624867,13311808.87,17520303.07,43:23.8,High Risk
39564,Opinion,OPN,FALSE,180264453.7,1000000000,1000000000,2026-03-05T11:00:00.000Z,872,0.073773774,19447865.93,19431173.68,16692.2485,1.49183112,-5.54614477,-16.64783508,-56.2400545,-63.42893322,-75.21736141,13298789.1,73773774.21,43:23.8,High Risk
2941,CoinEx Token,CET,FALSE,708633582,2777476547,10000000000,2018-07-17T00:00:00.000Z,871,0.018769723,59755.71579,59755.71579,0,-0.0824005,0.73918377,0.8152004,-24.6354066,-37.29057922,-39.44875016,13300856.36,187697234.5,43:23.8,High Risk
36861,Newton Protocol,NEWT,FALSE,241507602.6,1000000000,1000000000,2025-06-19T01:54:19.000Z,873,0.054657133,5662799.301,5622555.352,40243.94917,0.55933129,0.98111898,4.89299587,-27.06857449,-28.84440431,-26.03888898,13200113.12,54657132.86,43:23.8,High Risk
38037,Apple Tokenized Stock (Ondo),AAPLon,FALSE,44366.90217,44366.90217,44366.90217,2025-09-03T10:55:37.000Z,874,297.2636268,2186641.167,2126156.361,60484.80638,0.19231183,1.21132511,-1.3082304,-0.96577676,12.13725686,16.2600668,13188666.25,13188666.25,43:23.8,Low Risk
36255,Lucidum Coin,LUCIC,FALSE,164105395,210000000,210000000,2025-04-14T12:46:44.000Z,875,0.080278233,25962.21773,22434.70855,3527.509179,0.34012594,-0.44952365,-0.11702747,-10.93199386,-22.09245084,-35.8921346,13174091.06,16858428.83,43:23.8,Medium Risk
38679,哈基米,哈基米,FALSE,1000000000,1000000000,1000000000,2025-10-13T15:48:17.000Z,878,0.013107372,2495426.082,2141744.104,353681.9785,-2.19400875,-0.87670387,-7.21751586,-33.60302636,32.41642975,46.28500642,13107372.06,13107372.06,43:23.8,High Risk
36153,Mind Network,FHE,FALSE,517219384,1000000000,1000000000,2025-03-27T11:24:55.000Z,877,0.025331063,8945443.174,8696910.767,248532.4066,-0.32618132,-8.3786971,24.93211065,-3.44648818,30.66102859,28.43206552,13101716.7,25331062.81,43:23.8,High Risk
32968,AI Companions,AIC,FALSE,749999700,1000000000,1000000000,2024-09-09T15:50:28.000Z,878,0.017540008,2056488.624,2055846.987,641.6370161,1.90500659,-10.83779688,-26.6071934,-33.77769796,-34.39353149,-67.76115539,13155000.6,17540007.82,43:23.8,High Risk
29454,Eesee,ESE,FALSE,1347062853,1350100643,1350098031,2024-04-11T19:20:00.000Z,879,0.009673142,229547.7846,226984.5883,2563.196285,0.1348901,-2.37658408,-1.63466449,6.70952526,67.40288453,63.21290789,13030330.46,13059690.17,43:23.8,Medium Risk
38041,iShares Gold Trust Tokenized ETF (Ondo),IAUon,FALSE,158792.2377,158792.2377, ,2025-09-03T10:55:25.000Z,881,81.64079243,1894414.829,1890612.703,3802.126547,0.1565948,0.30055634,0.20197419,-4.65603777,-9.19603648,-12.813307,12963924.12,12963924.12,43:23.8,Low Risk
25220,HarryPotterObamaSonic10Inu (ERC-20),BITCOIN,FALSE,999798155,999798155,999798155,2023-05-11T23:05:12.000Z,881,0.013030472,4295518.121,4170732.847,124785.2732,1.39969887,0.88020318,-9.13935881,-28.14696632,-37.3956653,-39.31922168,13027841.59,13027841.59,43:23.8,High Risk
35386,AO,AO,FALSE,6613137.977,6613137.977,21000000,2025-03-21T07:26:05.000Z,882,1.956063177,296131.4582,296131.4582,0,-0.07104615,0.23560735,-3.6029491,-31.29387814,-28.18744099,-44.41392409,12935715.68,41077326.71,43:23.8,High Risk
5309,OG Fan Token,OG,FALSE,4709796,5000000,5000000,2020-03-12T00:00:00.000Z,883,2.74624674,5243366.424,5242412.298,954.1263414,0.73449912,1.68236148,2.03443513,-15.76793975,-9.63528633,-8.7456954,12934261.91,13731233.7,43:23.8,Medium Risk
39552,Superform,UP,FALSE,191876715,1000000000,1000000000,2026-02-07T10:21:37.000Z,884,0.067405855,6188359.194,6023651.463,164707.7313,-0.85653368,-1.80032283,7.81822675,-51.88145374,5.74282316,33.0782562,12933614.1,67405855.38,43:23.8,High Risk
35749,CZ's Dog,BROCCOLI,FALSE,967214993.7,967214993.7,1000000000,2025-02-14T05:04:11.000Z,885,0.013412588,8487669.485,8405546.789,82122.69641,0.07096143,0.19792464,4.83974886,-6.79258914,-19.58825397,-4.40904622,12972856.12,13412587.89,43:23.8,Medium Risk
38585,GeorgePlaysClashRoyale,CLASH,FALSE,999688693.2,999688693.2,999999967.8,2025-10-06T12:46:00.000Z,886,0.012888395,750287.6025,713976.6087,36310.99379,0.67713904,8.14454635,10.83529802,-19.84640995,-37.23011795,-59.69841024,12884382.6,12888394.43,43:23.8,High Risk
35728,DIAM,DIAM,FALSE,1982316805,5401462494,10000000000,2025-02-12T14:01:24.000Z,887,0.006436484,238811.9572,233933.8931,4878.064081,-0.06337422,-2.7919367,-4.48746853,-12.51915017,-12.48221386,-22.11260243,12759150.81,64364842.07,43:23.8,Medium Risk
19055,AITECH Cloud Network,ACN,FALSE,1784161097,1986052500,2000000000,2022-03-24T17:28:30.000Z,888,0.007109568,4983777.188,4955611.806,28165.38206,0.1147024,0.96327194,-1.78538654,-31.17969074,17.6227447,17.85507546,12684614.01,14219135.29,43:23.8,High Risk
16876,Artificial Liquid Intelligence,ALI,FALSE,9118091185,9870903733,9870903733,2022-01-05T09:29:06.000Z,889,0.001389566,101733.1788,99242.54317,2490.635591,-0.31079809,0.17296811,-2.07876883,-6.11186404,-6.67066143,-16.76151351,12670187.2,13716269.74,43:23.8,Low Risk
35421,Vine Coin,VINE,FALSE,999994104,999994104, ,2025-01-23T06:54:08.000Z,890,0.012644221,5618351.909,5506583.526,111768.3832,-0.17705431,-0.37634742,14.43182546,-20.78685503,-38.15886552,-24.91144795,12644146.72,12644146.72,43:23.8,High Risk
22059,Venom,VENOM,FALSE,988919270,7367646471,8000000000,2022-10-04T05:33:38.000Z,891,0.012762354,126062.6488,126062.6488,0,-0.90444385,8.90579611,0.89911487,-28.36293183,-33.95259283,-46.10421008,12620937.71,102098831.3,43:23.8,High Risk
39283,SoFi Technologies Tokenized Stock (Ondo),SOFIon,FALSE,735231.5468,735231.5468, ,2026-01-08T15:44:23.000Z,892,17.12329358,882136.4081,851978.5675,30157.84057,-0.24510353,0.1030227,3.50124853,10.29791236,-10.7299363,-3.18573036,12589585.63,12589585.63,43:23.8,Medium Risk
37180,USD CoinVertible,USDCV,FALSE,12600890,12600890, ,2025-09-28T21:45:24.000Z,893,0.999412528,35941983.09,35941983.09,0,0.04242856,0.03568,-0.00874194,0.01992665,-0.0318758,0.02340829,12593487.33,12593487.33,43:23.8,Low Risk
38003,iShares Core S&P Total US Stock Market Tokenized ETF (Ondo),ITOTon,FALSE,75196.30739,75196.30739, ,2025-09-03T10:54:56.000Z,894,166.5395705,1286819.483,1286796.184,23.29848288,0.08530805,0.71635533,2.06034182,2.64090483,8.32649965,13.21280284,12523160.73,12523160.73,43:23.8,Low Risk
38970,BOB (Build on Bitcoin),BOB,FALSE,2220000000,10000000000,10000000000,2025-11-20T05:56:00.000Z,895,0.00563766,2979046.715,2896488.04,82558.67513,-0.34695542,-2.81794841,-0.41571946,-2.94742465,-32.68871816,-2.76943995,12515606.22,56376604.59,43:23.8,Low Risk
39387,HeyElsa,ELSA,FALSE,255646654,1000000000,1000000000,2026-01-18T21:15:03.000Z,896,0.048370656,5171565.621,5038284.168,133281.4527,0.91153209,-1.27643297,9.68600895,-27.41934186,-32.03853216,-37.34680514,12365796.24,48370655.52,43:23.8,High Risk
38750,Orochi Network,ON,FALSE,144275000,700000000,1000000000,2025-10-21T11:23:01.000Z,897,0.085764274,1183554.975,444870.7951,738684.1799,-0.37082345,0.54590096,7.3498299,-30.12975134,-15.91888999,-4.7775488,12373640.6,85764273.75,43:23.8,High Risk
3,Namecoin,NMC,FALSE,14736400,14736400, ,2013-04-28T00:00:00.000Z,898,0.839247977,12254.78531,12254.78531,0,-2.63679706,-9.27801822,-8.99887376,-6.80773981,-6.19374086,-12.50891193,12367493.88,12367493.88,43:23.8,High Risk
39592,YELLOW,YELLOW,FALSE,193935842.7,10000000000,10000000000,2026-02-20T02:29:52.000Z,899,0.063758652,2399273.075,0,2399273.075,0.14567443,2.74998502,9.0680206,24.08580955,49.9911456,103.6993576,12365087.94,637586521.8,43:23.8,High Risk
5117,Origin Protocol,OGN,FALSE,672768087,1409664846,1409664846,2020-01-09T00:00:00.000Z,900,0.018359082,1404571.66,1402945.602,1626.057965,0.8543446,1.67020461,6.40904248,-17.02300352,-23.19190262,-22.79275454,12351404.49,25880152.53,43:23.8,High Risk
28066,Banana Gun,BANANA,FALSE,4008732.733,8402893.466,10000000,2023-09-20T12:34:29.000Z,901,3.071660977,4723871.366,4689703.233,34168.13348,1.00667489,2.28433037,4.93457154,-20.35943755,-26.27819304,-26.33425788,12313467.9,30716609.77,43:23.8,High Risk
39666,Fluent,BLEND,FALSE,200000000,1000000000,1000000000,2026-04-22T19:39:33.000Z,902,0.06149616,22657849.85,22643457.4,14392.44207,-0.17260828,-2.7612301,11.88847914,-40.38983397,-67.60101491,-67.60101491,12299232.06,61496160.29,43:23.8,High Risk
39192,USDM,USDM,FALSE,12222439.24,12222439.24, ,2025-12-29T15:33:29.000Z,903,1.002615696,400841.3924,0,400841.3924,0.13997429,0.27910633,0.73356571,0.49655763,0.36331408,0.12302891,12254409.43,12254409.43,43:23.8,Low Risk
28846,Sleepless AI,AI,FALSE,556312498.3,1000000000,1000000000,2024-01-04T10:00:00.000Z,904,0.02191,5089335.56,5089335.56,0,-0.50453699,-1.48425616,-1.99317907,-32.1128995,0.66780729,-8.24850311,12188806.62,21909999.61,43:23.8,High Risk
35747,Doodles,DOOD,FALSE,7800000000,10000000000,10000000000,2025-02-14T03:43:55.000Z,905,0.001555621,9315855.464,9217057.906,98797.5579,0.91237815,-3.31258779,2.01632954,-45.4315902,-52.05762969,-54.07227604,12133842.64,15556208.51,43:23.8,High Risk
30953,ShibaBitcoin,SBBTC,FALSE,116583.5607,1000000000,1000000000,2024-04-26T11:08:10.000Z,906,103.9086454,0,0,0,0,0,0,0,0,0,12114039.87,1.03909E+11,43:23.8,Low Risk
23046,MCOIN,MCOIN,FALSE,177000000,500000000,500000000,2022-12-21T15:27:05.000Z,907,0.067848176,454121.369,454121.369,0,0.33513921,4.44888897,84.16572537,168.2715835,107.5922471,56.33200958,12009127.2,33924088.14,43:23.8,High Risk
32724,Simon's Cat,CAT,FALSE,7.56669E+12,8.09824E+12,9E+12,2024-08-19T02:07:41.000Z,908,1.57E-06,2604999.557,2432077.764,172921.793,0.95755962,1.36803679,2.55255378,-15.95572549,-20.88800756,-15.89143884,11891664.32,14144222.02,43:23.8,Medium Risk
38086,Microsoft Tokenized Stock (Ondo),MSFTon,FALSE,29527.92074,29527.92074, ,2025-09-03T10:55:38.000Z,909,401.8296605,2738030.659,2525412.107,212618.5518,-0.12357554,0.4970768,-2.5248255,-4.22611482,-5.34483462,0.10766264,11865194.37,11865194.37,43:23.8,Low Risk
36223,Wayfinder,PROMPT,FALSE,462374145,1000000000,1000000000,2025-04-09T13:10:36.000Z,910,0.025577784,5290544.644,5272329.191,18215.45359,1.02679624,1.7335378,2.86112168,-22.69947411,-28.15479636,-40.3627515,11826505.99,25577783.96,43:23.8,High Risk
24007,Delysium,AGI,FALSE,2005699307,3000000000, ,2023-04-11T12:43:21.000Z,911,0.005894725,1796637.782,1783560.409,13077.37267,2.54732184,3.79935934,14.73777161,-26.03650124,-49.33840806,-55.03504482,11823046.84,17684176.49,43:23.8,High Risk
2222,Bitcoin Diamond,BCD,FALSE,186492898,189492898,210000000,2017-11-24T00:00:00.000Z,912,0.063210344,0,0,0,0,0,0,0,5.72533311,-43.35518778,11788280.23,13274172.24,43:23.8,Low Risk
36761,EGL1,EGL1,FALSE,1000000000,1000000000,1000000000,2025-06-07T13:25:34.000Z,913,0.011821252,1330714.251,1303972.088,26742.16309,0.68864381,1.59006671,-4.28563639,-42.86838986,-50.92198901,-68.70868279,11821252.08,11821252.08,43:23.8,High Risk
11620,IXS,IXS,FALSE,180000000,180000000,180000000,2021-09-05T00:28:41.000Z,914,0.065326335,73868.24662,62322.3338,11545.91282,0.83373298,2.21857392,9.73854015,-20.25845912,-27.81105737,-24.91621284,11758740.36,11758740.36,43:23.8,High Risk
38756,Limitless,LMTS,FALSE,131598680,1000000000,1000000000,2025-10-22T08:04:49.000Z,916,0.08895437,2378407.105,1745682.957,632724.148,-0.61635054,1.34434868,-8.97393462,-33.74057893,-21.7273188,-35.06206896,11706277.66,88954369.89,43:23.8,High Risk
33120,Initia,INIT,FALSE,197781535.6,1000000000,1000000000,2025-04-17T09:02:11.000Z,916,0.059215864,6481870.677,6481870.677,0,0.75666995,-2.37538768,1.14499294,-31.20781324,-32.94221303,-35.54852642,11711804.6,59215864.42,43:23.8,High Risk
12147,Synapse,SYN,FALSE,224766657.1,238882133.8,250000000,2021-09-26T08:56:12.000Z,917,0.052038418,24904438.74,24803262.47,101176.2711,0.61980762,28.26675219,60.06884048,-3.42278272,1.5506068,6.92053538,11696501.19,13009604.43,43:23.8,High Risk
2630,PolySwarm,NCT,FALSE,1885500782,1885913076,1885913076,2018-04-10T00:00:00.000Z,918,0.006194461,329857.097,329857.097,0,0.6504952,0.53940588,0.77541331,-21.51495528,1.26156528,-11.78778454,11679661.41,11682215.35,43:23.8,Medium Risk
38466,Bless,BLESS,FALSE,1941635297,9999968630,10000000000,2025-09-21T08:30:20.000Z,919,0.005992757,3515801.497,2258217.786,1257583.711,2.49501849,10.89730569,-15.09709139,4.2590169,-26.16047485,2.2632829,11635748.95,59927572.22,43:23.8,High Risk
31806,Pepecoin,PEP,FALSE,1.02922E+11,1.02922E+11, ,2024-06-24T02:32:35.000Z,920,0.000112563,75561.2417,75561.2417,0,1.35127663,-3.49502936,-0.88632826,-6.13297282,-13.35332849,-38.77227154,11585153.04,11585153.04,43:23.8,Medium Risk
38669,Recall,RECALL,FALSE,323117577.1,1000000000,1000000000,2025-10-13T03:41:00.000Z,921,0.035820494,7068646.201,6861285.463,207360.7372,0.46653887,-0.48459413,-4.99145114,-47.52937808,-29.94222753,-38.47114511,11574231.23,35820493.99,43:23.8,High Risk
32194,StakeStone,STO,FALSE,225333333,1000000000,1000000000,2024-07-15T10:13:52.000Z,922,0.051268484,6591020.592,6589405.441,1615.15084,0.8612912,0.87095826,-0.0559973,-29.88330691,-55.61763014,-35.66191149,11552498.32,51268483.73,43:23.8,High Risk
39415,Verified Emeralds,VEREM,FALSE,2500000,50000000,50000000,2026-01-21T13:16:57.000Z,923,4.612404705,4655084.732,4655084.732,0,-0.00890587,2.30203661,-8.71412733,0.41250682,-22.65107726,-61.61425092,11531011.76,230620235.2,43:23.8,Medium Risk
6836,Moonbeam,GLMR,TRUE,1179231840,1236420441, ,2022-01-11T12:55:50.000Z,924,0.009732707,4142254.087,4142254.087,0,0.74191318,-0.07632801,7.63512948,-35.40681043,-55.62118366,-21.77336163,11477117.64,12033717.52,43:23.8,High Risk
35426,Fartboy,FARTBOY,FALSE,999440457,999440457,999440457,2025-01-23T09:57:57.000Z,925,0.011440833,861295.9237,808680.1868,52615.73687,1.35669311,-3.93660327,-5.19672748,23.25949428,33.16193431,29.8446504,11434431.44,11434431.44,43:23.8,High Risk
36405,Space and Time,SXT,FALSE,1400000000,5000000000,5000000000,2025-05-02T07:29:58.000Z,926,0.008138711,88338938.46,88338938.46,0,0.85891276,-0.46884166,-2.19494177,-34.38450045,-52.1128465,-55.07710341,11394196.02,40693557.21,43:23.8,High Risk
29555,Portal,PORTAL,FALSE,853896311.8,1000000000,1000000000,2024-02-21T08:01:46.000Z,927,0.013326117,22186822.05,22167685.58,19136.46082,10.11704653,10.34087782,-14.15238587,45.60383683,44.63182538,9.24589053,11379122.11,13326116.95,43:23.8,High Risk
10631,Gods Unchained,GODS,FALSE,433298604.4,500000000,500000000,2021-10-29T09:56:03.000Z,928,0.026220824,252658.7759,252658.7759,0,0.26477396,-1.35168405,-7.86168553,-23.63295168,-25.70151055,-33.59474785,11361446.41,13110411.96,43:23.8,High Risk
7505,Everscale,EVER,FALSE,1985523482,2117524486, ,2020-10-26T00:00:00.000Z,929,0.005718926,14196.01183,14196.01183,0,-0.31353432,-1.44775737,14.48980219,91.71615287,42.7824803,91.15224316,11355062.69,12109966.72,43:23.8,High Risk
40073,QAIT,QAIT,FALSE,500000000,10000000000,10000000000,2026-05-28T03:52:56.000Z,930,0.022694629,1322615241,1317531802,5083439.371,0.13726565,-0.56371072,1.50496022,225.0573907,225.0573907,225.0573907,11347314.44,226946288.7,43:23.8,High Risk
14556,Boba Network,BOBA,FALSE,493580902,500000000,500000000,2021-11-16T03:46:11.000Z,931,0.022950862,3878005.474,3872055.677,5949.797036,1.14107748,0.39169251,0.61885023,-13.83996078,0.79626698,2.95174536,11328107.28,11475431.12,43:23.8,Medium Risk
11865,Bone ShibaSwap,BONE,FALSE,229923350.6,249999401.8,250000000,2021-09-13T19:17:01.000Z,932,0.048901811,1910706.064,1886922.377,23783.6868,1.45980556,7.90246714,3.33602829,-14.45433814,-12.07397039,-21.4702864,11243668.17,12225452.68,43:23.8,High Risk
39355,RollX,ROLL,FALSE,155000000,1000000000,1000000000,2026-01-16T10:01:00.000Z,933,0.072749475,253650.6819,253650.6819,0,0.21573012,-5.65271727,-19.23105404,223.0547954,7.32595898,-3.91604929,11276168.7,72749475.47,43:23.8,High Risk
11294,SuperRare,RARE,FALSE,825479268.5,1000000000,1000000000,2021-08-17T00:00:00.000Z,934,0.013629878,5438812.681,5435939.404,2873.277066,0.88672804,1.94730573,5.08287279,-15.20507199,-16.28460537,-19.69227367,11251182.12,13629878.49,43:23.8,Medium Risk
38059,Arm Holdings plc Tokenized Stock (Ondo),ARMon,FALSE,27830.16188,27830.16188, ,2025-09-03T10:55:05.000Z,934,403.9954273,1874696.066,1753246.378,121449.6881,-0.1372519,1.10903863,12.6450227,91.59512143,146.1137068,213.5083654,11243258.14,11243258.14,43:23.8,High Risk
38007,iShares MSCI EAFE Tokenized ETF (Ondo),EFAon,FALSE,104473.8628,104473.8628, ,2025-09-03T10:55:19.000Z,936,107.6220371,1149064.73,1147815.876,1248.85441,0.11382523,0.23701227,2.54820885,5.32833898,3.05271362,7.31641528,11243689.94,11243689.94,43:23.8,Low Risk
38068,iShares TIPS Bond Tokenized ETF (Ondo),TIPon,FALSE,100207.6754,100207.6754, ,2025-09-03T10:55:01.000Z,937,112.1334843,643043.8851,643043.8851,0,0.08537176,-0.77008161,-0.3069061,-1.0884403,-0.25694399,-1.35689813,11236635.8,11236635.8,43:23.8,Low Risk
2606,Wanchain,WAN,FALSE,198968924.4,198968924.4,210000000,2018-03-23T00:00:00.000Z,938,0.05646161,3977748.311,3977748.311,0,-0.04448641,-0.81874622,5.50188827,-5.75903147,-1.09542108,-21.11282236,11234105.91,11856938.2,43:23.8,Medium Risk
5268,Energy Web Token,EWT,FALSE,30062138,81186871.08,100000000,2020-03-28T00:00:00.000Z,939,0.373177888,303723.2761,303723.2761,0,0.02299681,-5.28417425,28.39782025,21.84673738,-12.46661859,-25.41099383,11218525.16,37317788.78,43:23.8,High Risk
32195,Hamster Kombat,HMSTR,FALSE,64375000000,1E+11,1E+11,2024-07-15T10:14:24.000Z,940,0.000174139,31342146.32,31342146.32,0,2.35242276,11.55683939,4.2251471,12.87835443,8.49471145,3.72659769,11210198.11,17413899.98,43:23.8,High Risk
2927,sUSD,SUSD,FALSE,32974145.77,32974145.77,142399574,2018-07-13T00:00:00.000Z,941,0.3393743,56253.57076,20634.09443,35619.47634,-0.12866641,0.8150615,-37.78870906,-46.09267594,-54.60414791,-59.06400502,11190577.65,48326755.81,43:23.8,High Risk
38651,YieldBasis,YB,FALSE,122138649.7,738318189.5,1000000000,2025-10-11T17:15:50.000Z,942,0.091549024,5928230.886,5486009.462,442221.4244,0.52227581,-5.15696731,1.02672324,-15.14685487,-28.11914961,-34.92109305,11181674.18,91549024.07,43:23.8,Medium Risk
20605,TARS AI,TAI,FALSE,892189753.9,892189753.9,999999988,2022-06-15T10:23:43.000Z,943,0.012429575,1076166.54,1029333.631,46832.90857,3.13856868,-4.21831832,-2.45984457,-31.05475921,-24.10064852,-17.8162618,11089539.62,12429575.03,43:23.8,High Risk
36041,Mubarak,MUBARAK,FALSE,1000000000,1000000000,1000000000,2025-03-16T12:53:38.000Z,944,0.011095643,4354267.638,4321782.695,32484.94304,0.74814679,1.87421697,2.21770808,-20.77623635,-25.56244496,-26.69637465,11095642.74,11095642.74,43:23.8,High Risk
35647,Test,TST,FALSE,939905735.9,939905735.9, ,2025-02-07T09:34:08.000Z,945,0.011723217,31731074.4,31446556,284518.3999,-0.7840805,-12.78920323,-23.06166259,-35.07357617,-15.02261293,15.57151108,11018719.31,11018719.31,43:23.8,High Risk
38307,Felysyum,FELY,FALSE,43767241,500000000,500000000,2025-09-08T02:39:31.000Z,946,0.251943488,137529.1912,95760.55511,41768.63609,3.24297805,1.81413759,4.85702631,5.58388074,-1.49975459,-25.59939836,11026871.37,125971744.1,43:23.8,Medium Risk
33502,Vultisig,VULT,FALSE,65011840.2,100000000,100000000,2024-10-17T09:04:03.000Z,947,0.169588624,36995.1838,36995.1838,0,1.02348779,-0.09768719,-3.27633836,-14.28038841,23.62687103,11.74273773,11025268.52,16958862.39,43:23.8,Medium Risk
32087,Sophon,SOPH,FALSE,2000000000,10000000000,10000000000,2024-07-04T07:13:52.000Z,947,0.005507746,4532702.642,4532702.642,0,0.40265797,-0.51434259,2.68651917,-33.19609177,-40.29756241,-40.78159772,11015492.79,55077463.95,43:23.8,High Risk
35929,Dolomite,DOLO,FALSE,441621967,998851995.6,1000000000,2025-03-04T01:36:48.000Z,949,0.024932831,2876833.25,2839376.557,37456.69247,0.77479681,0.48297459,9.9268184,-20.35518713,-27.58300038,-31.87750095,11010885.81,24932830.87,43:23.8,High Risk
12400,Decimal,DEL,FALSE,11121003896,11121003896,92075616000,2021-10-06T16:48:29.000Z,950,0.000987618,255096.5253,255096.5253,0,0.47701548,-6.73363071,-20.33237498,-24.49554696,-24.80684044,-26.08289552,10983304.8,90935545.46,43:23.8,High Risk
16807,Ninja Squad Token,NST,FALSE,8611274.43,8611274.43,10000000,2022-01-04T02:11:13.000Z,951,1.266728381,644568.5522,590445.9992,54122.55306,-0.36773617,1.2737447,5.74094757,-7.87666901,-9.19034651,-10.19263148,10908145.72,12667283.81,43:23.8,Medium Risk
38881,Avici,AVICI,FALSE,12899985,12899517.06,12900000,2025-11-05T06:22:41.000Z,952,0.844633888,471834.0772,402123.4436,69710.63365,-0.48149887,-2.65097348,20.08445474,37.90662116,79.4478503,4.04230651,10895764.49,10895777.16,43:23.8,High Risk
26833,Wecan Group,WECAN,FALSE,6000000000,6000000000,6000000000,2023-12-21T13:12:01.000Z,953,0.001804671,48155.91628,34533.58159,13622.33469,-0.81744295,-10.18553579,-13.7639122,46.82195732,45.81450919,38.81457434,10828023.27,10828023.27,43:23.8,High Risk
8766,MyNeighborAlice,ALICE,FALSE,99434036.24,99434036.24,99434036.24,2021-03-10T00:00:00.000Z,954,0.108579475,5817658.415,5816294.008,1364.407753,0.92704803,-1.02510395,5.39957036,-17.39599647,-9.69997427,-8.20310415,10796495.46,10796495.46,43:23.8,Medium Risk
7460,Alpha Quark Token,AQT,FALSE,26806201,30000000,30000000,2020-10-20T00:00:00.000Z,955,0.401949981,147179.5247,147179.5247,0,0.73058797,1.37402632,13.18404062,-24.80441534,-24.92211864,-23.54353217,10774751.98,12058499.43,43:23.8,High Risk
5380,Hunt Town,HUNT,FALSE,126167678,198912688,198912688,2020-03-30T00:00:00.000Z,956,0.08484482,115244.4985,82638.2838,32606.21468,0.7766658,1.64228925,8.2715005,-18.02602825,-17.81151721,-18.96094116,10704673.99,16876711.3,43:23.8,High Risk
39824,Eitherway,EITHER,FALSE,99999931,99999960,100000000,2026-04-02T02:29:41.000Z,958,0.106891283,1197014.943,27629.46448,1169385.479,0.09357344,-2.08971111,15.52911145,-39.05719019,2.23860778,644.05062,10689120.88,10689128.25,43:23.8,High Risk
38430,DeAgentAI,AIA,FALSE,188951500,1000000000,1000000000,2025-09-17T20:55:45.000Z,958,0.056327035,4446597.377,3328459.166,1118138.211,1.30053222,-0.26360251,4.12497743,-29.28013918,-23.57571825,-33.8316459,10643077.79,56327035.22,43:23.8,High Risk
38075,Taiwan Semiconductor Manufacturing Tokenized Stock (Ondo),TSMon,FALSE,24120.19167,24120.19167, ,2025-09-03T10:55:33.000Z,959,440.610114,1895266.061,1767604.094,127661.9666,0.15459516,-0.27837351,2.01743453,8.07287206,19.78195857,25.31407881,10627600.4,10627600.4,43:23.8,Medium Risk
39974,IBS,IBS,FALSE,406604.1805,957758.9477,871020,2026-05-09T01:22:23.000Z,960,26.1098367,1381207.152,43650.98749,1337556.165,-0.07541058,0.45024037,3.64008474,-34.88272338,438.58526,438.58526,10616368.75,22742189.96,43:23.8,High Risk
38027,AMD Tokenized Stock (Ondo),AMDon,FALSE,19263.03681,19263.03681, ,2025-09-03T10:55:20.000Z,961,549.9935549,3911834.157,3763642.534,148191.6223,0.81030842,2.71806211,10.72364977,31.24959861,98.69275387,176.9095063,10594546.09,10594546.09,43:23.8,High Risk
15248,Santos FC Fan Token,SANTOS,FALSE,16094854.29,30000000,30000000,2021-12-01T11:03:09.000Z,962,0.65587158,2636253.634,2633974.158,2279.475462,0.49364124,-0.84745282,0.33477587,-39.0522923,-43.91644856,-49.92847478,10556157.52,19676147.41,43:23.8,High Risk
38187,Uchain,UCN,FALSE,50000,100000,100000,2025-08-25T12:08:18.000Z,963,210.8839594,2558294.976,2558294.976,0,-0.68867037,1.089206,-4.61217293,-39.93627677,-40.05609672,-41.79907243,10544197.97,21088395.94,43:23.8,High Risk
38788,MWX Token,MWXT,FALSE,167846888.1,1000000000,1000000000,2025-10-28T11:02:09.000Z,964,0.062557791,436888.7866,376626.744,60262.04255,0.13414189,1.05361684,-4.80731171,-19.86659293,-27.58204968,-30.21190413,10500130.51,62557790.82,43:23.8,High Risk
31278,Drift,DRIFT,FALSE,611515824.1,1000000000, ,2024-05-16T07:44:32.000Z,965,0.017082771,4883689.932,4818395.77,65294.16225,1.16297604,0.53163417,7.68894259,-41.90679613,-59.9745433,-80.81403046,10446384.86,17082771.11,43:23.8,High Risk
38102,AriaAI,ARIA,FALSE,343500000.3,1000000000,1000000000,2025-08-18T05:12:37.000Z,966,0.030308113,2160609.645,1665779.283,494830.3616,1.63403584,1.53239092,-5.84638964,-37.51800478,-68.50646568,-80.76105909,10410836.75,30308112.77,43:23.8,High Risk
38588,OWB,OWB,FALSE,455131411,1000000000,1000000000,2025-10-06T21:21:22.000Z,967,0.022870461,45920.71199,0,45920.71199,-0.95790791,-10.06721293,24.84293342,-25.46892309,-43.67009199,-63.74067066,10409065.33,22870461.31,43:23.8,High Risk
29318,Worldwide USD,WUSD,TRUE,10446849.56,10446849.56, ,2024-02-07T09:14:21.000Z,968,0.995977992,229539.6723,229539.6723,0,-0.00675655,-0.04106917,0.37891853,-0.21194579,-0.3158825,-0.33292045,10404832.25,10404832.25,43:23.8,Low Risk
35710,MyShell,SHELL,FALSE,392888888.9,1000000000,1000000000,2025-02-12T03:34:17.000Z,969,0.026479218,7219616.95,7217354.297,2262.652506,0.84815612,0.47454163,3.37890751,-25.43270775,-16.98983423,-17.62914474,10403390.53,26479217.99,43:23.8,High Risk
21870,Metaplex,MPLX,FALSE,512551663,999982241,1000000000,2022-09-20T05:27:00.000Z,970,0.020198981,865783.2797,679778.0399,186005.2398,0.53414132,5.49731843,1.69416437,-17.5590041,-30.07522108,-46.35194206,10353021.36,20198981.11,43:23.8,High Risk
40218,SpaceX tokenized stock (xStock),SPCXx,FALSE,48328.46337,259495.4129, ,2026-06-08T15:32:52.000Z,971,213.6655014,39245696.61,35947272.52,3298424.09,0.21552417,25.53530736,24.61863284,24.61863284,24.61863284,24.61863284,10326125.36,55445217.51,43:23.8,High Risk
18037,Maverick Protocol,MAV,FALSE,928872657.2,2000000000,2000000000,2022-02-10T08:23:09.000Z,972,0.011099963,1299108.106,1299108.106,0,1.43406753,2.23226116,4.37113798,-22.36768135,-33.49541106,-24.40500051,10310452.24,22199926.25,43:23.8,High Risk
38099,iShares Core MSCI Emerging Markets Tokenized ETF (Ondo),IEMGon,FALSE,120661.8376,120661.8376, ,2025-09-03T10:55:11.000Z,973,85.43376951,1513999.012,1508897.06,5101.951496,0.35974416,0.50883016,2.49365466,6.20112625,11.04799303,16.17917356,10308595.62,10308595.62,43:23.8,Low Risk
39660,tx,TX,FALSE,2482332043,1.01927E+11, ,2026-03-05T19:17:11.000Z,974,0.004145821,241629.3013,241629.3013,0,-0.48506746,15.67899334,-8.43921622,-48.67359611,-53.99887004,-66.39884499,10291304.23,422573062,43:23.8,High Risk
12814,Dexsport,DESU,FALSE,600000000,600000000,600000000,2021-10-17T17:38:33.000Z,975,0.017057726,24454.99859,12823.15937,11631.83922,0.34551602,-2.69728256,94.18933266,68.06125148,151.371349,148.3772303,10234635.58,10234635.58,43:23.8,High Risk
37320,Freedom Dollar,FUSD,FALSE,10200000,10200000, ,2025-07-11T08:34:12.000Z,976,1.000390885,312089.5444,312089.5444,0,0.10679057,0.06686861,0.08082823,-0.0877389,0.03901204,0.03361563,10203987.03,10203987.03,43:23.8,Low Risk
20305,Konnect,KCT,FALSE,7375000040,10000000000,10000000000,2022-05-26T07:31:02.000Z,977,0.001382727,654909.9027,654909.9027,0,-0.481621,-0.36460499,88.44441137,360.3478175,34.43548898,-24.07278202,10197610.53,13827268.44,43:23.8,High Risk
5229,AS Roma Fan Token,ASR,FALSE,8644867,9995000,9995000,2020-02-13T00:00:00.000Z,978,1.175035358,6270156.145,6265543.334,4612.81124,0.41003607,3.6801735,18.07015704,-2.02517348,-9.93750178,-14.31401154,10158024.39,11744478.4,43:23.8,Medium Risk
38270,Union,U,FALSE,1919050000,10000000000, ,2025-09-03T05:10:40.000Z,979,0.00526936,1764555.928,1764318.305,237.6239619,-44.90217778,33.42947882,1179.598059,800.6972919,681.4545366,521.0431667,10112165.21,52693599.49,43:23.8,High Risk
5200,Gleec Coin,GLEEC,FALSE,181755046,210000075, ,2020-02-04T00:00:00.000Z,980,0.05551229,0,0,0,0,0,-3.53136896,5.44808431,105.5092255,45.94603304,10089638.82,11657585.06,43:23.8,Low Risk
12623,Stader,SD,FALSE,70755819.92,120000000,120000000,2021-10-11T19:37:29.000Z,984,0.141604698,1803953.961,1803953.961,0,0.14272956,-0.66525358,1.88382707,-15.84792285,3.59098706,-3.44888202,10019356.51,16992563.76,43:23.8,Medium Risk
28919,TG Casino,TGC,FALSE,76999999,76999999,100000000,2024-01-03T04:06:42.000Z,981,0.130552762,51892.75836,232.7893112,51659.96905,1.90420522,7.16174133,-0.04416176,-3.07423089,-1.11763288,-22.06138142,10052562.51,13055276.16,43:23.8,Medium Risk
40232,SpaceX Tokenized Stock (Ondo),SPCXon,FALSE,47260.08212,47260.08212, ,2026-06-12T09:35:08.000Z,982,212.5093063,7233572.691,4448640.908,2784931.783,-0.27239746,25.31558729,28.64401869,28.64401869,28.64401869,28.64401869,10043207.27,10043207.27,43:23.8,High Risk
9288,BENQI,QI,FALSE,7200000000,7200000000,7200000000,2021-04-19T00:00:00.000Z,983,0.001394331,492264.5389,487053.5372,5211.00165,0.69265783,-0.104471,1.27775332,-16.55721248,-11.42088953,-21.19582911,10039185.02,10039185.02,43:23.8,Medium Risk
8938,Ellipsis,EPS,FALSE,723701571.8,723701571.8,1000000000,2021-03-24T00:00:00.000Z,985,0.01383842,7.66533328,0,7.66533328,0.01244803,0.14748335,2.1005861,-6.02547058,-2.96885612,-12.42407165,10014886.53,13838420.31,43:23.8,Low Risk
9674,Wilder World,WILD,FALSE,499968908.6,499968908.6,500000000,2021-05-10T00:00:00.000Z,986,0.019968564,214252.6256,202946.2264,11306.39925,-0.89279271,1.14239141,6.05708218,-20.15713575,-33.55176625,-17.17838039,9983661.163,9984282.01,43:23.8,High Risk
33566,Act I : The AI Prophecy,ACT,FALSE,948240349.6,948240349.6, ,2024-10-22T14:22:27.000Z,987,0.010519733,35127612.05,35127527.79,84.25524651,0.81433259,0.41211163,6.97328636,-22.41514539,-31.92440683,-27.94341774,9975235.478,9975235.48,43:23.8,High Risk
8771,GYEN,GYEN,FALSE,2098780833,2098780833, ,2021-03-10T00:00:00.000Z,988,0.004742059,66.39572304,0,66.39572304,0.65863096,-23.16842386,-23.21833948,-24.8646236,-6.98277793,-9.16667404,9952542.428,9952542.43,43:23.8,High Risk
22354,Quai Network,QUAI,FALSE,782484457,1024209004, ,2022-10-24T05:59:28.000Z,990,0.012664244,271725.5567,271228.6233,496.9333425,-0.51233836,-4.20012923,-25.86044368,-55.65329854,-59.76795995,-69.15316507,9909574.331,12970833.05,43:23.8,High Risk
20672,Clash of Lilliput,COL,FALSE,82074400,1000000000,1000000000,2022-06-20T04:02:04.000Z,990,0.120470559,0,0,0,0.68364717,1.04269002,5.45887379,1907.152436,1906.221252,1906.399941,9887548.873,120470559.3,43:23.8,High Risk
34849,Redbelly Network,RBNT,FALSE,2649523842,10000000000,10000000000,2024-12-24T09:56:05.000Z,991,0.003725293,171221.6255,168323.6686,2897.956918,-0.00761449,1.28303186,-0.5417269,-20.76596341,22.95776229,-11.2833644,9870252.803,37252930.68,43:23.8,Medium Risk
4953,FirmaChain,FCT,FALSE,1189053829,1199031388, ,2019-12-06T00:00:00.000Z,992,0.008299917,179338.3656,179338.3656,0,0.22302897,0.49596767,0.1061546,-32.48744475,-36.17045848,-34.58485721,9869048.484,9951861.4,43:23.8,High Risk
36649,CREPE,CREPE,FALSE,5.80811E+11,6.9E+11,6.9E+11,2025-05-29T05:56:14.000Z,993,1.70E-05,472443.7255,376033.705,96410.02056,-0.08810903,8.73551245,41.68222725,41.73241475,20.73415673,-14.68997523,9855758.057,11708576.23,43:23.8,High Risk
2001,ColossusXT,COLX,FALSE,12732356945,16912806361, ,2017-09-29T00:00:00.000Z,994,0.000772067,0,0,0,0,0,0,-21.58568766,-21.58568766,-21.58568766,9830236.551,13057824.88,43:23.8,Medium Risk
32325,Puffer,PUFFER,FALSE,483815444,1000000000,1000000000,2024-08-05T03:39:24.000Z,995,0.020152501,21791757.93,18944327.51,2847430.419,1.49865089,-13.34877867,46.73944186,-26.12558243,-21.89082499,-41.14964584,9750090.998,20152500.54,43:23.8,High Risk
16334,APX,APX,FALSE,44155871.04,3975255603, ,2021-12-21T09:51:43.000Z,996,0.219484578,0,0,0,0,-0.46431961,-0.70691784,-2.37804634,-3.27563248,-4.23688541,9691532.726,872507298.9,43:23.8,Low Risk
34792,GRIFFAIN,GRIFFAIN,FALSE,999881120,999881120,999881120,2024-12-20T09:18:51.000Z,997,0.009684227,7267063.77,7019492.146,247571.6235,-0.24996331,11.83389592,17.94399507,-12.71971714,-45.77675381,-2.56266915,9683075.968,9683075.97,43:23.8,High Risk
5227,Atletico De Madrid Fan Token,ATM,FALSE,8461208,10000000,10000000,2020-02-13T00:00:00.000Z,998,1.145585484,8915330.078,8912616.53,2713.548005,0.83538852,3.56532389,22.67432245,10.73131002,-3.83455311,-4.15117616,9693037.061,11455854.84,43:23.8,High Risk
28932,Dymension,DYM,TRUE,545205327,1067269009, ,2024-02-06T10:00:00.000Z,999,0.017661416,4417817.161,4417775.525,41.63599606,1.29812519,1.0491496,14.47056681,-21.45800625,-5.83006566,-53.01807023,9629098.346,18849482.46,43:23.8,High Risk
23711,Echelon Prime,PRIME,FALSE,35773841,111111111.1,111111112,2023-03-01T16:41:56.000Z,1000,0.266086342,1322632.336,1200711.006,121921.3299,2.68641216,0.04932484,-6.61723396,-33.20461921,-15.79092695,-34.61234195,9518930.494,29565149.36,43:23.8,High Risk
8613,Alchemix,ALCX,FALSE,2523456.252,2686035.33, ,2021-02-27T00:00:00.000Z,1001,3.757517876,856600.0804,751689.4196,104910.6608,0.56152667,5.75070392,8.30959526,-25.88117568,-32.25877696,-26.53984271,9481931.978,10092825.77,43:23.8,High Risk
38561,Everlyn AI,LYN,FALSE,255638570,1000000000,1000000000,2025-10-02T20:38:38.000Z,1002,0.037087302,1670258.408,1522440.83,147817.5777,0.21886997,3.98997902,4.88230626,-27.91819042,-48.33095908,-20.51750605,9480944.745,37087301.6,43:23.8,High Risk
38022,iShares Russell 1000 Growth Tokenized ETF (Ondo),IWFon,FALSE,18982.19085,18982.19085, ,2025-09-03T10:55:41.000Z,1003,497.8209517,712524.4666,712524.4666,0,0.04205039,-0.11759353,1.0434464,-0.44735368,6.07373296,11.36618008,9449732.315,9449732.32,43:23.8,Low Risk
1768,heyAura,ADX,FALSE,147900000,150000000,150000000,2017-07-01T00:00:00.000Z,1004,0.063691757,24436676.99,24381191.83,55485.16003,-0.30701711,-7.64219035,14.44565571,-9.85849429,-18.94360947,-14.07556179,9420010.819,9553763.51,43:23.8,High Risk
7617,saffron.finance,SFI,FALSE,91423.48983,92122.50185,100000,2020-11-09T00:00:00.000Z,1005,102.8901315,12978.64571,12943.17515,35.47056467,1.58099903,6.10500014,-5.94134981,-8.24666155,-30.33214621,17.46711989,9406574.892,10289013.15,43:23.8,Medium Risk
35396,Purple Bitcoin,PBTC,FALSE,19312169,19312169,19312169,2025-01-22T04:36:46.000Z,1006,0.48640021,423693.5297,54677.75287,369015.7768,0.99161803,-14.4100529,-5.84272907,-45.73885353,245.0718381,187.1259367,9393443.05,9393443.05,43:23.8,High Risk
25232,Abelian,ABEL,FALSE,117849984,138429837,225180000,2023-12-05T08:09:08.000Z,1007,0.079048988,30019.52996,30019.52996,0,3.54950122,-3.0358593,13.46492132,2.46357914,-14.34738996,3.2460512,9315921.97,17800251.12,43:23.8,Medium Risk
38557,4,4,FALSE,1000000000,1000000000,1000000000,2025-10-02T09:38:05.000Z,1007,0.009321171,5916440.828,5159263.155,757177.6736,-0.03144633,7.15142618,1.30074418,-9.37253194,-22.65376103,31.38573341,9321170.873,9321170.87,43:23.8,Medium Risk
2915,Moss Coin,MOC,FALSE,448489688,500000000,500000000,2018-07-10T00:00:00.000Z,1009,0.020710326,49062.34768,49062.34768,0,1.37707936,0.13100421,3.99707061,-23.78988245,-27.85642179,-27.21102775,9288367.857,10355163.24,43:23.8,High Risk
22850,Hivemapper,HONEY,FALSE,5841072914,6549702190,10000000000,2022-12-03T13:01:09.000Z,1010,0.001589298,254062.292,240712.4472,13349.84484,-0.56588718,4.78420116,4.07324325,-21.87587968,-20.34927156,-52.16237311,9283207.435,15892983.31,43:23.8,High Risk
5450,Wibx,WBX,FALSE,11751286309,11751286309,12000000000,2020-04-15T00:00:00.000Z,1011,0.000789815,18712.4217,18712.4217,0,5.24348351,2.58271352,17.83809035,1.27872072,8.83631304,7.87139924,9281337.227,9477774.93,43:23.8,High Risk
3930,ThunderCore,TT,TRUE,13757356632,13757356632, ,2019-05-10T00:00:00.000Z,1012,0.00067439,315748.7512,315748.7512,0,-0.49170201,-0.0844586,2.18363734,-21.31396619,-25.89820121,-26.47964384,9277829.912,9277829.91,43:23.8,Medium Risk
23335,THENA,THE,FALSE,132943458,284166315,326120291,2023-01-06T07:00:00.000Z,1013,0.069771284,4678608.093,4628797.543,49810.54948,0.57048607,1.24532543,3.41814348,-27.23982409,-34.57572782,-54.99413081,9275635.782,22753831.49,43:23.8,High Risk
11078,IAGON,IAG,FALSE,376020434,1000000000,1000000000,2021-07-28T00:00:00.000Z,1015,0.024523983,71878.37786,45424.71611,26453.66175,0.74589673,0.7954752,21.22670409,1.74222184,-39.05396462,-52.94474788,9221518.635,24523982.75,43:23.8,Medium Risk
6929,Hegic,HEGIC,FALSE,703727349.2,3012009888,3012009888,2020-09-07T00:00:00.000Z,1014,0.013109541,3.6840665,0,3.6840665,0.21077927,3.23374807,6.1947943,-17.00384339,-20.0055456,-14.72859795,9225542.487,39486066.91,43:23.8,High Risk
39322,我踏马来了,我踏马来了,FALSE,1000000000,1000000000,1000000000,2026-01-08T07:40:05.000Z,1016,0.009216253,5735234.695,5224600.659,510634.0361,0.21754238,8.6641311,6.35071563,2.1593855,-2.8641311,18.07827017,9216252.692,9216252.69,43:23.8,Medium Risk
9020,Toko Token,TKO,FALSE,169595507.1,495268640.7,500000000,2021-04-07T00:00:00.000Z,1018,0.054149877,1160778.706,1159387.157,1391.54931,1.30649382,1.72395334,8.83634777,-2.377099,-16.45978427,-5.0341441,9183575.851,27074938.5,43:23.8,Medium Risk
34240,SUPRA,SUPRA,FALSE,31490787839,81686249106,1E+11,2024-11-26T13:37:08.000Z,1017,0.000291892,697778.8997,697778.8997,0,0.56720731,-6.70074007,-5.41768313,-50.9155386,-35.05916934,-34.81142656,9191924.503,29189249.09,43:23.8,High Risk
1104,Augur,REP,FALSE,11000000,11000000, ,2015-10-27T00:00:00.000Z,1019,0.831521412,9485.36971,9485.36971,0,-1.59774,-11.84067429,-4.52204086,-20.15007724,-12.9366796,-25.35225046,9146735.532,9146735.53,43:23.8,High Risk
38863,Intuition,TRUST,FALSE,179647832,1046153846, ,2025-11-03T02:50:49.000Z,1020,0.050855106,1104368.47,1025070.732,79297.73768,1.01297509,0.39558238,6.15528662,-23.8539328,-28.37894893,-28.3212252,9136009.494,53202264.47,43:23.8,High Risk
35214,Bubblemaps,BMT,FALSE,677604780,1000000000,1000000000,2025-01-13T17:13:31.000Z,1021,0.01340883,3013132.795,2990015.555,23117.24069,1.01298956,0.92711023,7.25699741,-16.41352342,-17.03363411,-17.3545358,9085887.074,13408829.66,43:23.8,High Risk
34125,Just a chill guy,CHILLGUY,FALSE,999943831.3,999943831.3,1000000000,2024-11-20T20:41:25.000Z,1022,0.009066081,6271024.835,6154893.848,116130.9869,0.80336141,-1.81254843,7.34025632,-37.55737177,-28.02332634,-4.44416714,9065572.078,9066081.31,43:23.8,High Risk
38963,FIGHT,FIGHT,FALSE,2050000000,10000000000,10000000000,2025-11-18T08:07:37.000Z,1023,0.004413083,5230247.575,3906367.511,1323880.064,0.74829649,3.59146283,37.30078445,17.95781535,0.40058524,33.64695028,9046819.593,44130827.28,43:23.8,High Risk
5226,Paris Saint-Germain Fan Token,PSG,FALSE,16120384.91,19890000,19890000,2020-06-11T00:00:00.000Z,1024,0.553296902,6306712.376,6261442.882,45269.49419,0.39366538,-0.13783661,-2.21011368,-48.56411894,-39.9037512,-31.55160532,8919359.04,11005075.39,43:23.8,High Risk
22461,Hashflow,HFT,FALSE,833142847.8,997353568.3, ,2022-10-31T07:02:20.000Z,1025,0.010630406,4804108.159,4804108.159,0,0.02365024,2.80706796,8.06530257,-24.1430521,-30.88763369,-32.56857197,8856646.746,10602273.38,43:23.8,High Risk
35892,Tutorial,TUT,FALSE,834345748.3,834345748.3,1000000000,2025-02-26T10:44:14.000Z,1026,0.010603512,4546985.62,4533410.611,13575.00905,1.46899146,-2.275686,3.65453388,-6.38148724,-13.63465429,-4.80444248,8846995.489,10603512.4,43:23.8,Medium Risk
28674,Fusionist,ACE,FALSE,101737073,146307870,147000000,2023-12-11T13:06:52.000Z,1027,0.086776298,3232279.511,3232279.511,0,1.06662369,0.79395224,1.39936214,-24.9591071,-31.12632157,-42.60087909,8828366.597,12756115.85,43:23.8,High Risk
1037,Agoras: Tau Net,AGRS,FALSE,29861810.84,42000000,42000000,2015-08-24T00:00:00.000Z,1028,0.2925629,6484.481477,6484.481477,0,-0.45582307,-0.25334001,3.95843855,-24.18543368,-36.78998681,-17.86622557,8736457.977,12287641.8,43:23.8,High Risk
8037,Vanar Chain,VANRY,FALSE,2372621559,2377565576,2400000000,2020-12-16T00:00:00.000Z,1029,0.003663001,966005.2163,966005.2163,0,1.26737585,1.50040438,6.23068052,-30.00221486,-33.41602294,-45.65077204,8690914.52,8791201.77,43:23.8,High Risk
22071,LOAN Protocol,LOAN,FALSE,18406735547,35404822992, ,2022-10-05T04:24:14.000Z,1030,0.000469801,280968.8105,280968.8105,0,0.2654928,3.65696075,28.95914639,-6.4403561,69.50506396,60.30981301,8647511.235,16633237.54,43:23.8,High Risk
9308,Vulcan Forged (PYR),PYR,FALSE,45383108.58,50000000,50000000,2021-04-19T00:00:00.000Z,1031,0.190314573,3634348.701,3634348.701,0,0.7820169,3.32412812,3.55474456,-29.09323806,-30.66756411,-40.42326591,8637066.933,9515728.65,43:23.8,High Risk
37453,Aspecta,ASP,FALSE,336666667,1000000000,1000000000,2025-07-21T16:29:11.000Z,1032,0.025654312,1036847.429,1022877.026,13970.40244,0.17825123,0.7009541,3.85823677,-11.31594306,-7.533742,-13.46264985,8636951.824,25654312.32,43:23.8,Medium Risk
39762,iShares Semiconductor Tokenized ETF (Ondo),SOXXon,FALSE,13746.43798,13746.43798, ,2026-03-24T02:56:02.000Z,1033,627.6904161,795215.5259,726096.704,69118.82191,0.88098864,0.96075905,7.74389989,23.526122,54.01125284,89.19340588,8628507.377,8628507.38,43:23.8,High Risk
38966,Edel,EDEL,FALSE,604308559.5,1000000000,1000000000,2025-11-18T08:21:02.000Z,1034,0.014255653,924021.6038,806245.813,117775.7908,0.11442912,6.42296629,17.69664313,83.93817555,90.21502955,-12.47410477,8614813.425,14255653.49,43:23.8,High Risk
35597,xU3O8,XU3O8,FALSE,1600000,1600000, ,2025-07-24T14:09:10.000Z,1035,5.344130543,862061.4867,862061.4867,0,0.01573891,-1.14545492,0.45829229,-2.41797405,-2.25244199,-2.11561744,8550608.869,8550608.87,43:23.8,Low Risk
20622,Forta,FORT,FALSE,634924584,1000000000,1000000000,2022-06-15T16:55:55.000Z,1036,0.013437756,388358.8753,375793.4313,12565.44403,-0.44708426,2.46263778,7.80456241,-15.47572976,-9.03098715,-9.07863557,8531961.679,13437756.06,43:23.8,High Risk
36369,Haedal Protocol,HAEDAL,FALSE,425000000,1000000000,1000000000,2025-04-29T10:59:51.000Z,1037,0.019995111,4615857.418,4497422.997,118434.4215,4.98066572,2.00749085,4.67175924,-35.18655043,-35.61561641,-36.97659856,8497922.079,19995110.77,43:23.8,High Risk
2492,Elastos,ELA,FALSE,23104616,26229451,28219999,2018-01-31T00:00:00.000Z,1038,0.366358025,189995.0542,186568.0238,3427.03043,-0.10874101,0.49290952,3.37851578,-22.36076172,-20.04794655,-30.90803251,8464561.492,10338623.11,43:23.8,High Risk
39714,KnoxNet,KNX,FALSE,1000000000,1000000000,1000000000,2026-03-18T15:35:14.000Z,1039,0.00845556,105416.4215,0,105416.4215,2.76631945,2.77846971,8.52061913,-62.08035312,-74.59652401,9.61568121,8455559.669,8455559.67,43:23.8,High Risk
33108,X Empire,X,FALSE,6.9E+11,6.9E+11,6.9E+11,2024-10-24T12:02:59.000Z,1040,1.22E-05,181637.1598,181637.1598,0,0.44813847,1.31292635,7.77845409,-9.23249726,-5.26687316,-9.45646955,8415901.703,8415901.7,43:23.8,Medium Risk
28458,Autonolas,OLAS,TRUE,223270531.5,473565936, ,2023-11-20T07:59:53.000Z,1041,0.037538091,318041.1498,110141.5476,207899.6022,1.66137447,20.74315636,39.3587398,4.23703858,-14.92359963,-24.63366788,8381149.475,17776761.09,43:23.8,High Risk
7463,RAMP,RAMP,FALSE,477838740,1000000000,1000000000,2020-10-21T00:00:00.000Z,1042,0.01750386,516.0709264,0,516.0709264,1.04613515,7.96145844,9.13649507,-34.68889658,-17.98667422,-21.1581172,8364022.379,17503859.94,43:23.8,High Risk
6069,Assemble AI,ASM,FALSE,1500000000,3000000000,3000000000,2020-08-03T00:00:00.000Z,1043,0.005560411,321719.5567,321719.5567,0,0.44371642,-5.79186543,-7.80764602,-24.30557573,-17.01270078,-25.66121841,8340616.273,16681232.55,43:23.8,High Risk
32089,XION,XION,FALSE,70853452.78,200000000,200000000,2024-12-05T11:30:10.000Z,1045,0.116712135,5770820.98,5768079.229,2741.751072,0.29902135,-2.19759814,1.53998636,-21.34189061,-3.79759806,4.14697549,8269457.736,23342426.97,43:23.8,High Risk
32470,Layer3,L3,FALSE,1231215321,3333333312,3333333333,2024-07-29T22:28:51.000Z,1045,0.006718025,4089619.764,4089619.764,0,0.40237144,-1.60271778,-2.3313628,-41.08223188,-38.70172502,-6.95309097,8271335.073,22393416.04,43:23.8,High Risk
38435,NetX,NETX,FALSE,23123245.12,30000000,50000000,2025-09-18T06:18:06.000Z,1046,0.357496868,169325.137,160134.6861,9190.450883,-0.06545449,-0.79861564,-8.8672631,-29.9161688,-38.42391189,-32.24324238,8266487.71,17874843.4,43:23.8,High Risk
258,Groestlcoin,GRS,FALSE,90279323.89,90279323.89,105000000,2014-04-11T00:00:00.000Z,1047,0.09154193,0,0,0,0,0,0,0,0,0,8264343.584,9611902.69,43:23.8,Low Risk
5161,WazirX,WRX,FALSE,381856872.3,962646669, ,2020-02-06T00:00:00.000Z,1048,0.021641532,16700.28691,16644.91125,55.3756592,1.58388564,5.76243335,4.2848712,-16.9738968,-25.4222796,-9.17423099,8263967.79,20833148.86,43:23.8,High Risk
34914,Phoenix,PHNIX,FALSE,5.29999E+11,5.89E+11,5.89E+11,2024-12-27T08:42:01.000Z,1049,1.55E-05,252308.9081,252308.9081,0,2.2208845,10.03889294,9.64327394,-18.05841558,-21.94421277,78.1738441,8241082.395,9158501.28,43:23.8,High Risk
21134,SquidGrow,SQGROW,FALSE,1000000000,1000000000,1000000000,2022-07-26T12:49:42.000Z,1050,0.008241903,82836.42883,82836.42883,0,0.01265028,-0.26150622,-7.60534353,-21.75564684,69.53286113,44.06193597,8241903.477,8241903.48,43:23.8,High Risk
2866,Chainbounty,BOUNTY,FALSE,520107119.4,555416661,1000449852,2018-06-18T00:00:00.000Z,1051,0.015835874,221861.527,221861.527,0,-0.02483901,0.60519658,5.65117164,-22.20398489,-24.8793756,-28.05795726,8236351.023,15842998.21,43:23.8,High Risk
37767,SymVerse (symverse.org),SYMM,FALSE,165177684,315177684,315177684,2025-08-18T10:14:53.000Z,1052,0.049646757,3999.031735,3999.031735,0,-0.00894392,3.30051368,19.51811888,-4.79404597,-12.65398434,-14.44311951,8200536.41,15647550.02,43:23.8,High Risk
32037,ANyONe Protocol,ANYONE,FALSE,97499965.54,100000000,100000000,2024-06-28T09:19:32.000Z,1053,0.083383232,166338.2131,155147.49,11190.72307,-0.30300008,1.97346988,0.13979605,-31.49754574,-9.48242994,-36.48256077,8129862.24,8338323.19,43:23.8,High Risk
6641,AhaToken,AHT,FALSE,7270833005,7673122638,10500000000,2020-08-19T00:00:00.000Z,1054,0.001113448,68199.95751,68199.95751,0,1.97616154,1.57439639,5.17464753,-26.50043813,-28.11305866,-29.4600879,8095697.126,11691207.84,43:23.8,High Risk
5866,DEXTools,DEXT,FALSE,70265515.01,112551255,200000000,2020-07-19T00:00:00.000Z,1055,0.114689433,146213.5722,54354.59849,91858.97376,2.12784199,0.904578,2.5031818,-2.19874244,-16.02183387,-26.24570639,8058712.056,22937886.55,43:23.8,Low Risk
39105,Solomon,SOLO,FALSE,12899969.18,25799969.18,25800000,2025-12-10T11:46:26.000Z,1056,0.617983374,1956.80458,0,1956.80458,0.79004181,0.59834139,3.65650285,-2.6293611,-11.15869332,-16.14974043,7971966.484,15943971.06,43:23.8,Low Risk
34177,Quantoz USDQ,USDQ,FALSE,7980049,11000000, ,2024-11-23T14:52:57.000Z,1057,0.992799722,21696895.74,21696751.08,144.6611299,-0.00607835,0.02944098,-0.43582166,-0.7272342,-0.72348048,-0.68491599,7922590.428,10920796.94,43:23.8,Low Risk
5956,MUX Protocol,MCB,FALSE,3821523,4803143,4803143,2020-07-29T00:00:00.000Z,1058,2.060223096,0,0,0,0,-0.64878662,-4.0858939,61.85645646,24.88457401,37.73865185,7873189.947,9895546.14,43:23.8,High Risk
37482,DORA,DORA,FALSE,990085589.4,1000000000,1000000000,2025-07-23T14:29:21.000Z,1059,0.007948364,335204.9141,335204.9141,0,-0.21830659,-0.69912883,-3.32402131,-50.58483699,-51.25701422,-51.86316885,7869560.473,7948363.82,43:23.8,High Risk
38033,iShares MSCI Emerging Markets Tokenized ETF (Ondo),EEMon,FALSE,111673.4877,111673.4877, ,2025-09-03T10:55:02.000Z,1060,70.20846375,1106898.876,1105555.892,1342.984497,-0.01984606,0.56443308,3.45779121,6.70353478,11.01060039,16.70671481,7840424.013,7840424.01,43:23.8,Medium Risk
39788,SanDisk Tokenized Stock (Ondo),SNDKon,FALSE,3652.613376,3652.613376, ,2026-03-24T02:56:16.000Z,1061,2141.403217,2768081.634,2190895.742,577185.8926,1.62800144,3.19605731,26.37849917,53.04361379,137.2639894,208.8023977,7821718.032,7821718.03,43:23.8,High Risk
37454,Ika,IKA,FALSE,3000000000,10291666667, ,2025-07-29T11:32:23.000Z,1062,0.002603929,978339.1207,932043.8755,46295.24529,1.05934654,63.47127933,55.61728066,-26.03022914,-33.14851223,-17.67583368,7811786.048,26798766.02,43:23.8,High Risk
11079,Bitgert,BRISE,FALSE,3.9569E+14,1E+15, ,2021-07-28T00:00:00.000Z,1063,1.98E-08,565992.6115,562102.0332,3890.578275,0.57201861,-0.06248074,0.39228872,-14.83681099,-18.83830352,-9.34741912,7816793.449,19754842.05,43:23.8,Medium Risk
18895,MARBLEX,MBX,FALSE,278126582.2,321280425, ,2022-03-17T04:12:25.000Z,1063,0.028047903,1292450.73,1292450.73,0,0.53282418,0.03739737,-0.6548363,-29.0165867,-29.40792531,-33.26888465,7800867.424,9011242.23,43:23.8,High Risk
38009,Oracle Tokenized Stock (Ondo),ORCLon,FALSE,39828.97902,39828.97902, ,2025-09-03T10:55:12.000Z,1065,195.0004677,1591392.227,1464157.499,127234.7283,0.77154691,2.28141398,-9.1915387,1.44823803,7.45992921,24.88699874,7766669.535,7766669.53,43:23.8,Medium Risk
39284,ProShares UltraPro QQQ Tokenized Stock (Ondo),TQQQon,FALSE,91474.30078,91474.30078, ,2026-01-08T15:44:36.000Z,1066,84.87607302,2718319.287,1753546.988,964772.2988,0.41126861,2.93223791,9.2372676,13.04724187,50.41113041,73.56333429,7763979.433,7763979.43,43:23.8,High Risk
3581,Kleros,PNK,FALSE,915528221.5,915528222.1, ,2018-11-01T00:00:00.000Z,1067,0.008460152,106977.0589,54454.08256,52522.97637,1.34237374,0.09834477,-4.97850323,-14.02599822,-40.04038676,-37.52919935,7745507.533,7745507.54,43:23.8,Medium Risk
20513,SaitaChain Coin,STC,FALSE,44701195504,44710138787,2E+11,2021-06-18T00:00:00.000Z,1068,0.000170503,68144.01006,68144.01006,0,-0.01162395,-0.03287756,0.0239922,-0.09669287,2311.687004,3.30538832,7621691.583,34100616.31,43:23.8,Low Risk
38996,Reppo,REPPO,FALSE,379803074.2,1000000000,1000000000,2025-11-25T09:49:08.000Z,1069,0.020045338,385604.5135,124838.5336,260765.98,0.47190038,-10.83235965,41.3841685,-20.73468731,26.46420855,53.44138422,7613280.999,20045338.01,43:23.8,High Risk
18112,Alpine F1 Team Fan Token,ALPINE,FALSE,21335459.22,40000000,40000000,2022-02-21T12:02:04.000Z,1070,0.356095005,2942906.625,2942906.625,0,1.08971918,0.10119642,3.60333133,-16.55854212,-18.27725147,-21.32907838,7597450.467,14243800.22,43:23.8,Medium Risk
30008,Apu Apustaja,APU,FALSE,3.3789E+11,3.3789E+11,4.2069E+11,2024-03-20T12:03:45.000Z,1071,2.24E-05,260156.5941,223076.4435,37080.15059,0.54837708,8.4157508,6.51604857,-25.12073539,-35.95987324,-30.9871004,7563669.745,9417148.36,43:23.8,High Risk
38127,AKEDO,AKE,FALSE,22796250000,1E+11,1E+11,2025-08-19T07:34:00.000Z,1072,0.000330485,1457385.777,1255064.741,202321.0354,1.10736719,6.62528165,13.89427145,-2.42881015,-16.87137468,50.8820803,7533820.728,33048508.98,43:23.8,Medium Risk
40238,SpaceX tokenized stock (Backpack),SPCX,FALSE,35277.78085,35277.78085, ,2026-06-13T13:02:26.000Z,1073,213.2697212,24255330.96,0,24255330.96,0.50473802,25.62778491,-23.27752096,-23.27752096,-23.27752096,-23.27752096,7523682.488,7523682.49,43:23.8,High Risk
5728,Balancer,BAL,FALSE,69788917.29,72368512.92,96150704,2020-06-24T00:00:00.000Z,1074,0.107716202,332731.6549,332731.6549,0,0.58241754,-1.29183398,1.6375112,-26.44319363,-30.93803744,-32.53495193,7517397.108,10356988.65,43:23.8,High Risk
5026,Orchid,OXT,FALSE,997214634.4,1000000000, ,2019-12-16T00:00:00.000Z,1075,0.00750602,2334182.757,2334182.757,0,0.66982192,2.93336297,-1.49215171,-24.60124789,-28.53884492,-57.08535602,7485112.763,7506019.77,43:23.8,High Risk
36737,Tradoor,TRADOOR,FALSE,14349000,60000000,60000000,2025-06-05T09:50:19.000Z,1082,0.516485403,12312644.39,4706188.158,7606456.236,1.04835397,-22.75550841,32.65949617,-16.68774872,-92.81933272,-74.70504024,7411049.044,30989124.16,43:23.8,High Risk
24203,SmarDex,SDEX,FALSE,9801236423,10000000000,10000000000,2023-04-03T19:49:26.000Z,1077,0.000762261,348755.6094,345750.0755,3005.533875,-0.00258781,-6.58471264,-33.94995382,-51.08771631,-58.41204908,-74.29793016,7471099.452,7622609.16,43:23.8,High Risk
8670,Vow,VOW,FALSE,356285269,1142857140,1142857142,2021-03-03T00:00:00.000Z,1077,0.020964717,114244.5181,86403.62785,27840.89024,1.44369052,2.89572007,21.89824919,13.67443145,-16.36942206,-23.78019587,7469419.988,23959677.04,43:23.8,High Risk
37495,Treehouse,TREE,FALSE,156122449,1000000000,1000000000,2025-07-25T07:33:20.000Z,1079,0.047654717,5317555,5306368.906,11186.09336,1.06813949,2.16393453,12.38000175,-24.52307503,-31.36279634,-32.08014499,7439971.172,47654717.31,43:23.8,High Risk
23195,Access Protocol,ACS,TRUE,51392597330,90192463067, ,2023-02-15T17:14:44.000Z,1080,0.000144474,535495.727,533790.2962,1705.430717,0.10310462,1.49876077,-0.24724418,-26.7690285,-21.07869107,-26.42295057,7424880.663,13030442.32,43:23.8,High Risk
5,Peercoin,PPC,FALSE,30267785.36,30267785.36, ,2013-04-28T00:00:00.000Z,1081,0.245243194,960.3080823,960.3080823,0,0.3089705,1.26727058,7.71907899,-14.21473298,-20.4116282,-21.40456858,7422968.366,7422968.37,43:23.8,Medium Risk
29042,StablR Euro,EURR,FALSE,11883541.95,11883541.95, ,2024-08-15T17:58:39.000Z,1082,0.624022655,221.3311575,221.3311575,0,-0.00452593,-27.29883899,-92.11109127,-46.26348522,-46.96306469,-45.77024644,7415599.394,7415599.39,43:23.8,High Risk
32889,Auki,AUKI,FALSE,1255786657,9991616051,10000000000,2024-08-29T16:15:51.000Z,1083,0.005889296,81775.90768,8793.215087,72982.6926,0.31849524,5.60217717,1.57039276,-24.83142643,-3.14133293,-39.4653013,7395699.752,58892963.29,43:23.8,High Risk
7189,Origin Dollar,OUSD,FALSE,7377904.132,7377904.132, ,2020-09-27T00:00:00.000Z,1084,0.999940925,135785.4121,0,135785.4121,0.02207062,0.03705023,0.02900335,0.04131887,0.08827776,0.01328768,7377468.286,7377468.29,43:23.8,Low Risk
8720,Inverse Finance,INV,FALSE,719286.4546,727000, ,2021-03-08T00:00:00.000Z,1085,10.25023594,23941.1764,10486.886,13454.2904,0.76990662,2.48923411,-7.57961547,-30.46828187,-32.05723502,-41.64918397,7372855.869,7451921.53,43:23.8,High Risk
8206,QuickSwap [Old],QUICK,FALSE,759138.5789,922862.9471,1000000,2021-01-07T00:00:00.000Z,1086,9.710587369,10925.50245,0,10925.50245,0.98391564,4.5117892,11.05258933,-6.85233351,-15.1176419,-18.57271083,7371681.496,9710587.37,43:23.8,Medium Risk
30116,Resistance Dog,REDO,FALSE,99999992.96,99999992.96,100000000,2024-03-26T05:37:21.000Z,1087,0.073375107,172076.8426,112709.7306,59367.11197,0.85456126,-6.41047672,8.82730181,-16.40706535,63.56374744,151.8364665,7337510.197,7337510.71,43:23.8,High Risk
36713,Resolv,RESOLV,FALSE,406524470.9,1000000000,1000000000,2025-06-04T08:26:04.000Z,1088,0.01803315,5757077.33,5757077.1,0.23014192,1.18933104,-0.62865197,3.14773133,-41.41029354,-46.63214239,-71.34965968,7330916.848,18033150.21,43:23.8,High Risk
5225,FC Barcelona Fan Token,BAR,FALSE,25297778,39960000,39960000,2020-06-24T00:00:00.000Z,1089,0.289497307,3058969.132,3050454.881,8514.250916,-0.06579472,1.12432469,-3.07190983,-30.39928806,-44.16138839,-48.97019292,7323638.606,11568312.39,43:23.8,High Risk
38046,Coinbase Tokenized Stock (Ondo),COINon,FALSE,42903.8463,42903.8463, ,2025-09-03T10:55:18.000Z,1090,170.5228352,2224105.242,2067306.574,156798.6678,0.94362086,2.19725119,5.21263315,-10.77562593,-14.30444145,-19.42809642,7316085.511,7316085.51,43:23.8,Medium Risk
31838,Cookie DAO,COOKIE,FALSE,769111932,999892387,1000000000,2024-06-14T09:37:53.000Z,1091,0.009433733,2107242.565,2055574.856,51667.70836,1.77131455,-1.45116433,-2.4028507,-44.25577618,-47.2321274,-52.96503209,7255596.506,9433732.86,43:23.8,High Risk
14052,FC Porto Fan Token,PORTO,FALSE,12988206.35,40000000,40000000,2021-11-08T06:40:54.000Z,1092,0.558302042,4993972.161,4993848.581,123.5800229,0.429754,-0.55912027,-1.6813977,-27.99990574,-43.15337125,-52.88809535,7251342.133,22332081.7,43:23.8,High Risk
34993,Swarms,SWARMS,FALSE,999984830,999984830, ,2025-01-02T14:14:00.000Z,1093,0.007230136,6507153.026,6193034.959,314118.0671,0.12085433,3.41526417,6.37907832,-40.74821336,-60.40191254,4.02647456,7230026.318,7230026.32,43:23.8,High Risk
10052,Gitcoin,GTC,FALSE,87491501.9,100000000, ,2021-05-25T00:00:00.000Z,1094,0.082568343,3245334.676,3241726.425,3608.2506,1.20581545,1.57753519,10.72504705,-19.1056612,-11.93416882,-10.18133682,7224028.352,8256834.32,43:23.8,High Risk
24835,PepeCoin,PEPECOIN,FALSE,107057219.2,107630586,133769420,2023-05-01T08:13:44.000Z,1095,0.067210725,141803.3036,124550.7752,17252.52838,0.31963993,2.37474117,7.80843726,-5.23543463,-23.60821121,-44.03414426,7195393.316,8990739.7,43:23.8,Medium Risk
8214,Venus DAI,vDAI,FALSE,274537625,274537625, ,2021-01-08T00:00:00.000Z,1096,0.026130088,0,0,0,0.01022411,0.01528102,0.03704845,0.16332685,0.34330042,0.53106816,7173692.171,7173692.17,43:23.8,Low Risk
37571,Towns,TOWNS,TRUE,3049077748,10530619062, ,2025-07-31T11:50:57.000Z,1097,0.002351736,6476533.208,6453402.941,23130.26655,0.86554359,-0.72359292,1.79287199,-24.67594198,-31.51693733,-41.71802111,7170625.167,24765233.4,43:23.8,High Risk
7208,Polkastarter,POLS,FALSE,99209631.94,100000000, ,2020-09-28T00:00:00.000Z,1097,0.072262048,145111.8851,137746.1281,7365.756943,0.14705147,-0.31381312,1.43872906,-15.97365077,34.61071269,12.47642885,7169091.212,7226204.83,43:23.8,Medium Risk
29920,SLERF (OLD),SLERF,FALSE,499997750,499997750,499997750,2024-03-18T09:28:39.000Z,1099,0.014333054,442.2337467,0,442.2337467,1.22423459,5.04549654,12.70584423,327.1324167,300.6293437,257.6565656,7166494.667,7166494.67,43:23.8,High Risk
37665,XMAQUINA,DEUS,FALSE,201371415.9,999987281.5,1000000000,2025-08-11T06:24:32.000Z,1100,0.035537256,972967.0023,796442.1964,176524.8059,0.21088621,-5.85493301,-6.6195656,-11.91474466,-11.91474466,-11.91474466,7156187.477,35537255.6,43:23.8,Medium Risk
7859,Badger DAO,BADGER,FALSE,19228578.98,21000000,21000000,2020-12-04T00:00:00.000Z,1101,0.37064805,1470086.552,1467998.678,2087.87484,2.48202468,4.11877539,4.36411811,-15.79053764,-4.53328897,-10.38413318,7127035.312,7783609.06,43:23.8,High Risk
6520,HOPR,HOPR,FALSE,341173813,394545361,1000000000,2020-08-11T00:00:00.000Z,1104,0.020685971,665382.2999,653669.1382,11713.16178,2.72705202,9.72757601,25.41671609,-5.97946633,-3.48860413,-2.33922485,7057511.594,20685970.98,43:23.8,High Risk
1808,OMG Network,OMG,FALSE,140245398.2,140245398.2,140245399,2017-07-14T00:00:00.000Z,1102,0.050557252,1742039.765,1742039.765,0,-0.02447099,-0.79147355,3.58556162,-17.73170902,-9.38712676,-14.02055329,7090421.911,7090421.95,43:23.8,Medium Risk
39142,SCOR,SCOR,FALSE,354608042.4,4000000000,4000000000,2025-12-17T05:40:57.000Z,1103,0.020000332,227043.7337,222801.6466,4242.087049,0.17309877,21.70176945,26.42401473,0.2158087,15.95206417,-28.33948949,7092278.652,80001328.84,43:23.8,High Risk
28829,Heroes of Mavia,MAVIA,FALSE,246967179,250000000,256989887,2024-02-06T12:20:20.000Z,1105,0.02856806,1614698.01,1609622.416,5075.594442,1.66875579,4.42525512,8.58411367,-14.47084345,-18.27134967,-16.51427792,7055373.281,7341702.61,43:23.8,High Risk
6928,Bella Protocol,BEL,FALSE,80000000,100000000, ,2020-09-07T00:00:00.000Z,1106,0.088085757,966869.3469,966855.7932,13.55374014,0.70397712,1.33136223,5.65590078,-17.60726998,-24.29199014,-14.97452144,7046860.548,8808575.69,43:23.8,High Risk
37693,Anthropic tokenized stock (PreStocks),ANTHROPIC,FALSE,9554.903577,9554.903577, ,2025-08-11T06:16:15.000Z,1107,731.0908314,63897.43548,0,63897.43548,-1.15669466,3.26836981,-17.03390546,-24.5092856,-23.15693715,49.83702749,6985502.4,6985502.4,43:23.8,High Risk
17960,ORIGYN,OGY,FALSE,7828640875,10414860643,10620490364,2022-02-08T16:41:06.000Z,1108,0.000891763,200451.0603,199519.3945,931.6658444,0.69686793,1.59209734,7.26637714,2.89360894,8.10873747,10.49870424,6981296.159,9470965.62,43:23.8,Medium Risk
19689,Hydranet,HDN,FALSE,188013167.5,300000000,300000000,2022-04-21T17:17:29.000Z,1109,0.037070266,101278.8474,101278.8474,0,0.00614514,-4.19755525,-8.78882391,-7.77335525,23.56654147,16.22943787,6969698.126,11121079.79,43:23.8,Medium Risk
21822,Brickken,BKN,FALSE,81396900.26,143000000,143000000,2022-09-14T16:47:22.000Z,1110,0.085546926,101722.7076,101722.7076,0,0.02376695,1.21165824,-2.7288228,-12.61137995,-11.24116054,34.12085898,6963254.58,12233210.38,43:23.8,Medium Risk
35724,Heima,HEI,FALSE,97758031,98544396,100000000,2025-02-12T06:52:06.000Z,1111,0.071326411,17516198.9,17516198.9,0,0.40483986,-12.08507091,-25.12811921,-9.83345424,-19.48774695,-17.56892589,6972729.451,7132641.05,43:23.8,High Risk
5382,ELYSIA,EL,FALSE,4893154071,6803300705,7000000000,2020-03-30T00:00:00.000Z,1112,0.001414615,348188.5404,348188.5404,0,0.18042486,0.8479608,11.23528242,-25.77819609,-24.33730799,-28.18241724,6921928.584,9902304.2,43:23.8,High Risk
17917,RSS3,RSS3,FALSE,929619421.3,1055772200,1000000000,2022-02-07T10:03:56.000Z,1113,0.007382818,1155796.539,1154234.891,1561.647318,-0.0895919,0.83382568,11.96708924,-24.26028465,23.17316326,-1.83666928,6863211.319,7382818.35,43:23.8,High Risk
38083,Amazon Tokenized Stock (Ondo),AMZNon,FALSE,27630.99941,27630.99941, ,2025-09-03T10:55:12.000Z,1114,247.2965373,2173362.927,2115397.061,57965.86561,-0.0811743,2.21804974,0.54876364,-5.84879286,-1.05832875,14.55174331,6833050.475,6833050.48,43:23.8,Low Risk
9119,Alien Worlds,TLM,FALSE,6788192233,7017014044,10000000000,2021-04-06T00:00:00.000Z,1115,0.001006207,4545466.184,4543839.606,1626.577605,1.05449149,-2.76191033,-1.91383114,-45.16360283,-43.39076559,-44.28543549,6830324.529,10062067.03,43:23.8,High Risk
36277,Bitlayer,BTR,FALSE,333285907,1000000000,1000000000,2025-04-16T06:10:54.000Z,1116,0.020450935,2455480.167,2294793.063,160687.1033,0.90586865,-2.56800313,0.8201783,-27.44094423,-31.97836572,-85.32268053,6816008.55,20450935.39,43:23.8,High Risk
38065,Meta Platforms Tokenized Stock (Ondo),METAon,FALSE,11448.13396,11448.13396, ,2025-09-03T10:55:33.000Z,1118,594.9382306,2916617.221,2850828.676,65788.54488,0.0464738,2.72954044,0.9081665,-2.92539294,-12.43853261,-4.55264483,6810932.561,6810932.56,43:23.8,Low Risk
5228,Galatasaray Fan Token,GAL,FALSE,7990811,9975000,9975000,2020-06-08T00:00:00.000Z,1118,0.852456358,726223.5222,723959.6813,2263.840834,0.08558919,1.2821352,1.08594174,-24.56500222,-61.47441721,-56.18209845,6811817.646,8503252.18,43:23.8,High Risk
3260,AMO Coin,AMO,FALSE,21200000000,21200000000,21200000000,2018-09-10T00:00:00.000Z,1119,0.000320582,102472.2606,102472.2606,0,0.51038893,-0.84117458,6.5614664,-26.90010579,-21.49573867,-24.13905343,6796336.12,6796336.12,43:23.8,High Risk
22359,CONX,XPLA,FALSE,943515708,1999880402,2000000000,2022-10-24T06:03:39.000Z,1120,0.007192934,66573.2356,66100.05426,473.1813399,-0.93768013,0.97014829,6.16697487,-37.9258862,-43.99770399,-47.04941444,6786646.188,14385867.94,43:23.8,High Risk
8420,DAO Maker,DAO,FALSE,209546811.9,269112723.6, ,2021-02-09T00:00:00.000Z,1121,0.032203016,2217984.303,2074911.407,143072.8956,0.8985582,-0.22346616,11.95581347,-28.69482414,-32.60361658,-18.99789356,6748039.241,8666241.22,43:23.8,High Risk
38062,Broadcom Tokenized Stock (Ondo),AVGOon,FALSE,16924.42131,16924.42131, ,2025-09-03T10:55:21.000Z,1122,394.5558007,3294889.537,3131007.491,163882.0467,0.1592151,-0.74552189,-2.09661557,-7.1224408,-1.42044339,22.11183351,6677628.6,6677628.6,43:23.8,Medium Risk
34830,BugsCoin,BGSC,FALSE,9321643825,12985800644,14745800644,2024-12-26T20:42:19.000Z,1123,0.000712548,467751.4588,433012.0705,34739.38829,0.31918238,-0.92149752,-11.22189562,-42.68922162,-51.18448278,-21.08820485,6642121.147,10507094.69,43:23.8,High Risk
36078,Mansory,MNSRY,FALSE,899988227.8,899988227.8,1000000000,2025-03-20T08:16:42.000Z,1124,0.007376103,212707.4087,185946.2101,26761.19852,0.65445816,2.41554592,3.61281718,1.20255233,-11.7577733,-21.74695544,6638405.872,7376103.01,43:23.8,Low Risk
38888,elizaOS,ELIZAOS,FALSE,9316971571,10999986979,11000000000,2024-11-17T23:08:14.000Z,1125,0.000712233,5265022.192,5223557.486,41464.70643,-0.7320433,0.47964207,-10.25732783,-26.14858903,-2.56675406,-30.35182028,6635856.694,7834565.46,43:23.8,High Risk
27178,PAAL AI,PAAL,FALSE,998839623.2,1000000000,1000000000,2023-06-23T07:23:59.000Z,1126,0.006623798,2241687.229,2206419.048,35268.18039,-2.27761718,-1.26760124,-3.18272471,-34.10758768,-53.50186257,-63.10307047,6616112.097,6623798.2,43:23.8,High Risk
30723,Alltoscan,ATS,FALSE,75028995.18,100000000,100000000,2024-04-17T08:46:54.000Z,1127,0.088099554,163507.7515,163507.7515,0,-0.08397986,2.55659254,-11.05221758,-27.2618357,37.38587204,46.90759315,6610020.979,8809955.36,43:23.8,High Risk
29884,Destra Network,DSYNC,FALSE,974947710.1,999874315.2,1000000000,2024-03-15T07:59:16.000Z,1128,0.006745909,1406814.181,1397771.379,9042.801055,0.19220279,3.12799147,-3.17559198,-32.6695313,-59.50743788,-68.00174412,6576908.22,6745908.68,43:23.8,High Risk
1856,district0x,DNT,FALSE,1000000000,1000000000, ,2017-08-03T00:00:00.000Z,1129,0.006573222,13904.59745,13904.59745,0,-0.34169942,-5.0199301,-0.53059221,-19.78123733,-12.76761985,-12.52576514,6573221.711,6573221.71,43:23.8,High Risk
268,WhiteCoin,XWC,FALSE,764324623.4,971792390,1000000000,2014-04-18T00:00:00.000Z,1130,0.008593705,826201.0296,826201.0296,0,2.05713715,-3.62637787,217.2573476,33.09251086,131.6034991,134.7876452,6568380.356,8593705.02,43:23.8,High Risk
21610,TokenBot,TBOT,FALSE,588945823,1000000000, ,2022-08-29T10:09:52.000Z,1131,0.011096163,52415.43408,52415.43408,0,-0.31324426,-0.44123647,-0.26594316,108650.9023,108650.9023,108650.9023,6535038.935,11096163.14,43:23.8,High Risk
32374,Bitcoin Limited Edition,BTCLE,FALSE,15578.6,210000,210000,2024-07-24T07:22:46.000Z,1132,419.4803415,51860.43533,0,51860.43533,0.55453347,0.61810152,0.86956263,7.55246276,20.30861392,94.75955132,6534916.448,88090871.71,43:23.8,Low Risk
20456,WeBuy,WE,FALSE,362031240,2500000000, ,2022-06-04T17:26:40.000Z,1133,0.018028892,26633.43092,26633.43092,0,0.66160948,1.70743746,6.47708625,-14.48724325,-11.89471082,-9.90559509,6527021.972,45072228.93,43:23.8,Medium Risk
26532,Pikaboss,PIKA,FALSE,4.2069E+14,4.2069E+14,4.2069E+14,2023-06-01T01:48:26.000Z,1134,1.55E-08,3517.681159,0,3517.681159,1.20287326,3.68892762,4.88374114,-15.78332015,-25.36163595,-25.65938831,6512497.467,6512497.47,43:23.8,High Risk
26998,Scroll,SCR,FALSE,190000000,1000000000,1000000000,2024-07-04T07:08:51.000Z,1135,0.034171361,4177905.708,4177905.708,0,1.26632162,1.98335331,3.0277788,-25.79546562,-28.02371833,-26.66933947,6492558.653,34171361.33,43:23.8,High Risk
2588,Loom Network,LOOM,TRUE,1242920898,1300000000, ,2018-03-14T00:00:00.000Z,1136,0.005224634,0,0,0,0,0,0,569.1668724,-1.73560159,313.6369636,6493807.223,6792024.66,43:23.8,High Risk
11038,BFG Token,BFG,FALSE,1122808916,3327754201, ,2021-07-24T00:00:00.000Z,1137,0.005771234,2385.678887,0,2385.678887,0.23908326,-0.048619,-5.79814157,-18.23180268,-34.93319185,-40.35093673,6479993.348,19205249.24,43:23.8,Medium Risk
32744,TEXITcoin,TXC,FALSE,62955134,69218556,353396296,2024-10-24T03:56:29.000Z,1138,0.102867784,154815.4409,154815.4409,0,0.1150078,5.29127546,1.31187441,-11.09219826,-19.6876533,-50.50383888,6476055.098,36353093.69,43:23.8,Medium Risk
29711,Zircuit,ZRC,FALSE,5865658300,10000000000, ,2024-07-17T11:49:55.000Z,1139,0.001103583,1957894.73,1913464.799,44429.93116,1.24215973,-0.80974511,0.96128294,-28.52789631,-24.42024086,-35.7350107,6473242.566,11035833.04,43:23.8,High Risk
13967,Goldfinch,GFI,FALSE,87575217.09,114285714,114285714,2021-11-05T12:19:13.000Z,1140,0.073940429,286136.5206,283579.0576,2557.463019,-5.34899968,-7.34271553,-33.1656664,-52.16234698,-37.33569412,-45.58813418,6475349.146,8450334.75,43:23.8,High Risk
27622,LUKSO,LYX,FALSE,30535906.59,42115181.93, ,2020-05-25T00:00:00.000Z,1141,0.211274168,204864.847,204864.847,0,-0.03835232,5.60114071,7.7401365,-2.46206719,-15.52478548,-16.17033592,6451448.268,8897850.03,43:23.8,Medium Risk
34828,Save,SAVE,FALSE,45662843,50000001, ,2021-10-29T04:19:47.000Z,1142,0.141116681,144.1535293,0,144.1535293,0.3421117,0.43192366,1.09488288,-10.98323077,-4.59272622,-15.59051015,6443788.867,7055834.21,43:23.8,Medium Risk
36959,MORI COIN,MORI,FALSE,800007985,999998186,999999999,2025-06-26T14:28:17.000Z,1143,0.008043094,1128882.917,1062837.471,66045.44603,-0.09960013,4.51393833,6.75300738,62.03137966,76.7776185,36.08159506,6434539.721,8043094.36,43:23.8,High Risk
3709,Grin,GRIN,FALSE,233367120,233367120, ,2019-01-27T00:00:00.000Z,1144,0.027323397,5607.226026,5607.226026,0,2.90068576,5.17629381,3.74570723,-17.2470499,-29.31242074,-34.07653218,6376382.394,6376382.39,43:23.8,High Risk
37656,SpaceX tokenized stock (PreStocks),SPACEX,FALSE,8742.698614,8742.698614, ,2025-08-08T06:30:53.000Z,1151,712.2522945,981317.0159,0,981317.0159,1.65308948,26.12960857,2.13130381,-6.35442998,0.33136914,3.56068393,6227007.148,6227007.15,43:23.8,High Risk
38362,Niza Global,NIZA,FALSE,1614406349,2500000000,2500000000,2023-10-14T18:47:57.000Z,1145,0.003918085,270846.9013,270846.9013,0,0.30428141,0.58318808,0.70469657,-1.87633443,-69.47975335,-90.88295244,6325380.974,9795212,43:23.8,Low Risk
36227,NUMINE,NUMI,FALSE,324158673.8,1000000000,1000000000,2025-04-10T05:53:21.000Z,1147,0.019442435,172708.732,166073.5099,6635.222106,0.10786971,0.65733668,2.02662533,41.71765473,-23.93645578,-52.79590773,6302433.954,19442435.03,43:23.8,High Risk
39777,Nebius Group Tokenized Stock (Ondo),NBISon,FALSE,24143.91521,24143.91521, ,2026-03-24T02:56:26.000Z,1147,260.4826001,2734745.35,2556713.287,178032.0627,0.00234167,2.24833076,14.37923703,19.01893187,59.44048761,130.1735691,6289069.809,6289069.81,43:23.8,High Risk
22789,Croatian Football Federation Token,VATRENI,FALSE,3864024,20999999.44,30000000,2022-11-25T05:49:58.000Z,1149,1.626510689,5516.050549,5516.050549,0,0.97446736,4.28158259,26.26683842,0.03322373,-6.90331843,-16.5550491,6284876.338,48795320.67,43:23.8,High Risk
3441,Divi,DIVI,FALSE,4685909344,4685909344, ,2018-10-12T00:00:00.000Z,1150,0.001334783,0,0,0,0.60752437,1.66994769,6.36261453,70.92140591,-11.94011666,11.11947492,6254671.672,6254671.67,43:23.8,High Risk
28675,Coq Inu,COQ,FALSE,6.942E+13,6.942E+13,6.942E+13,2023-12-11T16:53:53.000Z,1153,8.96E-08,2353700.245,2303687.642,50012.60288,1.31047554,-14.88831768,-4.36189403,-38.6115981,-34.73496395,-14.79183512,6223189.987,6223189.99,43:23.8,High Risk
12687,S.S. Lazio Fan Token,LAZIO,FALSE,13178918.92,40000000,40000000,2021-10-21T11:21:12.000Z,1152,0.472953253,2454595.299,2454595.299,0,0.72447384,-0.2252406,1.03022154,-19.31829617,-32.40357818,-36.04263618,6233012.567,18918130.1,43:23.8,Medium Risk
2916,Nimiq,NIM,FALSE,14149142810,14149142810,21000000000,2018-07-10T00:00:00.000Z,1152,0.000440051,74389.22835,74389.22835,0,-0.3684357,0.24332869,-11.73669602,-19.93392276,-5.22805442,-23.58346813,6226342.97,9241068.81,43:23.8,High Risk
39162,KGST,KGST,FALSE,544292462,544292462, ,2025-12-23T05:21:57.000Z,1154,0.011398977,2678959.077,2678922.462,36.61518469,-0.46749323,-0.5709612,0.29764547,-0.26632804,0.01482654,-0.02092776,6204377.028,6204377.03,43:23.8,Low Risk
28504,Joe coin,JOE,FALSE,1000000000,1000000000,1000000000,2023-11-24T08:31:06.000Z,1155,0.006202705,51069.16974,6641.117445,44428.0523,-0.07342111,-4.65552256,7.15651897,-29.09298372,-38.22978972,-45.46694171,6202704.576,6202704.58,43:23.8,High Risk
8827,Boson Protocol,BOSON,FALSE,170463495.1,200000000,200000000,2021-03-16T00:00:00.000Z,1156,0.036274922,134193.9564,124087.5856,10106.37081,0.84081656,8.68187065,26.23050482,23.37820132,7.83765546,-10.49516218,6183550.052,7254984.48,43:23.8,High Risk
37529,RHEA Finance,RHEA,FALSE,390598258,1000000000,1000000000,2025-07-28T14:30:11.000Z,1157,0.01555383,581156.0861,377208.9823,203947.1038,0.32704043,6.77528027,3.76307844,51.46473044,60.42739803,29.99726457,6075298.743,15553829.59,43:23.8,High Risk
38789,PayAI Network,PAYAI,FALSE,999946269.6,999946269.6,1000000000,2025-10-27T03:55:53.000Z,1158,0.006065175,4393389.086,4353369.74,40019.34604,0.05407836,3.64104141,3.6298648,-14.85837858,105.363766,31.61642595,6064849.069,6065174.95,43:23.8,Medium Risk
24476,LimeWire,LMWR,FALSE,457486008.6,633045269,633045269,2023-04-17T05:39:22.000Z,1159,0.013157563,3000334.404,2970674.779,29659.62561,1.73649017,-3.76273433,-6.4684204,-29.50214163,-35.82287487,-49.26747032,6019400.859,8329332.84,43:23.8,High Risk
38647,Sport.Fun,FUN,FALSE,178000000,1000000000,1000000000,2026-01-15T10:22:45.000Z,1159,0.03394281,1447208.721,1116264.456,330944.2648,0.03628571,-2.49805456,-23.46270455,-45.13783647,-12.98097078,-11.97078097,6041820.222,33942810.23,43:23.8,High Risk
3829,Nash,NEX,FALSE,44315573,50000000,50000000,2019-04-01T00:00:00.000Z,1160,0.136071187,436.5270071,0,436.5270071,-0.01677921,2.30838956,17.54459658,-0.24631568,18.2269919,41.42191329,6030072.624,6803559.35,43:23.8,Medium Risk
2934,KAN,KAN,FALSE,9688260519,10000000000, ,2018-07-30T00:00:00.000Z,1162,0.000618537,89056.02459,89056.02459,0,-0.01201763,-0.15191479,-0.35068389,-0.20422477,0.72461075,-0.40221776,5992543.481,6185365.75,43:23.8,Low Risk
8724,Bluefin,BLUE,FALSE,499190858,1000000000,1000000000,2021-03-08T00:00:00.000Z,1171,0.011722406,3355357.064,3313688.727,41668.33647,0.9435676,-5.46398371,0.93464866,-32.07953807,-32.26740882,-36.92782437,5851717.747,11722405.68,43:23.8,High Risk
39692,OpenVPP,OVPP,FALSE,805000000,1000000000,1000000000,2026-03-18T02:22:01.000Z,1163,0.007402363,1060225.432,703001.6594,357223.7727,1.07620099,4.84660137,0.2309435,-36.8733932,-61.50738991,23.78794954,5958901.966,7402362.69,43:23.8,High Risk
21351,SWEAT,SWEAT,FALSE,8456720488,19761559388,21867346500,2022-09-13T08:15:37.000Z,1164,0.000704043,1420596.063,1417527.236,3068.827374,-0.42780844,3.53169315,-12.00663798,-52.87247639,155.5112729,47.15000227,5953895.398,15395553.62,43:23.8,High Risk
19966,Quickswap [New],QUICK,FALSE,759138578.9,922862947.1,1000000000,2022-05-05T05:41:26.000Z,1166,0.00778143,1680776.946,1471359.002,209417.9439,5.04964348,25.88059323,5.43101204,-20.30775386,-31.93112039,-32.56689825,5907183.4,7781429.59,43:23.8,High Risk
11307,Beta Finance,BETA,FALSE,1000000000,1000000000,1000000000,2021-08-18T00:00:00.000Z,1165,0.00592335,0,0,0,0.03376655,-0.16453263,-4.99677141,-22.28561113,-28.08427964,-38.97566115,5923349.684,5923349.68,43:23.8,High Risk
12787,Minswap,MIN,FALSE,1730765990,2473115364,2500000000,2021-10-15T14:39:28.000Z,1167,0.003409774,96976.99364,76787.05399,20189.93965,0.04698336,-2.14211271,4.92178777,-27.19094393,-35.92514491,-48.24560894,5901521.46,8524435.85,43:23.8,High Risk
38671,Turtle,TURTLE,FALSE,154700000,1000000000,1000000000,2025-10-13T07:11:59.000Z,1168,0.038085824,1967134.117,1863504.254,103629.8638,1.01909617,3.14449465,5.79248688,-17.93244204,-19.73240563,-18.19107988,5891876.903,38085823.55,43:23.8,High Risk
30902,Landwolf 0x67,WOLF,FALSE,9.0216E+11,9.0216E+11,1E+12,2024-04-24T12:24:56.000Z,1170,6.52E-06,323937.9855,323937.9855,0,1.61837045,6.99532693,3.01301788,-29.171427,-39.69995123,-42.07275915,5879038.612,6516628.8,43:23.8,High Risk
33746,World of Dypians,WOD,FALSE,528578722,1000000000,1000000000,2024-10-31T13:50:58.000Z,1171,0.011083995,2691190.826,823940.5588,1867250.267,-0.59481342,6.52046376,-9.94805372,49.42899771,31.95693452,6.25211247,5858763.886,11083994.95,43:23.8,High Risk
29779,Polyhedra Network,ZKJ,FALSE,745605426.8,1000000000,1000000000,2024-03-19T09:05:12.000Z,1172,0.00777871,1550029.152,1540578.848,9450.303554,1.02916314,1.56506514,1.09229325,-34.5593071,-62.57612029,-69.67305356,5799848.24,7778709.8,43:23.8,High Risk
22492,VNX Gold,VNXAU,FALSE,42100,44100, ,2022-11-01T05:09:43.000Z,1173,137.3697477,8157.112169,0,8157.112169,0.476785,0.60248929,-3.40103658,-5.37997149,-10.93772841,-10.93705877,5783266.377,6058005.87,43:23.8,Low Risk
32341,Upland (SPARKLET),SPARKLET,FALSE,267145489.5,1000000000,1000000000,2024-07-23T08:25:24.000Z,1174,0.021565901,189242.1654,189242.1654,0,-0.01280546,7.27444672,11.58427207,-8.45612988,-10.00777016,-3.23757576,5761233.129,21565900.81,43:23.8,High Risk
38175,OVERTAKE,TAKE,FALSE,290514205,1000000000,1000000000,2025-08-24T12:53:21.000Z,1175,0.019771869,1066583.306,904258.5795,162324.727,0.75642636,5.43416764,10.41906841,-5.52522576,-50.53824528,1.06725295,5744008.706,19771868.66,43:23.8,Medium Risk
9177,Pitbull,PIT,FALSE,4.02E+16,1.00E+17,1.00E+17,2021-04-08T00:00:00.000Z,1176,1.43E-10,73122.72673,72608.17426,514.5524717,1.24236795,-2.40938005,-11.51524269,-17.60836395,-3.93102686,-11.90404863,5735475.219,14270135.01,43:23.8,High Risk
24087,Fuel Network,FUEL,TRUE,8328476082,10334351757, ,2024-12-19T03:26:27.000Z,1177,0.000688357,717807.768,705435.1298,12372.63827,-0.00962306,2.65038492,2.75572134,-7.66104104,-26.92476053,-38.11176694,5732962.392,7113720.37,43:23.8,Medium Risk
11346,RACA,RACA,FALSE,4.1167E+11,4.1567E+11,5E+11,2021-08-20T00:00:00.000Z,1178,1.33E-05,1686618.879,1683731.428,2887.450814,-2.37737446,-2.28380549,-3.67700065,-24.96702575,-24.53834111,-31.82857652,5479511.002,6655216.63,43:23.8,High Risk
23351,Creta World,CRETA,FALSE,2930881276,10000000000,10000000000,2023-01-31T08:38:00.000Z,1179,0.001938308,109654.0468,109654.0468,0,-0.19387637,-0.78076351,-1.01608916,-7.95900205,-10.50528851,-25.30588912,5680951.697,19383083.66,43:23.8,Low Risk
11809,Ref Finance,REF,FALSE,95995183.82,99990506.14,99990506.14,2021-09-10T18:57:53.000Z,1180,0.059083604,123.1568719,0,123.1568719,1.47286667,3.03921773,13.60787126,32.46716189,41.42977361,26.53030153,5671741.46,5907799.5,43:23.8,High Risk
35092,Hey Anon,ANON,FALSE,13859693.06,20961083.95,20961083.95,2025-01-07T12:50:58.000Z,1181,0.408937863,441182.3134,357714.7659,83467.54747,0.82633141,1.2033968,-4.44236141,-37.06597877,-65.80728579,-20.11667711,5667753.258,8571780.87,43:23.8,High Risk
25241,Graphite Protocol,GP,FALSE,34485688.81,58649022.44, ,2023-05-12T15:55:01.000Z,1182,0.164036522,696470.0126,495636.8424,200833.1702,-0.17500045,20.59010599,25.00332563,2.40010093,-20.65085878,-22.04715323,5656912.449,9620581.66,43:23.8,High Risk
4956,MAP Protocol,MAPO,FALSE,6221156424,9697223991,10000000000,2020-01-06T00:00:00.000Z,1183,0.00090881,3428483.426,3428483.426,0,-0.21136073,3.56330268,-2.37281123,-71.05462532,-72.8202465,-74.4363408,5653846.714,9088096.05,43:23.8,High Risk
29296,NAVI Protocol,NAVX,FALSE,816167495.2,1000000000,1000000000,2024-02-07T12:30:15.000Z,1184,0.006924456,307149.0077,296772.5959,10376.41181,0.21761905,-1.59951315,7.24809257,-39.66338374,-23.65351441,-26.66525828,5651515.565,6924455.58,43:23.8,High Risk
24225,MetFi,METFI,FALSE,322548640.2,449961729.5,500000000,2022-07-01T04:53:40.000Z,1185,0.017403313,12811.75331,614.8233567,12196.92995,0.36799695,0.37316949,5.01487109,7.51094421,-23.37687178,-40.64481809,5613414.841,8701656.34,43:23.8,Medium Risk
2320,Utrust,UTK,FALSE,704069758,431205756,1000000000,2017-12-29T00:00:00.000Z,1187,0.007945251,5106280.329,5106280.329,0,-0.0035628,0.01792139,-0.01357992,-0.02786487,-0.07386479,-16.90030422,5594011.133,7945251.26,43:23.8,Low Risk
37678,World3,WAI,FALSE,336033485,1000000000,1000000000,2025-08-11T01:23:14.000Z,1187,0.016654221,289515.7952,263423.6876,26092.10769,1.285432,3.90897779,6.74812775,-25.52329006,-9.17630812,-14.72147214,5596375.986,16654221.19,43:23.8,High Risk
31173,Ski Mask Dog,SKI,FALSE,989397047,1000000000,1000000000,2024-05-10T05:28:46.000Z,1188,0.005649001,41804.57564,6155.517959,35649.05768,1.17523997,13.71629194,13.28761033,-27.65679087,-46.2599805,-51.22526907,5589104.983,5649001.08,43:23.8,High Risk
6715,Sperax,SPA,FALSE,2048202287,4615267292,5000000000,2020-08-26T00:00:00.000Z,1189,0.002730494,2278189.536,2274475.832,3713.704308,-0.21676625,12.40777206,3.7224666,-9.37581306,-12.05721569,-20.65814897,5592604.61,13652471.35,43:23.8,High Risk
5224,Juventus Fan Token,JUV,FALSE,15612448,19956000,19956000,2020-04-22T00:00:00.000Z,1190,0.356826757,6719651.265,6718627.758,1023.506873,0.32056666,0.67642625,4.53869815,-25.08503753,-32.4474375,-39.36414151,5570939.192,7120834.77,43:23.8,High Risk
4166,Realio Network,RIO,FALSE,161626162.3,161626162.3,175000000,2020-06-25T00:00:00.000Z,1191,0.034427473,551855.9776,508520.672,43335.30562,1.27229373,-5.75160667,-16.8788859,-60.13177097,-47.21484089,-25.78579196,5564380.401,6024807.84,43:23.8,High Risk
14878,Alephium,ALPH,TRUE,134132178.6,222078220.5, ,2021-11-20T03:22:53.000Z,1192,0.041045856,289231.5019,287155.0699,2076.432038,4.78866507,21.65908378,14.85837574,-21.46919023,-8.4742232,-33.86999527,5505570.09,9115390.66,43:23.8,High Risk
35753,Broccoli (firstbroccoli.com),BROCCOLI,FALSE,1000000000,1000000000,1000000000,2025-02-14T08:11:10.000Z,1193,0.005504297,3099908.18,2995289.236,104618.9434,3.35345108,13.66343767,-0.85794162,30.26114795,4.66082248,58.35538482,5504297.388,5504297.39,43:23.8,High Risk
30528,NeuralAI,NEURAL,FALSE,10000000,10000000, ,2024-04-11T06:22:00.000Z,1194,0.550328305,125207.0047,93345.76031,31861.24436,1.26807298,13.50910085,12.69214651,15.26176607,-13.12805517,-19.74955283,5503283.046,5503283.05,43:23.8,High Risk
35011,Kekius Maximus (kekiusmaximus.vip),KEKIUS,FALSE,1000000000,1000000000, ,2025-01-03T10:49:06.000Z,1195,0.005469836,3045006.147,2872320.807,172685.3405,1.74238578,18.43470487,32.89159771,-16.36431843,-42.17573035,-56.51933678,5469835.559,5469835.56,43:23.8,High Risk
34116,AVA,AVA,FALSE,999195932,999195932,999995926.7,2024-11-20T13:48:04.000Z,1196,0.005465619,784500.7524,699664.87,84835.88239,-0.07181436,3.8067737,10.06104526,-25.36055895,-37.91904891,-31.65137976,5461223.907,5465596.37,43:23.8,High Risk
16352,Green Satoshi Token (SOL),GST,FALSE,4810808189,4820808189, ,2021-12-22T01:37:42.000Z,1197,0.001134564,126631.7967,122539.7593,4092.037379,-0.2704728,-0.04605808,-0.24500387,-31.2180976,-29.96121061,-39.73344418,5458171.445,5469517.09,43:23.8,High Risk
38159,Hemi,HEMI,TRUE,977500000,10000000000, ,2025-08-21T09:29:14.000Z,1199,0.005577755,7910538.384,7199251.66,711286.7241,0.90329669,-7.7298881,6.41760313,-27.33491597,-31.08798069,-27.73586314,5452255.042,55777545.19,43:23.8,High Risk
10049,Manchester City Fan Token,CITY,FALSE,13532759,19740000,19740000,2021-05-25T00:00:00.000Z,1199,0.403012914,1598289.318,1597135.549,1153.76916,0.46431045,1.09856919,-2.48426313,-28.7194868,-41.86156381,-27.34103069,5453876.633,7955474.91,43:23.8,High Risk
33543,Luna by Virtuals,LUNA,FALSE,1000000000,1000000000,1000000000,2024-10-21T06:40:11.000Z,1201,0.005445287,8977.641992,1222.218264,7755.423729,0.43378384,-1.4823318,9.72153348,-11.39077117,-17.55038921,-25.28751887,5445286.842,5445286.84,43:23.8,Medium Risk
32088,Roam,ROAM,FALSE,352426975.9,995634972.2,1000000000,2024-07-04T07:09:52.000Z,1201,0.015410776,8046379.53,6484475.397,1561904.132,6.6365517,95.31756521,172.7664921,172.9584742,-7.26167446,-54.06640376,5431173.113,15410775.8,43:23.8,High Risk
34422,Build On BNB,BOB,FALSE,4.2069E+14,4.2069E+14,4.2069E+14,2024-12-05T09:32:49.000Z,1202,1.29E-08,193578.0025,112910.7565,80667.24605,-0.01829213,1.33618895,0.76473942,-27.54289705,-8.92175306,10.00859184,5414598.955,5414598.95,43:23.8,High Risk
1169,PIVX,PIVX,FALSE,104138443,104138443, ,2016-02-13T00:00:00.000Z,1203,0.051870531,2165411.314,2165411.314,0,0.27787418,-0.71639924,0.96100273,-22.53812045,-33.78000363,-44.67491718,5401716.298,5401716.3,43:23.8,Medium Risk
37998,iShares Russell 2000 Value Tokenized ETF (Ondo),IWNon,FALSE,24668.58147,24668.58147, ,2025-09-03T10:54:56.000Z,1204,217.5386849,737521.558,736404.9283,1116.629752,-1.16121416,-1.63957956,1.55531215,5.1409902,6.90301651,13.57953025,5366370.771,5366370.77,43:23.8,Low Risk
36166,PumpBTC (Governance token),PUMP,FALSE,502033682.5,1000000000,1000000000,2025-03-31T06:22:04.000Z,1205,0.010684372,3749187.711,3720304.344,28883.36782,-0.53435845,8.2490335,8.069596,-23.22292197,-57.26150498,-27.22880289,5363914.731,10684372.22,43:23.8,High Risk
20561,MESSIER,M87,FALSE,8.84846E+11,8.84846E+11,8.84846E+11,2022-06-11T16:42:39.000Z,1206,6.05E-06,158422.2418,143965.6365,14456.60527,1.44998874,6.12437894,15.19700337,-5.51386267,-8.55779633,-24.44559183,5355091.467,5355091.47,43:23.8,High Risk
8422,Pangolin,PNG,FALSE,234131505,230000000,538000000,2021-02-10T00:00:00.000Z,1208,0.022763054,469085.123,452732.6948,16352.42819,0.03382235,-0.72531618,2.55224132,-27.87587767,-16.72417986,-23.7057946,5329548.149,12246523.18,43:23.8,High Risk
5113,inSure DeFi,SURE,FALSE,26790063175,88000000000,88000000000,2020-01-07T00:00:00.000Z,1208,0.000199119,0,0,0,0,-6.3568729,30.29727425,11.95159816,-12.27345276,-3.20185459,5334404.581,17522452.26,43:23.8,High Risk
30372,Saga,SAGA,TRUE,404329985,1101817309, ,2024-04-04T06:12:54.000Z,1209,0.013157462,7693851.794,7693851.794,0,0.84200486,-1.99036064,3.44169765,-42.15367792,-49.33575459,-61.59601347,5319956.298,14497119.06,43:23.8,High Risk
29331,OORT,OORT,FALSE,781688553.8,2000000000,2000000000,2024-02-07T15:02:04.000Z,1210,0.006804777,107888.8715,107888.8715,0,0.05177711,0.7629475,-3.19735864,-14.0926211,-35.76751423,-3.07345745,5319216.558,13609554.68,43:23.8,Medium Risk
32171,Purple Pepe,$PURPE,FALSE,4.17214E+11,4.20683E+11,4.2069E+11,2024-07-10T07:05:51.000Z,1211,1.27E-05,533005.2844,493637.8393,39367.44513,-0.06610024,-3.18833307,28.06556939,1.40545506,-11.18999148,-24.70330198,5308020.294,5352246.37,43:23.8,High Risk
7975,Venus LINK,vLINK,FALSE,30907312,30907312, ,2020-12-14T00:00:00.000Z,1212,0.171107734,0,0,0,1.25842024,2.27159373,6.38986865,-13.96704024,-11.7053546,-14.71127862,5288480.116,5288480.12,43:23.8,Medium Risk
23397,Games for a Living,GFAL,FALSE,4130444397,10000000000,10000000000,2023-02-04T23:52:41.000Z,1213,0.001281392,0,0,0,0,-0.89357857,23.00031671,76.87389934,150.3493331,0.97504607,5292716.746,12813915.98,43:23.8,High Risk
23326,Giant Mammoth,GMMT,FALSE,2100000000,3000000000,3000000000,2023-01-27T12:28:22.000Z,1214,0.002510943,144827.9263,144827.9263,0,0.25864054,0.55393021,-0.04691175,-12.60231039,-25.14147764,4.59365624,5272980.797,7532829.71,43:23.8,Medium Risk
3327,SIX Token,SIX,FALSE,850966610.1,999999970,1000000000,2018-09-21T00:00:00.000Z,1215,0.00617506,194742.003,194742.003,0,-0.08061243,0.31133916,-2.24457932,-30.72363491,-30.10132887,-32.68783401,5254769.61,6175059.69,43:23.8,High Risk
36377,Nobody Sausage,NOBODY,FALSE,936066323.8,936066323.8,936066323.8,2025-04-29T13:50:56.000Z,1216,0.005587553,302414.7917,204328.2208,98086.57089,0.70704869,16.55346974,7.88385062,-10.82155064,88.72886481,18.24110908,5230320.389,5230320.39,43:23.8,High Risk
38961,ULTILAND,ARTX,FALSE,59843302.98,91116819.22,280000000,2025-11-21T10:00:53.000Z,1217,0.087191062,793472.2212,309834.0961,483638.125,-0.03559665,0.58938325,0.37919247,-59.15880215,-53.7762064,-10.82829288,5217801.126,24413497.29,43:23.8,High Risk
36601,Mamo,MAMO,FALSE,592919465.2,1000000000,1000000000,2025-05-26T07:45:23.000Z,1218,0.008779444,876896.042,828362.5287,48533.51333,0.7114107,0.6840442,5.56194159,-16.78777351,-34.1758171,-41.68622932,5205503.146,8779443.84,43:23.8,Medium Risk
372,Bytecoin,BCN,FALSE,1.84067E+11,1.84067E+11,1.8447E+11,2014-06-17T00:00:00.000Z,1219,2.81E-05,413.8256276,413.8256276,0,0.28374209,-19.61490534,-19.64320218,-19.6498128,-21.90685578,-37.19298301,5174781.384,5186115.98,43:23.8,High Risk
18662,Galeon,GALEON,FALSE,824778537.3,3931074356,4000000000,2022-03-09T08:08:43.000Z,1220,0.006276304,24857.37783,24857.37783,0,-0.00788615,-0.02537096,-0.80984495,-7.94406327,-14.29450731,-29.35818575,5176560.616,25105214.95,43:23.8,Low Risk
11156,dYdX (ethDYDX),ETHDYDX,FALSE,41656973.2,1000000000, ,2021-08-03T00:00:00.000Z,1221,0.124086637,4424806.073,4424806.073,0,0.81140664,0.37896691,-7.14312466,-11.79243373,-3.65103004,33.55826232,5169073.718,124086637.2,43:23.8,Medium Risk
2949,Kryll,KRL,FALSE,39902368.6,49417348,49417348,2018-07-19T00:00:00.000Z,1222,0.129524609,72744.4201,58053.30239,14691.11771,0.36256571,1.1822997,-1.24257141,-13.42804858,-14.34985289,-16.58147249,5168338.702,6400762.69,43:23.8,Medium Risk
28975,Wexo,WEXO,FALSE,293192189,920900277,928000000,2024-01-09T02:27:04.000Z,1223,0.017627721,110789.4407,110789.4407,0,-1.27295073,-0.79584175,-0.25329067,-5.27789391,-11.88125648,-31.06577494,5168310.062,16358524.94,43:23.8,Low Risk
29879,ANDY (ETH),ANDY,FALSE,1E+12,1E+12,1E+12,2024-03-15T05:18:29.000Z,1224,5.15E-06,69536.76931,32350.27433,37186.49498,0.5145046,3.36896492,-1.95092229,-36.56782825,-46.18508032,-53.30044996,5149205.815,5149205.82,43:23.8,High Risk
36621,MAGIC•INTERNET•MONEY (Bitcoin),MIM,FALSE,21000000000,21000000000,21000000000,2025-05-27T23:34:24.000Z,1225,0.000245011,61369.65213,60365.58335,1004.068782,-0.36237643,-1.65724507,-2.220163,-7.22749493,-30.43042681,-37.9842466,5145230.244,5145230.24,43:23.8,Medium Risk
34034,Open Loot,OL,FALSE,791958835.1,5000000000,5000000000,2024-11-18T08:15:27.000Z,1226,0.006488936,1404623.467,1348526.416,56097.05101,0.15656818,4.12280179,9.35876632,-20.22583595,-33.92299014,-52.46621249,5138970.501,32444681.93,43:23.8,High Risk
213,MonaCoin,MONA,FALSE,65729674.87,65729674.87,105120000,2014-03-20T00:00:00.000Z,1227,0.078265533,29064.77768,29064.77768,0,-0.33902978,9.85127028,6.56565174,-13.5240554,19.56355144,20.05312744,5144368.059,8227272.86,43:23.8,High Risk
12165,Solv Protocol,SOLV,FALSE,1482600000,9660000000,9660000000,2021-09-27T03:14:13.000Z,1228,0.00346129,4877368.767,4877243.131,125.6362775,1.14741397,1.300304,3.8473179,-17.8158751,-19.5026792,-13.38471695,5131708.263,33436059.5,43:23.8,Medium Risk
39851,OneFootball Credits,OFC,FALSE,161274670,1000000000,1000000000,2026-04-09T03:55:20.000Z,1229,0.031764284,4010649.978,3728986.048,281663.9305,0.23016103,2.59448886,-11.24251226,-37.03450744,-37.04358384,-68.33399231,5122774.375,31764283.72,43:23.8,High Risk
24130,VNX Swiss Franc,VCHF,TRUE,4069871.446,4069871.446, ,2023-03-28T12:53:31.000Z,1230,1.257461759,14644.73218,1.26222229,14643.46996,-0.14114666,-0.19229494,0.27024633,-0.96802573,-1.52082737,-0.92745515,5117707.708,5117707.71,43:23.8,Low Risk
362,CloakCoin,CLOAK,FALSE,6162953.571,6162953.571, ,2014-06-07T00:00:00.000Z,1231,0.829567573,68.31018456,68.31018456,0,108.7712062,1.7518075,6.36148781,14.24631986,263.0962609,261.9252452,5112586.438,5112586.44,43:23.8,High Risk
38614,客服小何,客服小何,FALSE,1000000000,1000000000,1000000000,2025-10-08T04:20:44.000Z,1232,0.005110039,1354074.398,829470.9476,524603.4501,0.37457151,-8.41358644,-26.12983287,175.7643313,231.5458946,440.5629799,5110039.138,5110039.14,43:23.8,High Risk
6724,Klever Coin,KLV,FALSE,8880780407,10000000000,10000000000,2020-09-09T00:00:00.000Z,1233,0.000574083,78203.01443,78203.01443,0,0.04687184,0.1686934,11.4850925,-38.32612796,-44.74274761,-54.45264638,5098308.272,5740833.62,43:23.8,High Risk
4660,Telos,TLOS,FALSE,450444437.5,467702819.9, ,2019-09-17T00:00:00.000Z,1234,0.011318167,991170.8422,989274.7411,1896.101127,-0.39697107,4.22196913,-1.47910813,-14.04542826,9.80440977,2.82409807,5098205.195,5293538.44,43:23.8,Medium Risk
33291,Fwog (SOL),FWOG,FALSE,975635328,975635328,975635328,2024-10-03T11:57:23.000Z,1235,0.005205955,2205928.201,2080909.6,125018.6006,-0.08604426,2.88940882,8.76741271,-25.45675701,6.19894392,-16.5995701,5079113.678,5079113.68,43:23.8,High Risk
1492,Obyte,GBYTE,FALSE,934246.4258,1000000,1000000,2016-12-27T00:00:00.000Z,1236,5.43133967,9646.57059,9646.57059,0,-1.18581894,3.90419928,7.01929547,25.82251515,4.02432025,-2.52537316,5074209.675,5431339.67,43:23.8,High Risk
36769,Bulla,BULLA,FALSE,1000000000,1000000000,1000000000,2025-06-09T08:47:56.000Z,1237,0.005057817,517439.611,413639.0469,103800.5641,1.17756516,-1.43775479,1.145853,-20.5334834,-36.70623889,-26.63203575,5057816.717,5057816.72,43:23.8,Medium Risk
23015,Neon EVM,NEON,FALSE,239465527,1000000000,1000000000,2023-07-18T03:44:03.000Z,1238,0.021045389,570802.4601,569720.2541,1082.206013,0.17563625,3.29618784,1.1180999,-33.55589441,-31.32766308,-34.70679011,5039645.143,21045388.9,43:23.8,High Risk
1552,Enzyme,MLN,TRUE,3276307.769,3276927.384, ,2017-02-21T00:00:00.000Z,1239,1.530884983,2210985.71,2210982.508,3.20139689,-0.63908817,-2.50783303,-3.01650573,-40.6119368,-51.28832235,-59.37709289,5015650.362,5016598.92,43:23.8,High Risk
873,NEM,XEM,FALSE,8999999999,8999999999,8999999999,2015-04-01T00:00:00.000Z,1240,0.000557166,209454.6813,209454.6813,0,-1.64000409,1.46593165,-1.5448612,-16.72387806,-17.06698161,-34.62395076,5014489.751,5014489.75,43:23.8,Medium Risk
38048,Qualcomm Tokenized Stock (Ondo),QCOMon,FALSE,21550.78297,21550.78297, ,2025-09-03T10:55:31.000Z,1241,232.0950519,1515936.59,1349953.548,165983.0427,2.56230942,3.32017086,2.13491495,13.08620655,70.69496206,73.71187149,5001830.093,5001830.09,43:23.8,Medium Risk
30402,crow with knife,CAW,FALSE,7.69861E+14,7.77778E+14,7.77778E+14,2024-04-04T16:24:14.000Z,1242,6.50E-09,64085.17549,59128.23102,4956.944472,0.65548045,2.17311025,3.2868303,-10.37007919,-9.41158704,-21.12247212,5002273.634,5053711.33,43:23.8,Medium Risk
38043,Eli Lilly Tokenized Stock (Ondo),LLYon,FALSE,4392.405451,4392.405451, ,2025-09-03T10:55:15.000Z,1243,1135.36608,2964574.799,2898958.332,65616.46666,-0.01348694,0.04402283,-2.41995882,12.62914927,24.98323989,21.49376434,4986988.158,4986988.16,43:23.8,Medium Risk
31830,Daddy Tate,DADDY,FALSE,599615116,599615116,999689062,2024-06-14T06:33:59.000Z,1244,0.008314306,146270.9182,126323.5716,19947.34663,0.10056741,0.33988724,7.85480868,-16.83392381,-32.06736179,-10.75738629,4985383.531,8311720.72,43:23.8,High Risk
32866,McDull,MCDULL,FALSE,7.55556E+12,8.88889E+12,8.88889E+12,2024-08-28T12:26:11.000Z,1245,6.59E-07,0,0,0,0,3.98198765,11.57591165,-17.71415386,-24.3982427,-40.61206709,4980928.734,5859916.16,43:23.8,High Risk
25023,Milady Meme Coin,LADYS,FALSE,7.34366E+14,8.88001E+14,8.88001E+14,2023-05-08T02:42:20.000Z,1246,6.78E-09,675142.5262,621233.2281,53909.29807,0.22577886,7.45952029,3.22733727,-26.0250857,-37.59465152,-36.27817574,4978895.394,6020517.55,43:23.8,High Risk
39897,ALTSEASON,ALTSZN,FALSE,999965875,999965875,999965875,2026-04-22T09:00:02.000Z,1247,0.004966425,2289140.14,2186346.514,102793.6257,0.53766666,-1.49823686,8.53816534,8.36733446,13243.06355,13243.06355,4966255.676,4966255.68,43:23.8,Medium Risk
36849,Unstable Coin (usduc.io),USDUC,FALSE,999916234.2,999916234.2,1000000000,2025-06-17T21:02:23.000Z,1248,0.004955867,1466938.149,1313627.865,153310.2835,-0.33811835,17.44769408,22.7092161,-16.73343893,133.6129514,172.9327452,4955451.952,4955867.08,43:23.8,High Risk
17794,ParagonsDAO,PDT,FALSE,82444476.26,84581812.6,162500000,2022-02-01T20:23:14.000Z,1249,0.060117523,0,0,0,0,-0.21929188,0.7580769,12.20441516,7.42559402,5.85075296,4956357.715,9769097.52,43:23.8,Medium Risk
11035,Splintershards,SPS,FALSE,1522715128,2752458045,3000000000,2021-07-24T00:00:00.000Z,1251,0.003248868,2892.624286,252.9263368,2639.697949,0.03249013,-1.96459124,-0.36227781,-20.98061168,-27.27904949,-42.6322322,4947100.518,9746604.13,43:23.8,Medium Risk
5305,BTSE Token,BTSE,FALSE,4354711,165904711, ,2020-03-12T00:00:00.000Z,1251,1.134284749,2621701.302,2616019.555,5681.746264,0.15932103,0.14301321,1.71336678,2.39739877,4.73040855,-27.75183334,4939482.274,188183183.5,43:23.8,Low Risk
10430,Argentine Football Association Fan Token,ARG,FALSE,18657359,20000000,20000000,2021-06-15T00:00:00.000Z,1250,0.264867967,2290723.712,2257955.882,32767.82995,2.40545419,-11.9414499,-20.85671755,-63.65549183,-58.73638313,-63.10367014,4941736.756,5297359.35,43:23.8,High Risk
38464,Nomina,NOM,FALSE,2900000000,7500000000,7500000000,2025-09-21T03:45:28.000Z,1253,0.001692684,9938931.665,9938931.665,0,0.6350629,-2.91212254,-0.97932846,-26.2350038,-42.64991315,-44.10301007,4908782.923,12695128.25,43:23.8,High Risk
17072,Partisia Blockchain,MPC,FALSE,466190530.6,609855419.4,1000000000,2022-01-10T07:49:39.000Z,1254,0.010464842,2772.946335,2772.946335,0,0.00129254,0.22824282,-32.17018354,-11.23804392,-1.14568141,32.17226639,4878610.066,10464841.62,43:23.8,High Risk
39140,LeverUp,LV,FALSE,90000000,1000000000,1000000000,2025-12-16T13:19:42.000Z,1255,0.053600771,16115.62117,0,16115.62117,0.65005591,3.76922846,16.64383057,-10.23823597,-8.6176866,17.24400917,4824069.413,53600771.25,43:23.8,High Risk
36939,AIVille Governance Token,AIV,FALSE,2777160000,10000000000,10000000000,2025-06-24T09:25:46.000Z,1256,0.001736524,997.967495,997.967495,0,0.00257119,-0.89309531,-6.41229807,-3.59727954,-5.27281961,-3.00259618,4822604.071,17365236.68,43:23.8,Medium Risk
35628,Avalon Labs (AVL),AVL,FALSE,161683998,162250000.8,1000000000,2025-02-06T12:51:26.000Z,1257,0.029784586,12761869.9,12250719.2,511150.6986,1.0207498,8.57193562,7.95782071,-8.48453726,9.82431351,2.41798835,4815690.928,29784585.91,43:23.8,High Risk
38506,Bitlight,LIGHT,FALSE,43056972,420000000,420000000,2025-09-25T12:04:36.000Z,1259,0.11174294,4390892.157,1968113.632,2422778.525,0.95022055,-0.98425271,-6.64133127,-20.36151375,-44.32791659,-46.65238814,4811312.646,46932034.87,43:23.8,High Risk
2083,Bitcoin Gold,BTG,FALSE,17513923.59,17513923.59,21000000,2017-10-23T00:00:00.000Z,1258,0.274806768,328.2749616,328.2749616,0,-0.00730358,-4.75651052,-18.75205531,-21.4641251,-85.74748775,-67.32827298,4812944.734,5770942.13,43:23.8,High Risk
30759,doginme,DOGINME,FALSE,67619258089,67619258089,69000000000,2024-04-18T12:01:22.000Z,1260,7.11E-05,260890.0568,224984.0005,35906.05628,-0.16589146,0.93222088,1.39405664,-28.87985473,-34.12675991,-42.56840344,4810382.268,4908607.19,43:23.8,High Risk
39353,雪球,雪球,FALSE,558894456.6,558894456.6,1000000000,2026-01-13T07:02:13.000Z,1261,0.008594487,174135.4419,124133.4314,50002.01053,0.46149605,2.30495002,-21.3801269,-24.99506246,-26.4764238,-2.81845339,4803411.302,8594487.29,43:23.8,High Risk
32722,Lava Network,LAVA,FALSE,264506471,962506927.5, ,2024-08-17T18:06:01.000Z,1263,0.017965188,389063.5496,374425.8849,14637.66479,0.11342726,1.0198087,7.895298,-27.32388341,-35.94955097,-47.86544526,4751908.595,17291618.33,43:23.8,High Risk
32717,SUNDOG,SUNDOG,FALSE,997420606,1000000000,1000000000,2024-08-17T02:02:00.000Z,1262,0.004761417,6157359.444,6127745.145,29614.29856,-0.40813488,1.42696676,-0.01334094,-26.64635357,1.42629938,-25.45818691,4749134.933,4761416.5,43:23.8,High Risk
2758,Unibright,UBT,FALSE,149999999.2,150000000,150000000,2018-05-21T00:00:00.000Z,1264,0.031502948,1.32133153,0,1.32133153,0.00015395,2.52981232,-3.70800494,-22.7682271,2.08638936,10.08030619,4725442.161,4725442.18,43:23.8,High Risk
29349,Rain Coin,RAIN,FALSE,1000000,1000000,1000000,2024-02-09T04:39:54.000Z,1265,4.706348417,7878.680121,7878.680121,0,-0.9391145,-0.72163416,-2.42996605,-6.92400003,15.93719415,13.25342706,4706348.417,4706348.42,43:23.8,Medium Risk
6554,GamerCoin,GHX,FALSE,649965123.4,808000000,808000000,2020-08-12T00:00:00.000Z,1266,0.00722425,382321.0629,377696.5881,4624.474792,1.28512119,-0.27497307,3.70094901,-15.22149295,-8.75696926,-12.27587674,4695510.761,5837194.27,43:23.8,Medium Risk
28147,Amaterasu Omikami,OMIKAMI,FALSE,946976011,999476011,1000000000,2023-09-20T17:56:59.000Z,1267,0.004956411,99437.26506,94140.78052,5296.484542,0.61208466,3.73616596,3.4663227,-10.9415288,-30.95749308,2.54928506,4693602.593,4956411.29,43:23.8,Medium Risk
9656,CateCoin,CATE,FALSE,5.72731E+13,6E+13, ,2021-05-09T00:00:00.000Z,1268,8.19E-08,3221.420203,1220.709953,2000.71025,0.3701498,-1.29069733,3.12822974,-15.6736408,-32.33374915,40.55301074,4692378.087,4915793.45,43:23.8,Medium Risk
36539,RIZE,RIZE,FALSE,1971407269,4945093375,5000000000,2025-05-18T14:27:26.000Z,1269,0.002378831,125101.6317,108594.9389,16506.69277,-0.40753478,-2.72964769,20.0389233,-20.79035848,-38.34690537,-59.88786113,4689644.506,11894154.44,43:23.8,High Risk
2410,SpaceChain,SPC,FALSE,307182730,391259213, ,2018-01-16T00:00:00.000Z,1270,0.015174543,8455.741126,0,8455.741126,1.31402589,0.84729559,1.61253349,-10.29942125,-13.20885659,-25.55695006,4661357.525,5937179.73,43:23.8,Medium Risk
5829,TrustSwap,SWAP,FALSE,99995164,99995164.27, ,2020-07-10T00:00:00.000Z,1271,0.046559915,1645718.639,1613703.779,32014.86059,0.48131706,0.48378705,1.57847466,-10.98309745,-4.79376439,17.57615106,4655766.363,4655766.38,43:23.8,Medium Risk
36468,Solana Name Service,SNS,FALSE,4500000000,10000000000,10000000000,2025-05-12T11:14:51.000Z,1272,0.00103132,68512.66516,64619.45737,3893.207784,1.14591005,19.070406,12.95169837,-15.23870845,-25.97198335,-26.28024504,4640940.401,10313200.89,43:23.8,High Risk
33081,XBorg,XBG,FALSE,238673278,1000000000,1000000000,2024-09-20T08:18:40.000Z,1273,0.019425688,4224.376877,2562.055613,1662.321263,-0.1642682,4.29277054,-21.4570183,3.54007082,-6.10931429,-40.21939375,4636392.751,19425688.5,43:23.8,High Risk
28220,Soil,SOIL,FALSE,69608383.72,99000000,100000000,2023-10-11T10:31:32.000Z,1274,0.066380729,61294.84393,61294.84393,0,-0.19466746,0.24082528,0.47045839,-21.04868741,-29.68750378,-31.51706015,4620655.237,6638072.87,43:23.8,Medium Risk
39409,错版马,哭哭马,FALSE,1000000000,1000000000,1000000000,2026-01-20T19:19:28.000Z,1275,0.004619319,632882.4541,180774.6259,452107.8282,0.22227426,-5.13740588,150.8824592,199.3413752,1171.719253,1273.085301,4619319.431,4619319.43,43:23.8,High Risk
4167,Bitrue Coin,BTR,FALSE,358593007.5,801307097.3,1000000000,2019-07-25T00:00:00.000Z,1276,0.012852972,511969.5207,511969.5207,0,-0.17441732,2.06547343,4.3046286,8.0675748,-8.7136763,-22.54936863,4608986.049,12852972.46,43:23.8,Medium Risk
38315,Zypher Network,POP,FALSE,2387500001,10000000000,10000000000,2025-09-08T09:51:29.000Z,1277,0.00192269,2191633.394,104177.8272,2087455.566,0.07919926,0.25911536,3.12119417,6.77272541,-20.63427461,18.02544189,4590421.329,19226895.61,43:23.8,Medium Risk
2780,NKN,NKN,FALSE,801742407.9,801742407.9,1000000000,2018-05-28T00:00:00.000Z,1278,0.005697272,145022.6016,145022.6016,0,-0.5430095,-4.68493754,1.59049392,-25.80244692,-41.13293947,5.3898547,4567744.961,5697272.49,43:23.8,High Risk
32526,Covalent X Token,CXT,FALSE,967146350.8,1000000000,1000000000,2020-10-14T00:00:00.000Z,1279,0.004713022,316787.8963,309663.9909,7123.905429,0.00086157,1.83938223,-2.495219,-16.94156028,-3.65842613,-12.92863191,4558182.511,4713022.5,43:23.8,Medium Risk
38004,Robinhood Markets Tokenized Stock (Ondo),HOODon,FALSE,46061.93318,46061.93318, ,2025-09-03T10:55:32.000Z,1280,98.30590271,2741734.703,2489040.372,252694.3314,0.66101457,1.54947521,14.76309482,28.88301936,12.61075614,26.41035429,4528159.921,4528159.92,43:23.8,High Risk
7533,Oraichain,ORAI,FALSE,13823700,18014986.26,19779272,2020-10-27T00:00:00.000Z,1282,0.327339417,142114.0663,136397.5583,5716.508088,0.71436806,-0.14751531,0.28265413,-16.55040832,-31.03743327,-34.82735323,4525041.905,6474535.37,43:23.8,Medium Risk
12064,Cratos,CRTS,FALSE,63875826799,1E+11,1E+11,2021-09-22T23:11:43.000Z,1281,7.08E-05,143975.5428,143975.5428,0,0.38586929,-0.27790283,3.77844841,-37.6119101,1.05666537,-2.36468115,4525100.553,7084214.45,43:23.8,High Risk
77,Diamond,DMD,FALSE,3693462.708,4380000,4380000,2013-12-19T00:00:00.000Z,1283,1.223102907,36757.29239,36757.29239,0,1.09073827,5.08332842,7.49354484,-14.22699227,-16.02563074,-22.20330864,4517484.977,5357190.73,43:23.8,High Risk
9720,PlatON,LAT,FALSE,6911391009,10250000000, ,2021-05-12T00:00:00.000Z,1284,0.000646487,1521751.144,1521751.144,0,-0.06278498,6.26434173,-6.98446882,-51.08116218,-51.65551921,-52.20535397,4468127.792,6626496.72,43:23.8,High Risk
2570,Viction,VIC,FALSE,126907717.9,210000000,210000000,2018-03-08T00:00:00.000Z,1285,0.035179881,4409183.163,4409183.163,0,2.12772263,5.47232082,-11.16991275,-42.40360962,-37.25078714,-29.02670628,4464598.414,7387775.01,43:23.8,High Risk
28778,NFPrompt,NFP,FALSE,585649111.1,946000000,1000000000,2023-12-27T10:19:02.000Z,1286,0.007567052,1860976.982,1860976.982,0,1.42220182,-0.2418556,-7.91740753,-33.76831742,-49.06627254,-56.11862041,4431637.449,7567052.29,43:23.8,High Risk
5925,Pkoin,PKOIN,FALSE,13924177,16609085,24375000,2020-07-28T00:00:00.000Z,1287,0.317276566,32726.08869,32726.08869,0,-0.07462958,-7.96217407,-10.74312525,-14.63680361,-21.45587102,-31.61670227,4417815.059,7733616.29,43:23.8,High Risk
24220,Propchain,PROPC,FALSE,42871090.91,63763337,100000000,2023-05-19T05:03:47.000Z,1288,0.101811076,64935.77955,64935.77955,0,-0.02417916,0.31951894,0.92665963,-19.08054351,-11.10186607,-8.13019107,4364751.899,10181107.61,43:23.8,Medium Risk
37114,Manyu (manyushiba.com),MANYU,FALSE,1E+15,1E+15,1E+15,2025-07-03T03:36:25.000Z,1289,4.35E-09,3096640.448,3042052.151,54588.29667,2.88001855,0.94352986,2.96835473,-28.07887032,-27.08599593,-36.2074864,4349881.442,4349881.44,43:23.8,High Risk
34348,EarthMeta,EMT,FALSE,1437539667,2100000000,2100000000,2024-12-02T07:29:25.000Z,1289,0.003030115,27295.43311,27295.43311,0,1.70387094,4.4587734,4.86827611,-33.67928182,-58.64326501,87.631087,4355910.571,6363241.59,43:23.8,High Risk
24600,Helium Mobile,MOBILE,FALSE,89280000000,1.0088E+11, ,2023-04-21T03:13:40.000Z,1291,4.84E-05,39755.88915,18288.47363,21467.41552,1.9332073,-5.68701126,-12.97252907,-58.95878196,-65.91229106,-71.93800756,4325463.273,4887463.43,43:23.8,High Risk
16360,Gearbox Protocol,GEAR,FALSE,10000000000,10000000000,10000000000,2021-12-22T03:22:05.000Z,1292,0.000430129,4287.497846,1230.589246,3056.9086,0.63442547,4.92036451,27.46372225,-6.03413294,27.08785131,11.36314542,4301289.68,4301289.68,43:23.8,High Risk
29220,PepeFork,PORK,FALSE,4.07626E+14,4.2069E+14,4.2069E+14,2024-01-30T07:41:17.000Z,1293,1.05E-08,57689.75969,53882.82873,3806.930956,0.21594846,0.48628214,-8.001976,-21.98766087,-39.54923873,-50.78498204,4280769.63,4417966.87,43:23.8,High Risk
8384,CLV,CLV,TRUE,1224140929,2000000000, ,2021-02-03T00:00:00.000Z,1294,0.003489756,118962.5422,116254.7106,2707.831528,-0.4766738,-4.04398534,36.45124884,-2.26969271,-3.18399652,-16.31438717,4271953.683,6979512.87,43:23.8,High Risk
8538,AC Milan Fan Token,ACM,FALSE,13633682,19920000,19920000,2021-02-22T00:00:00.000Z,1295,0.312549927,5127577.153,5126375.246,1201.907257,0.54715469,4.24251746,0.74846168,-23.27278302,-27.4976388,-29.98782442,4261206.32,6225994.55,43:23.8,High Risk
24924,Swell Network,SWELL,FALSE,4966435190,10000000000,10000000000,2024-11-07T10:00:00.000Z,1296,0.000857813,3468152.464,3468029.445,123.0186965,2.27771035,1.66871936,4.60357098,-48.68309475,-27.2846675,-31.7320425,4260271.946,8578128.54,43:23.8,High Risk
1312,Steem Dollars,SBD,FALSE,9801650.135,9801650.135, ,2016-07-18T00:00:00.000Z,1297,0.433330273,1918056.28,1918056.28,0,3.12259118,3.1449468,4.47351985,-18.47388787,-9.60020753,-16.3118058,4247351.733,4247351.73,43:23.8,High Risk
34187,LOFI,LOFI,FALSE,1000000000,1000000000,1000000000,2024-11-24T15:15:26.000Z,1298,0.004241978,36060.89792,30655.41553,5405.482387,3.23122616,3.08188895,20.23098642,-13.44983197,32.05261198,8.79902479,4241977.776,4241977.78,43:23.8,High Risk
36560,Yee Token,YEE,FALSE,1000000000,1000000000,1000000000,2025-05-20T09:50:25.000Z,1299,0.004227135,507873.804,439123.1587,68750.64532,0.75740613,-2.61801487,-4.54160215,-8.5262354,-28.68979083,5.95167565,4227134.8,4227134.8,43:23.8,Medium Risk
31342,NATIX Network,NATIX,FALSE,40603174541,99991483317,1E+11,2024-05-22T03:05:34.000Z,1300,0.000103769,236183.5787,205765.3061,30418.27263,-0.43858402,14.69477818,13.23818135,23.11553444,20.45876392,17.63759602,4213340.541,10376874.69,43:23.8,High Risk
30637,Keyboard Cat,KEYCAT,FALSE,10000000000,10000000000,10000000000,2024-04-15T04:09:15.000Z,1301,0.000420092,161214.9609,135364.596,25850.36496,0.49018567,-2.41610011,3.99975885,-27.3233405,-18.92335058,-32.85367515,4200916.499,4200916.5,43:23.8,High Risk
19214,VitaDAO,VITA,FALSE,14264996.18,27219552,64298880,2022-03-30T11:16:17.000Z,1302,0.293323022,1911.462222,889.6272934,1021.834929,0,-5.30002289,1.307949,-35.86126804,-18.80583422,0.72539528,4184251.794,18860341.82,43:23.8,High Risk
33405,Koma Inu,KOMA,FALSE,602543739.2,605954353.4,1000000000,2024-10-11T08:45:17.000Z,1303,0.006922859,2330704.842,1798350.138,532354.7036,1.74006241,-0.42765837,8.70285181,2.91358494,-28.24979144,-3.92209102,4171325.06,6922858.52,43:23.8,Medium Risk
9637,Altura,ALU,FALSE,990000000,990000000,990000000,2021-05-07T00:00:00.000Z,1304,0.004186607,2314701.36,2302799.558,11901.80221,0.18024181,0.67696427,5.05400375,-17.8723909,-22.50770761,-15.19193298,4144741.395,4144741.39,43:23.8,Medium Risk
38017,Lockheed Tokenized Stock (Ondo),LMTon,FALSE,7653.216234,7653.216234, ,2025-09-03T10:55:06.000Z,1305,540.7582762,2680616.716,2670500.587,10116.12967,0.03408589,-1.1780488,2.40382008,3.26583351,-12.09605215,-15.78563405,4138540.018,4138540.02,43:23.8,Low Risk
16399,Coreum,COREUM,FALSE,384792048,897767382.7, ,2021-12-23T06:20:21.000Z,1306,0.010743995,180.0226523,0,180.0226523,0.9971897,1.8543025,4.97890642,-30.5227573,-39.6337819,-35.00454115,4134204.016,9645608.68,43:23.8,High Risk
38628,Australian Digital Dollar,AUDD,FALSE,5869320,5670229.705, ,2025-10-09T06:42:27.000Z,1307,0.704234911,36787.58966,607.5207756,36180.06889,-0.38908344,-0.45250281,-0.11464496,-1.34656865,-1.26165375,-0.4233673,4133380.048,3993173.71,43:23.8,Low Risk
37372,Portal To Bitcoin,PTB,FALSE,7574549941,8065769507,8400000000,2025-07-09T15:53:58.000Z,1308,0.000545559,1971609.496,1870752.458,100857.0383,0.41341433,-6.43369916,-6.2579806,-33.87959761,-51.32973627,-52.21907567,4132367.516,4582699.62,43:23.8,High Risk
10332,Stonks,STNK,FALSE,581877.0174,581877.0174,581918.12,2021-06-08T00:00:00.000Z,1309,7.041365617,78305.33308,71418.37272,6886.960353,0.44171076,-1.60296146,9.50046052,-21.17160647,-8.0663389,-37.45700595,4097208.824,4097498.24,43:23.8,High Risk
11232,Highstreet,HIGH,FALSE,96388608.44,100000000,100000000,2021-08-12T00:00:00.000Z,1310,0.042425587,2963757.177,2952856.837,10900.33938,-1.29167801,-6.21408532,-41.14291747,-77.37810131,-63.21883843,-71.44250516,4089343.3,4242558.71,43:23.8,High Risk
23780,Decentrawood,DEOD,FALSE,464394649,1890000000,1890000000,2023-03-06T14:07:41.000Z,1311,0.008801356,322508.8626,319896.2404,2612.622227,-0.0402868,2.95772576,30.65083393,44.82117093,45.44457463,10.38712386,4087302.718,16634563.2,43:23.8,High Risk
33104,SyncGPT,SYNC,FALSE,200000000,1000000000,1000000000,2024-09-24T12:18:57.000Z,1312,0.020421202,0,0,0,-1.71E-05,0.01478618,-0.02578973,-0.031007,-69.59196275,-69.59188883,4084240.472,20421202.36,43:23.8,Low Risk
38701,Rayls,RLS,FALSE,1500000000,9971791867,10000000000,2025-10-16T10:24:15.000Z,1313,0.002720387,1345833.365,1326111.374,19721.99029,-0.0285833,-0.91037865,-6.95753072,-29.33070561,-1.17204039,-38.0716006,4080579.854,27203865.69,43:23.8,High Risk
20117,Minima,MINIMA,FALSE,553366920,999978211,1000000000,2022-05-13T09:38:48.000Z,1314,0.007380037,93859.62929,93859.62929,0,-2.74892789,-2.32330633,-8.22659998,-8.65557867,78.5252001,47.95820658,4083868.185,7380036.71,43:23.8,Medium Risk
11213,Star Atlas DAO,POLIS,FALSE,344192513.2,360000000, ,2021-08-11T00:00:00.000Z,1315,0.011808566,40909.9653,25257.45571,15652.50959,0.43795936,2.17987206,1.9956284,-14.19558549,-25.40649853,-23.7262342,4064419.84,4251083.58,43:23.8,Medium Risk
36418,Jager Hunter,JAGER,FALSE,1.32E+16,1.32E+16,1.46E+16,2025-05-06T03:44:43.000Z,1316,3.08E-10,173312.846,148620.0534,24692.79255,0.05338924,0.2328565,-7.04579839,-21.8200914,6.25963913,26.52198313,4061553.99,4490667.95,43:23.8,High Risk
39895,Asteroid (Asteroid OG),ASTEROID,FALSE,1000000000,1000000000,1000000000,2026-04-21T12:27:58.000Z,1317,0.004052506,306769.0522,0,306769.0522,0.94854146,-10.9329974,25.8060389,-30.52379065,21351.85097,62532.7843,4052505.901,4052505.9,43:23.8,High Risk
3437,ABBC Coin,ABBC,FALSE,905304095.7,907217636.9,1225109279,2018-10-12T00:00:00.000Z,1318,0.004468064,113.4525324,113.4525324,0,5.13781404,8.63788084,3.07984993,-1.89723293,-29.93141564,-18.82576797,4044956.315,5473866.23,43:23.8,Medium Risk
39242,Occidental Petroleum Tokenized Stock (Ondo),OXYon,FALSE,74244.43105,74244.43105, ,2026-01-08T15:44:32.000Z,1319,54.36249201,1170845.266,1156022.179,14823.08696,-0.42126955,-1.20013557,-4.74079724,-9.03499932,-4.53500439,-5.02308151,4036112.29,4036112.29,43:23.8,Medium Risk
22052,SpaceN,SN,FALSE,40010000,1000000000,1000000000,2022-10-03T06:33:29.000Z,1320,0.100412398,0,0,0,0.68497443,1.07491804,5.70173069,-24.12909,-26.29335516,-24.92902468,4017500.057,100412398.3,43:23.8,High Risk
31248,GameStop (gamestop-coin.vip),GME,FALSE,4.11297E+11,4.11297E+11,4.2069E+11,2024-05-15T03:15:20.000Z,1321,9.75E-06,100523.8063,27876.35716,72647.44914,1.52166923,-1.95379683,-4.77784717,-27.952653,-30.06550574,-47.33538482,4010826.815,4102419.29,43:23.8,High Risk
4160,Ycash (y.cash),YEC,FALSE,16762410.94,16762410.94,21000000,2019-07-23T00:00:00.000Z,1322,0.239046131,1005.314499,1005.314499,0,-0.01073141,8.84463688,1.12327134,-45.17581736,-23.69580854,102.8857273,4006989.475,5019968.74,43:23.8,High Risk
14371,Inflation Hedging Coin,IHC,FALSE,1.19643E+11,6.21439E+11,1E+12,2021-11-11T18:06:18.000Z,1323,3.35E-05,0,0,0,0,-1.17025062,-0.9176868,-1.40257625,-3.73884972,-3.47664807,4003892.924,33465337.17,43:23.8,Low Risk
6180,Suku,SUKU,FALSE,647045293.4,1500000000, ,2020-08-04T00:00:00.000Z,1324,0.006185535,276725.9925,276725.9925,0,-0.37418673,-6.80645959,-9.35138387,-19.59711119,-12.14182096,-25.63155965,4002321.6,9278303.17,43:23.8,High Risk
11202,Tokemak,TOKE,FALSE,89618131.19,100000000,100000000,2021-08-09T00:00:00.000Z,1325,0.044396416,3546.812005,2188.932872,1357.879132,3.98552508,11.58260633,-1.15944739,-21.63183231,-23.85537624,-14.37722543,3978723.875,4439641.65,43:23.8,High Risk
37726,MECCA,MEA,FALSE,1621332083,3999998753,1E+11,2025-08-12T06:29:01.000Z,1326,0.002398278,91214.53329,87985.29942,3229.233862,-1.23705006,-4.28965973,-9.43426216,-9.02736043,-18.89589741,-26.43174028,3888404.599,239827771.3,43:23.8,Medium Risk
2505,Bluzelle,BLZ,TRUE,471420624.8,500000000, ,2018-02-06T00:00:00.000Z,1327,0.008401918,102263.4448,96250.19992,6013.244897,-0.17252921,2.10538227,1.36294943,-18.89894359,-11.08677074,-24.03036883,3960837.356,4200958.92,43:23.8,Medium Risk
10897,Alitas,ALT,FALSE,603151191,1000000000,1000000000,2021-07-14T00:00:00.000Z,1328,0.006535864,513.2709344,513.2709344,0,0.09681902,-2.60782036,14.26042583,-3.92600254,-10.14415885,-17.25015705,3942114.306,6535864.25,43:23.8,Medium Risk
38118,DaGama World,DGMA,FALSE,129886560,700000000,700000000,2025-09-25T10:45:50.000Z,1329,0.030136037,134217.3961,134217.3961,0,0.27243554,0.51599312,-24.74955717,-33.04840691,-33.09785305,-33.96934358,3914266.136,21095225.67,43:23.8,High Risk
7964,Venus LTC,vLTC,FALSE,4142378,4142378, ,2020-12-12T00:00:00.000Z,1330,0.940843904,0,0,0,1.08161267,2.53629386,8.42242355,-17.6882077,-17.46171539,-19.56354236,3897331.087,3897331.09,43:23.8,High Risk
34176,Quantoz EURQ,EURQ,FALSE,3350265,5000000, ,2024-11-23T14:51:16.000Z,1331,1.162321107,10380258.31,10380258.31,0,0.01012383,2.66396738,4.34315621,-0.57961513,-1.33081912,0.79512094,3894083.723,5811605.53,43:23.8,Low Risk
21964,Tectum,TET,FALSE,9934508.825,10000000,10000000,2022-09-27T12:42:35.000Z,1332,0.390285473,45494.07002,36250.41636,9243.653656,1.61277508,5.97047887,-8.44493058,-35.32124725,42.77067975,17.8199608,3877294.473,3902854.73,43:23.8,High Risk
3607,VestChain,VEST,FALSE,3945951381,3945951381, ,2018-11-15T00:00:00.000Z,1333,0.000982724,0,0,0,0,0,0,0,0,0,3877782.587,3877782.59,43:23.8,Low Risk
6859,Harvest Finance,FARM,FALSE,672183.4507,690420, ,2020-09-03T00:00:00.000Z,1335,5.756790997,461160.2641,446311.554,14848.71011,1.24535573,2.386033,6.50159878,-31.48132625,-51.35858844,-58.23777271,3869619.637,3974603.64,43:23.8,High Risk
11374,DAR Open Network,D,FALSE,743519458,800000000,800000000,2021-08-24T00:00:00.000Z,1334,0.005210339,3872771.01,3872771.01,0,0.38335332,-1.24707857,-4.04196088,-62.26294052,-50.25297973,-23.45213313,3873988.551,4168271.33,43:23.8,High Risk
18734,Ancient8,A8,FALSE,566569522,1000000000,1000000000,2022-03-11T06:45:06.000Z,1341,0.006652726,5662848.575,5662848.575,0,-0.31122723,-2.28324681,-11.3954113,-38.10575629,-39.21605922,-30.65431171,3769231.842,6652726.09,43:23.8,High Risk
33165,PussFi,PUSS,FALSE,878824621,1000000000,1000000000,2024-09-25T14:58:26.000Z,1336,0.004346259,978827.5171,978827.5171,0,-0.07484145,-1.00663401,-2.89209404,-12.24314445,-5.89634944,-3.73728314,3819599.772,4346259.4,43:23.8,Medium Risk
1681,PRIZM,PZM,FALSE,4706404855,4706404855,6000000000,2017-05-19T00:00:00.000Z,1337,0.000810516,172.8906258,172.8906258,0,-0.010006,0.01166393,-9.89661942,-35.03064589,-49.65929469,-53.27730341,3814616.195,4863095.69,43:23.8,High Risk
28446,SPECTRE AI,SPECTRE,FALSE,9993171,10000000,10000000,2023-11-19T16:33:31.000Z,1338,0.380539564,215974.1298,215974.1298,0,0.97902451,3.41329828,17.11696868,7.45121519,1.09896756,-7.66704345,3802796.934,3805395.64,43:23.8,High Risk
32942,Sui Name Service,NS,FALSE,299383090.8,500000000,500000000,2024-11-14T11:00:00.000Z,1339,0.012692252,320679.2776,193933.1072,126746.1704,2.98208154,3.37134245,8.63135986,-32.53976785,-32.75882114,-44.19766642,3799845.567,6346125.89,43:23.8,High Risk
36317,Minutes Network Token,MNTX,FALSE,77671219,93328736.61,500000000,2025-04-23T06:55:52.000Z,1340,0.048605723,64973.15714,61149.98781,3823.169333,0.20499671,-2.93086489,-1.91097311,-23.8272109,-46.8489958,-17.00328771,3775265.719,24302861.26,43:23.8,High Risk
15584,Humans.ai,HEART,FALSE,7800000000,7800000000,7800000000,2021-12-04T20:07:07.000Z,1342,0.000482208,89452.94356,86294.36354,3158.580024,0.35163158,-8.77335106,6.28617405,-41.62397572,-7.61575471,-24.89373371,3761219.715,3761219.72,43:23.8,High Risk
11532,Arsenal Fan Token,AFC,FALSE,22448922.03,39266147.13,40000000,2021-09-01T06:53:13.000Z,1342,0.167705272,1313501.12,1294546.903,18954.21728,0.25422912,-0.40686213,-5.43343732,-70.53775226,-64.06391924,-67.72045033,3764802.566,6708210.87,43:23.8,High Risk
22837,DIMO,DIMO,FALSE,500582502.2,1000000000,1000000000,2022-12-01T10:19:22.000Z,1344,0.007487601,59534.2561,57531.83808,2002.418016,-0.12108865,-8.38976073,-11.69679152,-29.35194987,-37.84547435,-38.40657888,3748162.108,7487601.13,43:23.8,High Risk
38036,Coca-Cola Tokenized Stock (Ondo),KOon,FALSE,45337.02571,45337.02571, ,2025-09-03T10:55:22.000Z,1345,82.26493195,1929480.581,1925257.838,4222.743263,-0.12150328,-1.15286012,2.08338521,0.26725178,7.51592327,4.34573025,3729647.335,3729647.34,43:23.8,Low Risk
36174,Eclipse,ES,FALSE,132647860,1000000000,1000000000,2025-07-15T10:26:26.000Z,1346,0.028020295,6242256.424,6239742.113,2514.310567,1.11261697,-0.48032143,-34.53749975,-81.95200025,-82.92197449,-80.10761635,3716832.113,28020294.58,43:23.8,High Risk
38204,Mitosis,MITO,FALSE,181273082,1000000000,1000000000,2025-08-26T16:05:10.000Z,1348,0.020499131,8606321.686,8031794.562,574527.1242,1.48425549,2.03010523,-0.208862,-55.21400461,-45.47101839,-49.74746805,3715940.577,20499130.57,43:23.8,High Risk
29175,Wen,WEN,FALSE,7.27717E+11,7.27717E+11,7.27717E+11,2024-01-26T14:29:00.000Z,1348,5.11E-06,217969.3858,184724.8289,33244.55691,-0.92486499,-1.53061318,12.34331458,-13.91574679,20.89484346,-15.34816146,3718139.122,3718139.12,43:23.8,High Risk
17235,BNBTiger,BNBTIGER,FALSE,4.25E+24,4.25E+24,1.00E+25,2022-01-13T08:26:34.000Z,1349,8.72E-19,6777.804664,0,6777.804664,0.21861205,-0.92023582,7.64221294,-8.22085002,6.32950303,5.04842468,3701874.678,8719019.25,43:23.8,Medium Risk
38050,ASML Holding NV Tokenized Stock (Ondo),ASMLon,FALSE,1951.832845,1951.832845, ,2025-09-03T10:55:33.000Z,1350,1894.939582,2250302.233,2178486.213,71816.01973,0.19755809,-1.47868791,7.30164783,25.42033957,32.31529758,34.93974575,3698605.314,3698605.31,43:23.8,High Risk
12749,Nakamoto Games,NAKA,FALSE,97400000,180000000,180000000,2021-10-14T18:35:34.000Z,1351,0.037796563,904275.8516,903717.6096,558.2420288,0.07783291,-1.43604813,-5.49996257,-30.49569094,-33.76189709,-41.22860041,3681385.252,6803381.37,43:23.8,High Risk
10372,DACXI,DXI,FALSE,8398790734,10000000000, ,2021-06-09T00:00:00.000Z,1352,0.000434714,232295.664,232295.664,0,0.21830579,0.24241225,3.56153917,0.42831014,-12.54954183,-17.36459845,3651074.527,4347143.11,43:23.8,Low Risk
16430,Tectonic,TONIC,FALSE,2.47734E+14,5E+14, ,2021-12-23T15:12:56.000Z,1353,1.47E-08,8120.611001,4384.01168,3736.599321,0.48607836,0.81111934,0.02241655,-20.22957444,-23.08873211,-56.71624666,3632421.39,7331297.18,43:23.8,Medium Risk
24261,OctaSpace,OCTA,FALSE,39984352,44594710.56,48000000,2023-04-05T08:18:03.000Z,1354,0.090763593,141584.8791,141584.8791,0,-0.92852754,-0.0055182,0.05027524,0.28972846,-19.19135893,-22.47362123,3629123.449,4356652.46,43:23.8,Low Risk
39089,BeatSwap,BTX,FALSE,224755243,1500000000,1500000000,2025-12-09T19:07:44.000Z,1355,0.016139431,161063.0548,153251.6216,7811.43322,-0.01874753,-0.40420637,-6.08232187,-2.12116151,33.18382929,65.71828861,3627421.801,24209146.93,43:23.8,Low Risk
23355,0x0.ai,0x0,FALSE,868563455,1000000000,1000000000,2023-01-31T10:00:24.000Z,1356,0.004162448,0,0,0,0,3.8340916,6.10560691,-36.81540604,-32.42333907,-20.79290128,3615350.583,4162448.42,43:23.8,High Risk
36101,Quq,QUQ,FALSE,1000000000,1000000000,1000000000,2025-03-23T12:08:37.000Z,1357,0.003596833,428291335.7,699740.0852,427591595.6,-0.0291179,5.87636985,40.53950042,19.88713194,74.62219558,94.77841853,3596832.841,3596832.84,43:23.8,High Risk
16868,Shadow Token,SHDW,FALSE,169055662.3,169055662.3, ,2022-01-05T07:07:33.000Z,1358,0.021260543,8597.756072,7498.777145,1098.978927,0.07341994,-0.67835532,-0.9383791,-20.62557572,-33.23034303,-37.21988377,3594215.134,3594215.13,43:23.8,Medium Risk
10933,Impossible Finance Launchpad,IDIA,FALSE,680000000,1000000000,1000000000,2021-08-18T00:00:00.000Z,1359,0.005282903,0,0,0,0,-0.05585827,-1.73536034,-34.60117373,-51.56738433,-48.19381694,3592373.705,5282902.51,43:23.8,High Risk
34717,Lingo,LINGO,FALSE,486206133,486206133,1000000000,2024-12-17T16:29:27.000Z,1360,0.00737869,159212.7123,158761.2557,451.4565607,1.18770786,2.74712645,2.34311724,-6.42862292,-5.53022076,-16.31709163,3587564.545,7378690.44,43:23.8,Medium Risk
39113,Infrared,IR,FALSE,205000000,1000000000,1000000000,2025-12-11T11:51:07.000Z,1361,0.017476563,2348444.156,2305312.686,43131.46917,-0.39399859,1.73843333,0.41012418,-6.58360917,-64.90774412,-61.97810321,3582695.429,17476563.07,43:23.8,Low Risk
33708,The Arena,ARENA,FALSE,5984674729,10000000000,10000000000,2024-10-30T06:59:19.000Z,1362,0.000597916,29143.88144,12096.19207,17047.68937,0.62459914,3.89119527,-2.05067943,-26.57050941,-37.20739477,-36.97530475,3578333.865,5979161.82,43:23.8,High Risk
1886,Dent,DENT,FALSE,1E+11,1E+11,1E+11,2017-08-12T00:00:00.000Z,1363,3.57E-05,757269.4325,751664.4992,5604.933283,0.37249342,1.26690741,-5.28023333,-8.57010141,-72.8527312,-84.06265622,3573163.718,3573163.72,43:23.8,Medium Risk
8642,Fei USD,FEI,FALSE,3558200.467,3813182.443, ,2021-03-02T00:00:00.000Z,1364,1.000467198,3359.386252,0,3359.386252,0.00712318,0.07132359,0.14671426,0.62236327,0.41730759,0.57724593,3559862.852,3814963.96,43:23.8,Low Risk
38247,Moonchain,MCH,FALSE,249450000,999999999,999999999,2025-09-01T07:34:22.000Z,1365,0.014266325,2450.6163,2450.6163,0,0.06994174,-0.21018864,-0.82444206,-6.3595066,30.54185177,-14.49198662,3558734.895,14266325.48,43:23.8,Low Risk
8200,Shapeshift FOX Token,FOX,FALSE,772286516,999089275, ,2021-01-06T00:00:00.000Z,1366,0.004599603,11014.99507,11012.7732,2.22187124,-0.2294319,-2.42183344,-4.33001769,-26.00609395,-28.4445061,-34.43488894,3552211.366,4595414.01,43:23.8,High Risk
38018,IBM Tokenized Stock (Ondo),IBMon,FALSE,12912.82863,12912.82863, ,2025-09-03T10:55:13.000Z,1367,274.5537352,2100381.956,2045936.158,54445.79798,0.17082582,-3.01555104,-3.85401496,23.26241782,7.65545862,4.65214112,3545265.334,3545265.33,43:23.8,High Risk
31750,Gems,GEMS,FALSE,598865211,838059738.7,843303980,2024-06-11T07:17:48.000Z,1368,0.005915149,246971.9661,246971.9661,0,1.54375721,12.43088307,18.06131779,-17.25810548,-23.3293624,-57.67128928,3542376.932,4988268.66,43:23.8,High Risk
34017,PinLink,PIN,FALSE,88206631.4,100000000,100000000,2024-11-17T06:26:47.000Z,1369,0.039821094,217192.6868,206151.7964,11040.89036,-0.08183495,4.93240697,15.52370964,-12.04522905,-42.56646156,-58.99238272,3512484.532,3982109.37,43:23.8,High Risk
22265,Oasys,OAS,FALSE,6722941201,10000000000,10000000000,2022-10-18T06:35:35.000Z,1370,0.000523931,2542343.588,2542343.588,0,-0.01265575,0.44327774,-2.58728721,-16.48342212,16.05983456,37.89198865,3522355.914,5239307.93,43:23.8,Medium Risk
34611,Suilend,SEND,FALSE,70631102.11,100000000,100000000,2024-12-13T10:27:37.000Z,1371,0.049734977,124012.6026,117440.4437,6572.158902,0.14536248,-4.43141247,1.79830481,-37.47604838,-44.60462702,-49.50486634,3512836.204,4973497.65,43:23.8,High Risk
36957,CESS Network,CESS,FALSE,2650000000,10000000000,10000000000,2025-06-26T10:40:46.000Z,1372,0.001324343,224060.4389,220972.7956,3087.643293,0.07415966,-0.88653223,3.32987511,-51.2252141,-55.42031083,-58.59407853,3509508.911,13243429.85,43:23.8,High Risk
19063,MEVerse,MEV,FALSE,1726645036,2000000000, ,2022-03-25T06:08:42.000Z,1373,0.002030175,69491.94191,69491.94191,0,-0.81322232,0.50772167,6.30665414,-27.11029183,-33.09177241,-36.12915628,3505391.696,4060350.13,43:23.8,High Risk
38240,QuStream,QST,FALSE,751510317.6,999983708.3,999985719,2025-08-30T10:48:22.000Z,1374,0.004657659,13699.18395,0,13699.18395,1.33382462,-4.14462562,-2.5554455,84.70785295,67.02162895,53.65970869,3500279.013,4657592.77,43:23.8,High Risk
39955,ShareX,SHARE,FALSE,18000000,100000000,100000000,2026-05-06T06:06:08.000Z,1375,0.194219685,1567228.029,1434968.872,132259.1572,0.15347198,4.1802868,-1.94042592,-33.03020004,-74.04674917,-74.04674917,3495954.33,19421968.5,43:23.8,High Risk
18736,Blockchain Foundation for Innovation & Collaboration,BFIC,FALSE,10578424,21000000,21000000,2022-03-11T08:43:14.000Z,1376,0.33000675,193.6240973,193.6240973,0,-0.00749788,0.07974351,-12.22326611,94.1867187,71.57091111,37.29459709,3490951.32,6930141.74,43:23.8,High Risk
3673,ASD,ASD,FALSE,660615274,780615274, ,2019-01-08T00:00:00.000Z,1377,0.005256761,1281633.774,1281633.774,0,-0.37751197,-6.05853997,-21.37946962,-28.83776683,-66.0683168,-68.00548409,3472696.653,4103507.98,43:23.8,High Risk
39203,Depinsim,ESIM,FALSE,134500000,1000000000,1000000000,2026-01-04T14:03:09.000Z,1378,0.025879517,526790.8653,308111.7509,218679.1144,-0.33123528,-5.54834103,9.34598825,111.1630528,486.1284844,80.71325123,3480795.093,25879517.42,43:23.8,High Risk
32002,Zeta,ZEX,FALSE,187769032.2,999996916.5,1000000000,2024-07-01T13:31:45.000Z,1379,0.018459765,212440.2297,189605.9491,22834.28063,9.31009647,64.57405886,14.62750985,-23.70088902,-41.26341818,-53.24928058,3466172.264,18459765.3,43:23.8,High Risk
33725,Vameon,VON,FALSE,5E+11,1E+12,1E+12,2024-10-30T12:02:14.000Z,1380,6.93E-06,89452.04406,89452.04406,0,-0.03499642,-0.55025559,-3.26908985,-29.33979611,-34.51781772,-66.63551353,3464505.483,6929010.97,43:23.8,High Risk
38066,iShares Russell 2000 Tokenized ETF (Ondo),IWMon,FALSE,11630.40654,11630.40654, ,2025-09-03T10:55:04.000Z,1381,296.3814144,786256.9961,785953.3302,303.6658656,-0.01362343,-0.29167654,2.45178172,5.62167718,8.9705248,16.79969951,3447036.34,3447036.34,43:23.8,Low Risk
37344,Hyperion,RION,FALSE,19000000,100000000,100000000,2025-07-14T06:38:15.000Z,1382,0.181236064,239784.6758,212829.2584,26955.41738,0.44378801,0.71769491,2.25992412,-10.94848972,-40.82998696,-34.84189579,3443485.212,18123606.38,43:23.8,Medium Risk
2324,BigONE Token,ONE,FALSE,8584171727,8584171727,13508522147,2017-12-30T00:00:00.000Z,1383,0.000401062,0,0,0,-0.30715789,-0.81702932,-1.1705371,-9.9424067,-17.14497153,-12.6826603,3442788.381,5417760.1,43:23.8,Medium Risk
30661,Parcl,PRCL,FALSE,412284457,1000000000,1000000000,2024-04-16T13:00:27.000Z,1384,0.008318415,385264.3659,377348.3253,7916.040646,0.64317728,2.67176501,4.26195977,-40.10332034,-41.08371985,-46.0989558,3429553.007,8318414.5,43:23.8,High Risk
38237,Forest Protocol,FOREST,FALSE,111837651.3,1000000000,1000000000,2025-08-29T11:01:42.000Z,1385,0.030626207,582677.7523,325292.1051,257385.6472,0.09308877,-1.47907868,-0.81702453,-66.19230931,55.88328566,56.7415364,3425163.012,30626206.58,43:23.8,High Risk
6837,Nodle,NODL,FALSE,6083132776,7082555950, ,2020-09-01T00:00:00.000Z,1386,0.000562016,79731.82746,78721.00995,1010.81751,0.13551403,-0.68959095,11.99297986,-6.25401002,-12.68078617,35.4979013,3418818.047,3980509.88,43:23.8,Medium Risk
3698,Observer,OBSR,FALSE,6507080871,14000000000,14000000000,2019-01-15T00:00:00.000Z,1387,0.000524367,15513.41337,15513.41337,0,0.07821915,1.0899897,2.95683706,-14.5767201,-14.92409014,-8.19590979,3412101.279,7341144.03,43:23.8,Medium Risk
11222,Nine Chronicles,WNCG,FALSE,630362674.4,723789440,1000000000,2021-08-11T00:00:00.000Z,1387,0.005398442,2144103.979,2138003.338,6100.641123,2.02997102,4.11533682,17.19109029,-9.40007266,-0.00298794,-1.62924903,3402976.483,5398442.23,43:23.8,High Risk
36920,DeLorean,DMC,FALSE,6898401126,12800000000,12800000000,2025-06-24T11:00:00.000Z,1389,0.000490598,3282512.705,3281259.469,1253.236183,-0.0107151,0.01596299,-6.34114796,-26.51772692,-30.92357351,-43.21370508,3384338.432,6279648.16,43:23.8,High Risk
2243,Dragonchain,DRGN,FALSE,370772651.4,433494437,433494437,2017-12-03T00:00:00.000Z,1390,0.009118221,11117.46271,0,11117.46271,-1.07970118,23.98609905,13.81372217,-4.83215892,-32.85559317,-8.56387458,3380786.948,3952698.05,43:23.8,High Risk
38207,CeluvPlay,CELB,FALSE,238750000,5000000000,5000000000,2025-08-27T05:32:34.000Z,1391,0.014147872,905.7609585,905.7609585,0,-0.06131,-3.93560932,-10.50439799,75.85960359,58.68413424,548.8187952,3377804.538,70739362.05,43:23.8,High Risk
35392,Not Pixel,PX,FALSE,195429289,225000000,225000000,2025-01-21T21:59:53.000Z,1392,0.017273618,14116.63797,4811.341345,9305.296624,2.50196136,-1.50265972,-4.79490091,-22.36098509,-3.86893896,-19.17655202,3375770.798,3886563.95,43:23.8,High Risk
28567,PaLM AI,PALM,FALSE,77125966.62,77125966.62, ,2023-12-01T12:22:15.000Z,1393,0.04367773,259.2028343,259.2028343,0,0.00757497,3.46276125,37.32305347,22.89632033,30.21215141,26.8328312,3368687.129,3368687.13,43:23.8,High Risk
39143,The White Whale,WHITEWHALE,FALSE,999822578,999822578,999822578,2025-12-17T06:05:42.000Z,1394,0.003363281,812574.3689,747377.9591,65196.4098,-0.61284236,-2.71886807,-16.52577381,-48.50083812,-62.70790053,-89.9095764,3362684.713,3362684.71,43:23.8,High Risk
7703,MileVerse,MVC,FALSE,2761029999,3000000000,3000000000,2020-11-17T00:00:00.000Z,1396,0.001204952,154262.2973,154262.2973,0,-0.56706466,-1.2895924,4.23545342,-24.48228882,-26.06749047,-21.47315944,3326908.243,3614855.59,43:23.8,High Risk
39306,iShares 0-3 Month Treasury Bond Tokenized ETF (Ondo),SGOVon,FALSE,32887.23324,32887.23324, ,2026-01-08T15:44:21.000Z,1395,101.2852295,836225.6021,835091.7189,1133.883205,0.3677827,0.12991209,0.07015347,-0.16151299,0.21603222,0.82605316,3330990.966,3330990.97,43:23.8,Low Risk
29241,GmeStop,GME,FALSE,6885214218,6885214218, ,2024-01-31T11:47:19.000Z,1397,0.000482729,943723.7533,898328.7414,45395.01197,1.67584183,8.37721717,9.30725812,-18.27287462,-15.78111312,-26.70278587,3323690.694,3323690.69,43:23.8,High Risk
34835,tao.bot,TAOBOT,FALSE,76666667,100000000,100000000,2024-12-24T08:14:20.000Z,1398,0.043003861,21105.43215,0,21105.43215,3.19865055,9.62794822,32.59279721,-3.01106557,-32.20313676,-55.46941425,3296962.712,4300386.13,43:23.8,High Risk
40213,Circle Internet Group Tokenized bStocks,CRCLB,FALSE,38848.0639,38848.0639, ,2026-06-11T03:03:59.000Z,1399,84.70701131,2807667.157,2807667.157,0,0.22490638,2.60896386,0.8057795,0.8057795,0.8057795,0.8057795,3290703.388,3290703.39,43:23.8,Low Risk
40215,NVIDIA Tokenized bStocks,NVDAB,FALSE,15534.1873,15534.1873, ,2026-06-11T03:04:13.000Z,1400,211.6254971,1271130.084,1271130.084,0,-0.20534423,0.83824296,4.23967105,4.23967105,4.23967105,4.23967105,3287430.109,3287430.11,43:23.8,Low Risk
18774,Liqwid Finance,LQ,FALSE,20142394,21000000,21000000,2022-03-14T07:46:23.000Z,1401,0.162700028,219848.5892,219848.5892,0,-0.1292618,-0.96216775,15.51241548,-16.96340718,-29.81178552,-50.55149421,3277168.063,3416700.58,43:23.8,High Risk
5821,Aleph Cloud,ALEPH,FALSE,247220482.1,500000000,500000000,2020-07-08T00:00:00.000Z,1402,0.013215497,202640.385,198512.9438,4127.441164,0.44646327,1.834691,2.68480856,-21.33890391,-37.66379028,-43.4777868,3267141.468,6607748.35,43:23.8,High Risk
21639,Djed,DJED,FALSE,3293404.07,1E+12,1E+12,2022-08-31T06:27:26.000Z,1403,0.989904859,31799.90978,0,31799.90978,0.25796853,3.75773331,1.17798945,-0.55933748,-1.11509714,-1.14735318,3260156.693,9.89905E+11,43:23.8,Low Risk
11212,Star Atlas,ATLAS,FALSE,24846224285,36000000000, ,2021-08-11T00:00:00.000Z,1404,0.000131191,61452.22,48177.97121,13274.24879,0.14286503,-0.37826501,5.09701551,-25.18614878,-24.14741757,-32.80198092,3259608.313,4722886.58,43:23.8,High Risk
99,Vertcoin,VTC,FALSE,74179997,74179997,84000000,2014-01-20T00:00:00.000Z,1405,0.043559642,8173.931414,8173.931414,0,0.08473719,0.43070714,0.86890261,-13.93503825,-17.71108159,-17.23922413,3231254.132,3659009.95,43:23.8,Medium Risk
7311,Beefy,BIFI,FALSE,80000,80000,80000,2020-10-06T00:00:00.000Z,1406,40.37143715,46736.4114,16673.11342,30063.29798,0.66840349,18.96957811,17.73456311,6.8867449,-20.96699511,-65.02815691,3229714.972,3229714.97,43:23.8,High Risk
38000,Pfizer Tokenized Stock (Ondo),PFEon,FALSE,119140.3562,119140.3562, ,2025-09-03T10:55:02.000Z,1407,27.06650416,1453617.996,1449738.274,3879.721718,-0.04052847,-1.86706575,0.99287646,1.9448101,-3.8919637,-4.89767701,3224712.946,3224712.95,43:23.8,Low Risk
10368,Cryptex Finance,CTX,FALSE,9338594.61,10000000, ,2021-06-09T00:00:00.000Z,1408,0.344933599,2068369.12,2068369.12,0,-7.59506205,0.27962357,-4.4416569,-8.53852225,-20.27710436,-37.69265138,3221195.044,3449335.99,43:23.8,Medium Risk
40212,Micron Technology Tokenized bStocks,MUB,FALSE,2841.720342,2841.720342, ,2026-06-11T03:03:49.000Z,1409,1126.422921,1799019.293,1799019.293,0,3.0107329,6.43819085,22.99344884,22.99344884,22.99344884,22.99344884,3200978.927,3200978.93,43:23.8,High Risk
38928,B-Lucky,LUCKY,FALSE,1000000000,1000000000,1000000000,2025-11-11T07:35:24.000Z,1410,0.003197259,190189.0194,0,190189.0194,-1.45211688,1.95326782,11.43806553,34.74661845,38.16330126,55.17395485,3197259.356,3197259.36,43:23.8,High Risk
7046,Aavegotchi,GHST,FALSE,52747801.21,52747802.71, ,2020-09-14T00:00:00.000Z,1411,0.060420333,162830.3573,156098.7166,6731.640701,0.14429931,0.26166127,-0.01786701,-11.34714665,-25.08464275,-22.44544548,3187039.718,3187039.81,43:23.8,Medium Risk
30825,KARRAT,KARRAT,FALSE,826623592.2,1000000000,1000000000,2024-04-22T16:08:53.000Z,1412,0.003846415,138312.0369,132212.6793,6099.357687,-1.31235993,-0.34870651,4.20226439,-37.30827443,-14.21821888,-23.93108069,3179537.779,3846415.48,43:23.8,High Risk
35943,Pundi AI,PUNDIAI,FALSE,7057612,8312980,18930226,2019-04-25T00:00:00.000Z,1413,0.449896756,19493.70285,8942.126719,10551.57613,0.83928473,1.45690332,7.7570873,-4.2837793,-15.28937891,-32.23170392,3175196.742,8516647.26,43:23.8,Medium Risk
34836,Shido Network,SHIDO,TRUE,23465499674,24487596784, ,2024-12-27T08:44:50.000Z,1414,0.000135211,94250.09431,94250.09431,0,-0.8184353,0.52837938,3.17853553,-17.82239303,-23.09410525,-32.8649446,3172796.982,3310995.9,43:23.8,Medium Risk
5062,LayerX,LX,FALSE,10000000000,10000000000,10000000000,2019-12-20T00:00:00.000Z,1415,0.000317011,43960.3214,0,43960.3214,-10.27304094,11.57957015,126.125543,128.7830728,1134.731293,1080.616891,3170114.882,3170114.88,43:23.8,High Risk
132,Counterparty,XCP,FALSE,2589178.135,2589178.135, ,2014-02-15T00:00:00.000Z,1416,1.22256314,9.78050512,9.78050512,0,-0.03692638,-0.0586331,-5.40720042,-3.72798013,-9.67025364,-2.79069828,3165433.75,3165433.75,43:23.8,Low Risk
8216,Electra Protocol,XEP,FALSE,18430559068,18430559068,30000000560,2021-01-08T00:00:00.000Z,1417,0.000171585,112715.7127,112715.7127,0,1.1374393,-1.23818935,6.2381645,-6.97960828,-16.6162946,-21.0180825,3162399.09,5147536.44,43:23.8,Medium Risk
38523,StrikeBit AI,STRIKE,FALSE,209900000,2000000000,2000000000,2025-09-29T12:36:28.000Z,1418,0.015063082,358104.2241,228244.8162,129859.4079,1.19047091,0.7091283,-8.96198749,-24.72259741,-27.87387279,136.2480986,3161740.933,30126164.2,43:23.8,High Risk
32892,Bellscoin,BELLS,FALSE,61482591,61482591, ,2024-09-02T07:44:44.000Z,1419,0.051369028,8526.964206,8526.964206,0,-0.27440748,1.12682832,4.93599631,-13.482639,-1.85250352,-20.63539498,3158300.959,3158300.96,43:23.8,Medium Risk
36803,Torch of Liberty,LIBERTY,FALSE,1000000000,1000000000,1000000000,2025-06-11T16:04:42.000Z,1420,0.003157223,529153.7932,511650.9452,17502.84801,-4.36470775,-15.24135956,-66.44678716,-76.303959,-76.24317122,-82.70183964,3157222.778,3157222.78,43:23.8,High Risk
9103,GAMEE,GMEE,FALSE,1764305151,3180000000, ,2021-04-02T00:00:00.000Z,1421,0.001786672,267739.4929,266820.1252,919.3676846,1.94505869,4.41346011,8.42639715,7.43680572,34.21306998,76.64463539,3152234.472,5681616.71,43:23.8,Medium Risk
39539,Rainbow,RNBW,FALSE,210000000,1000000000,1000000000,2026-02-05T16:39:36.000Z,1422,0.015007142,1027369.428,1010896.661,16472.76712,-0.25235847,5.80027314,-13.76842791,-14.95192459,-10.49289039,-17.67856578,3151499.85,15007142.14,43:23.8,High Risk
28067,Vara Network,VARA,FALSE,5964608347,10032406684, ,2023-09-21T17:22:55.000Z,1423,0.000527733,26259.30874,26259.30874,0,-1.84878826,1.4650784,-2.25086823,-26.93895274,-32.81753326,-43.78022568,3147720.399,5294431.64,43:23.8,High Risk
38084,iShares Core S&P MidCap Tokenized ETF (Ondo),IJHon,FALSE,40522.97051,40522.97051, ,2025-09-03T10:55:18.000Z,1424,77.05203565,820057.1048,819481.0268,576.077992,0.27010682,0.09324468,2.95537878,5.98706825,6.8001097,11.46814045,3122377.368,3122377.37,43:23.8,Low Risk
5435,Epic Private Internet Cash,EPIC,FALSE,17279628,19280302,21000000,2020-04-12T00:00:00.000Z,1425,0.18007791,4097.134252,4097.134252,0,0.00703319,1.953028,-2.7048676,-28.65717514,-53.84987665,-64.17769621,3111679.304,3781636.12,43:23.8,High Risk
38073,Palantir Technologies Tokenized Stock (Ondo),PLTRon,FALSE,22988.11566,22988.11566, ,2025-09-03T10:55:39.000Z,1426,135.279136,3312094.748,3036981.381,275113.3672,-0.25133469,3.33657239,-0.70712667,1.75376998,-6.2315902,-13.31245914,3109812.425,3109812.43,43:23.8,Low Risk
38992,401jK,401JK,FALSE,1000000000,1000000000,1000000000,2025-11-25T09:30:24.000Z,1427,0.00309647,93278.1709,79910.58201,13367.58889,0.63887045,0.61100853,69.65951365,7.5662225,56.62714163,49.93503575,3096469.608,3096469.61,43:23.8,High Risk
31953,Fautor,FTR,FALSE,1626736111,2500000000,2500000000,2024-06-27T17:30:05.000Z,1428,0.001890544,1494.375815,1494.375815,0,0.42365879,-0.32840758,-3.24068321,-20.2634368,278.1117344,242.2144306,3075416.56,4726360.56,43:23.8,Medium Risk
17742,Cult DAO,CULT,FALSE,4.31869E+12,4.95711E+12,6.66667E+12,2022-01-31T02:46:54.000Z,1429,7.12E-07,56797.13759,55255.93756,1541.200029,0.02557712,3.30343137,6.31149278,-12.72965717,-23.08461667,-25.81569777,3074558.525,4746127.5,43:23.8,Medium Risk
11531,Portugal National Team Fan Token,POR,FALSE,12964413.27,19930000,20000000,2021-09-01T06:49:29.000Z,1430,0.236703542,618456.5843,607398.3084,11058.27591,0.33082841,-9.09647351,-20.25196079,-62.25142679,-59.60963593,-64.83328465,3068722.544,4734070.84,43:23.8,High Risk
35372,StablR USD,USDR,TRUE,7018281.62,21350569.93, ,2025-02-17T05:40:36.000Z,1431,0.434893658,250.8885536,250.8885536,0,0.00347841,35.3431137,-36.48420445,-56.50394558,-56.4582394,-56.45306986,3052206.167,9285227.46,43:23.8,High Risk
39214,ZenChain,ZTC,FALSE,5574983473,21000000000,21000000000,2026-01-05T13:08:23.000Z,1432,0.000547461,992143.9431,991639.933,504.0100632,-0.17463853,0.86943272,4.53500724,5.69208794,-27.30321055,-45.59264005,3052086.764,11496683.78,43:23.8,Medium Risk
15185,Kujira,KUJI,FALSE,122349806.5,122349806.5,122349807,2021-11-29T01:53:10.000Z,1433,0.024940722,19.01358621,0,19.01358621,1.65666464,-0.13378628,12.88328141,-23.80299024,13.73243659,-7.18981895,3051492.479,3051492.49,43:23.8,High Risk
38070,Cisco Systems Tokenized Stock (Ondo),CSCOon,FALSE,25177.37344,25177.37344, ,2025-09-03T10:55:03.000Z,1434,121.1526467,2051644.513,2040154.272,11490.24075,-0.23389642,-1.55452729,-3.77900828,1.64847058,41.05854062,50.63898814,3050305.429,3050305.43,43:23.8,Low Risk
31185,Cross The Ages,CTA,FALSE,500000000,500000000,500000000,2024-05-10T08:38:13.000Z,1435,0.006100268,356525.6805,347421.4078,9104.272668,0.82573762,-0.07338729,-2.86496132,-42.58207186,-48.86043267,-60.69559747,3050133.773,3050133.77,43:23.8,High Risk
38946,GAIB,GAIB,FALSE,204831667,1000000000,1000000000,2025-11-14T09:05:16.000Z,1436,0.014851329,448794.3782,442193.8354,6600.54276,0.32597332,18.63621056,-5.20734221,-21.51518704,-16.33074257,-45.44274288,3042022.559,14851329.4,43:23.8,High Risk
34902,Freya Protocol,FREYA,FALSE,548599935.3,548599935.3,1000000000,2024-12-27T04:49:06.000Z,1437,0.00550496,0,0,0,0,3.15710383,8.42713997,-13.38167549,-5.49764439,-27.7247641,3020020.599,5504959.82,43:23.8,Medium Risk
36178,Cointel,COLS,FALSE,766346836,10000000000,10000000000,2025-04-01T09:00:26.000Z,1438,0.003930109,1186622.455,1186622.455,0,0.0289669,0.04482105,-0.82867992,-8.63673057,-66.82514687,-71.7864585,3011826.761,39301092.14,43:23.8,Low Risk
38815,375ai,EAT,FALSE,213146191.8,999998043.8,1000000000,2025-10-28T10:41:40.000Z,1439,0.014077673,180219.2988,177917.3701,2301.928696,0.03233671,6.94036528,-30.72921992,-36.16414078,-33.49973638,-55.20240858,3000602.495,14077673.5,43:23.8,High Risk
21156,STAT,STAT,FALSE,88918327.76,96918327.76, ,2022-07-27T14:53:36.000Z,1440,0.033546672,120192.8267,120192.8267,0,-0.49571388,0.71655611,3.44687228,-6.28674896,25.77766674,18.71618136,2982913.956,3251287.33,43:23.8,Medium Risk
38076,Alibaba Tokenized Stock (Ondo),BABAon,FALSE,27159.3806,27159.3806, ,2025-09-03T10:55:04.000Z,1441,109.7639119,3521245.023,3467840.229,53404.79387,0.12327035,-1.93203956,-9.24381105,-16.99158822,-21.27048678,-21.85371601,2981119.861,2981119.86,43:23.8,High Risk
33188,Major,MAJOR,FALSE,83349868,99999999,99999999,2024-09-26T21:49:36.000Z,1442,0.035723728,1149150.075,1121562.117,27587.95793,0.73469029,2.46675857,-4.11821634,-42.16041166,-45.37076058,-44.16274075,2977568.055,3572372.81,43:23.8,High Risk
463,BitShares,BTS,FALSE,2995060000,2995060000,3600570502,2014-07-21T00:00:00.000Z,1443,0.000992431,67863.0112,67863.0112,0,-0.1231471,0.86942191,1.79747477,-3.8498437,-0.51774836,-1.89939131,2972389.087,3573316.22,43:23.8,Low Risk
2539,Ren,REN,FALSE,992878011.3,999999632.8, ,2018-02-21T00:00:00.000Z,1444,0.002989648,9811.120828,8958.643106,852.4777221,-0.30023601,-3.90590786,-6.1645181,-7.76775334,0.02400491,-26.80692643,2968355.56,2989646.7,43:23.8,Medium Risk
31632,PeiPei (ETH),PEIPEI,FALSE,4.20684E+14,4.2069E+14,4.2069E+14,2024-06-05T11:23:04.000Z,1445,7.04E-09,210329.7304,202191.6952,8138.035245,0.14597783,3.64233405,16.27334181,-4.1116657,-12.03800783,-17.24604213,2959891.831,2959931.55,43:23.8,Medium Risk
12041,Dimitra,DMTR,FALSE,486503181.5,971071679,1000000000,2021-09-21T22:52:25.000Z,1446,0.006078485,179806.8678,160078.2514,19728.61632,-0.04586714,2.43842698,-4.46350353,-37.73932822,-34.36763844,-36.11209539,2957202.407,6078485.24,43:23.8,High Risk
31296,GOLDAO,GOLDAO,FALSE,792558687.1,987794316.1, ,2024-05-20T10:53:15.000Z,1447,0.003724168,186.7405558,0,186.7405558,0.97882608,4.37760199,24.32785454,4.58165115,-15.37325247,-27.29465681,2951622.066,3678712.44,43:23.8,High Risk
16185,Dingocoin,DINGO,FALSE,1.15123E+11,1.15123E+11, ,2021-12-17T04:37:18.000Z,1448,2.54E-05,188364.0949,188147.1722,216.9227136,0.16422341,-5.19212749,22.73494016,34.48810786,170.2863146,177.2827627,2925700.527,2925700.53,43:23.8,High Risk
4283,BitForex Token,BF,FALSE,4289073705,10000000000, ,2019-08-30T00:00:00.000Z,1449,0.000680251,0,0,0,0,0,0,0,0,-8.2946764,2917645.131,6802506.39,43:23.8,Low Risk
28443,Verified USD,USDV,FALSE,17141815,17141815, ,2023-11-17T11:56:26.000Z,1450,0.170060613,0,0,0,0,1.22640541,-19.8192499,-19.60987149,-28.09014556,-43.89872971,2915147.559,2915147.56,43:23.8,High Risk
5616,MATH,MATH,FALSE,114356164,200000000, ,2020-05-21T00:00:00.000Z,1451,0.025468527,122897.0761,120684.0029,2213.073215,0.07929438,-4.009901,1.32728163,-33.7894878,2.17625729,-10.83750125,2912483.071,5093705.43,43:23.8,High Risk
5068,Neutrino Index,XTN,FALSE,51980734,408891338,408891338,2020-01-30T00:00:00.000Z,1451,0.056300217,0,0,0,-1.11148535,4.0214524,22.9349937,-26.91332975,-23.99070698,-26.33395846,2926526.588,23020670.93,43:23.8,High Risk
3663,Footballcoin (XFC),XFC,FALSE,395267968.9,1000000000, ,2019-01-03T00:00:00.000Z,1453,0.007366503,37454.19706,37454.19706,0,0.04157211,-0.18984174,0.28152033,-0.35203849,-0.7705646,1.73648448,2911742.682,7366503.01,43:23.8,Low Risk
37728,PublicAI,PUBLIC,FALSE,239857142,1000000000,1000000000,2025-08-12T07:28:10.000Z,1454,0.012137854,862210.5969,856554.5611,5656.035869,0.06337509,0.53887704,-9.80398126,-20.81387828,-24.80247125,-22.8375154,2911351.055,12137854.35,43:23.8,High Risk
31112,Axiome,AXM,FALSE,993803301,1019274670,1000000000,2024-05-07T02:39:23.000Z,1455,0.002915636,51552.08438,51552.08438,0,1.41085916,5.05140077,9.33838882,-61.37933759,-40.65425453,-29.68470685,2897568.824,2915636.14,43:23.8,High Risk
27966,Dora Factory,DORA,FALSE,537277116,1000000000,1000000000,2021-03-15T00:00:00.000Z,1456,0.005355101,102809.0898,102809.0898,0,-0.0946805,2.37586775,7.60511157,-12.31138152,22.87878342,7.89907088,2877173.175,5355100.91,43:23.8,Medium Risk
19819,REI Network,REI,FALSE,950000000,1000000000, ,2022-04-27T14:07:00.000Z,1457,0.003012836,1196815.332,1196815.332,0,-0.07880448,2.36667664,6.48846826,-11.70646965,-30.99918382,14.26068218,2862193.973,3012835.76,43:23.8,Medium Risk
25208,trac (Ordinals),TRAC,FALSE,21000000,21000000,21000000,2023-05-20T07:15:35.000Z,1458,0.136160517,78619.88061,78619.88061,0,0.69186067,7.16129996,-6.68701042,-49.7375622,-46.58863744,-37.44388298,2859370.856,2859370.86,43:23.8,High Risk
35609,Pain (paintoken.com),PAIN,FALSE,4999868.55,9999868.55,10000000,2025-02-05T06:05:56.000Z,1459,0.570613342,14342.37708,8059.183555,6283.193524,0.52436174,12.12625645,17.90319539,-33.63751544,-11.10810265,6.15993385,2852991.702,5706133.42,43:23.8,High Risk
11750,Buying.com,BUY,FALSE,331789518,986800000,1000000000,2021-09-07T19:22:55.000Z,1461,0.008574789,10573.97659,10573.97659,0,-0.11381247,0.02134744,2.49768929,14.06855226,20.6406082,40.25304054,2845025.259,8574789.45,43:23.8,Medium Risk
27582,Xterio,XTER,FALSE,196071386.5,1000000000,1000000000,2025-01-08T17:12:03.000Z,1461,0.014559672,21053503.22,20396265.66,657237.5652,-0.61618789,31.4274382,66.91298645,-15.61296384,-14.19204799,-6.10965634,2854735.111,14559672.18,43:23.8,High Risk
38652,Warden,WARD,TRUE,250320000,1000000000, ,2025-10-10T07:07:41.000Z,1463,0.011325952,8165785.764,7220944.912,944840.8522,10.07084235,44.65801971,60.29382198,-27.74972272,202.2488591,76.54696579,2835112.254,11325951.8,43:23.8,High Risk
38918,The Official 67 Coin,67,FALSE,999680000,999680000,999680000,2025-11-10T09:35:48.000Z,1463,0.002828195,1093360.478,1004789.282,88571.19649,1.38386583,1.62481059,-0.21961078,-38.81993799,66.23602966,72.34778336,2827290.009,2827290.01,43:23.8,High Risk
36866,League of Traders,LOT,FALSE,397361115,1000000000,1000000000,2025-06-19T11:02:18.000Z,1464,0.007091065,563921.5868,378038.2041,185883.3827,0.36430201,1.43965586,5.64327543,-5.02951752,-2.42259522,-11.30685355,2817713.561,7091065.17,43:23.8,Medium Risk
34807,Odos,ODOS,FALSE,3726346543,10000000000,10000000000,2024-12-22T19:19:12.000Z,1465,0.000755875,301764.0112,300929.9135,834.0977161,0.28693337,-0.89395925,1.95241864,-30.37944134,-28.66664783,-35.96049561,2816653.4,7558753.24,43:23.8,High Risk
5358,IBStoken,IBS,FALSE,4025015200,20000000000,20000000000,2020-04-02T00:00:00.000Z,1466,0.000697806,145606.6615,145606.6615,0,-0.06215554,-0.09305948,0.10630035,-2.7144993,-4.68480433,-4.10627894,2808679.381,13956118.13,43:23.8,Low Risk
38455,xMoney,XMN,FALSE,1000559129,10000000000,10000000000,2025-10-06T21:35:31.000Z,1467,0.002777131,3940060.873,3925650.563,14410.31006,-2.77579349,-5.37618507,-7.30319963,-6.59240726,-49.54326352,-71.16405153,2778684.05,27771312.75,43:23.8,Medium Risk
13521,Numbers Protocol,NUM,FALSE,901272333,911335317,1000000000,2021-10-29T04:05:10.000Z,1469,0.003066014,139036.3755,136829.1318,2207.243627,0.14668768,-5.97967816,-5.77474477,-21.76077005,-32.9785837,-39.67372498,2763313.844,3066014.28,43:23.8,High Risk
3768,PIBBLE,PIB,FALSE,29648500893,29648500893,30000000000,2019-02-28T00:00:00.000Z,1469,9.32E-05,25048.92662,25048.92662,0,0.49741361,3.37846006,4.09314351,-25.57053368,-0.54790228,-5.53165516,2762848.153,2795603.22,43:23.8,High Risk
38096,Procter & Gamble Tokenized Stock (Ondo),PGon,FALSE,18072.97239,18072.97239, ,2025-09-03T10:55:08.000Z,1470,152.8609273,1610821.55,1607609.228,3212.321802,-0.23904995,0.50580274,3.05979706,5.90235352,4.847229,-0.56129572,2762651.318,2762651.32,43:23.8,Low Risk
32074,FEED EVERY GORILLA,FEG,FALSE,86342053708,96289951997,1E+11,2024-07-03T08:17:41.000Z,1471,3.19E-05,322395.7988,322395.7988,0,-0.07330951,0.77258691,-0.09134809,-27.64706124,6.1525613,-18.44519519,2757387.804,3193562.91,43:23.8,High Risk
35422,Orbiter Finance,OBT,FALSE,5500000000,9900000000,10000000000,2025-01-24T07:17:01.000Z,1478,0.000494194,2523698.626,2523295.546,403.0807416,0.09529884,1.94781244,-0.48792034,-47.20430683,-53.24148472,-61.34853197,2718066.719,4941939.49,43:23.8,High Risk
23799,ROA CORE,ROA,FALSE,750000000,949999869.9,1000000000,2023-03-07T10:21:55.000Z,1472,0.003664703,50654.77014,50654.77014,0,0.09624069,0.82073181,5.21333029,-17.27965725,-16.39761188,-17.26725604,2748527.313,3664703.08,43:23.8,Medium Risk
38049,McDonald's Tokenized Stock (Ondo),MCDon,FALSE,9413.224071,9413.224071, ,2025-09-03T10:55:09.000Z,1473,291.6079872,1487107.911,1475816.902,11291.00932,-0.06452795,1.02204324,3.40620723,4.26743569,-6.31440347,-11.8808681,2744971.324,2744971.32,43:23.8,Low Risk
12485,Arowana,ARW,FALSE,22910767.92,500000000,500000000,2021-10-08T01:07:11.000Z,1474,0.119458023,17774.5967,17774.5967,0,-0.0208227,-1.91739517,-6.72213745,-20.12523279,-0.64446704,-26.4613287,2736875.047,59729011.63,43:23.8,High Risk
28299,TokenFi,TOKEN,FALSE,1000019789,10000000000,10000000000,2023-10-27T09:01:44.000Z,1475,0.002657767,7841782.186,7716994.414,124787.7722,0.62567129,1.39874247,1.22605505,-14.47337643,5.26639637,-12.69907779,2657819.425,26577668.31,43:23.8,Medium Risk
24228,VNX Euro,VEUR,TRUE,2764082.751,2764082.751, ,2023-04-04T13:30:25.000Z,1477,0.98502243,1.06970269,0,1.06970269,0.20660082,-14.23267277,-12.93374189,-15.20883737,-16.47459636,-14.3152082,2722683.508,2722683.51,43:23.8,High Risk
32110,American Coin,USA,FALSE,1.15626E+13,1.16271E+13,1.16271E+13,2024-07-04T13:44:04.000Z,1477,2.35E-07,463216.2798,441471.049,21745.23083,0.82715096,7.33381816,-5.00050439,-16.71986091,19.37823285,7.63687617,2718190.329,2733346.81,43:23.8,High Risk
25963,BlackFort Exchange Network,BXN,FALSE,4489589680,49999999999,49999999999,2024-04-01T21:18:18.000Z,1479,0.000605079,423439.7355,423439.7355,0,0.26553568,-1.72610008,-0.54363576,-21.28516364,-40.29714073,-51.94335548,2716558.589,30253974,43:23.8,Medium Risk
20650,USD Coin (Wormhole),USDC(WormHole),FALSE,2714782.058,220532.7695, ,2022-06-17T06:30:24.000Z,1480,0.999337688,97060.22099,0,97060.22099,-0.01048396,-0.01346588,-0.07195288,-0.18648898,-0.08385136,-0.12297005,2712984.026,220386.71,43:23.8,Low Risk
31152,Kendu,KENDU,FALSE,9.48428E+11,9.96747E+11,1E+12,2024-05-08T16:37:26.000Z,1481,2.85E-06,0,0,0,-2.38E-05,3.04490858,32.6022376,0.04649887,-13.33335993,-17.38282306,2706011.258,2853153.68,43:23.8,High Risk
37279,DOWGE,DJI6930,FALSE,999978625,999978625,999978625,2025-07-08T08:47:39.000Z,1482,0.002701956,167264.0593,144985.5117,22278.54757,-0.53163822,-3.42378787,-1.67593677,-5.63920694,-22.13296551,-39.67574262,2701898.196,2701898.2,43:23.8,Medium Risk
10293,Swarm,BZZ,FALSE,52600660.9,63149437,63149437,2021-06-05T00:00:00.000Z,1483,0.051212991,320891.8228,307113.8912,13777.93159,-0.19575312,-0.45203499,-4.75018111,-28.52264568,-50.94694054,-47.08317995,2693837.181,3234071.56,43:23.8,High Risk
8299,Stake DAO,SDT,FALSE,23896734.96,65085259.52,100000000,2021-01-21T00:00:00.000Z,1484,0.111924456,0,0,0,-2.14686463,4.52719886,17.13320923,-14.21414639,-27.17816059,-37.37845599,2674629.061,11192445.6,43:23.8,High Risk
11796,Inter Milan Fan Token,INTER,FALSE,12388147,19728000,19728000,2021-09-10T14:07:01.000Z,1485,0.215818768,252803.7947,251870.2312,933.5635555,0.35327296,-1.55508839,-0.33742747,-29.00538599,-59.12928326,-60.25759823,2673594.617,4257672.65,43:23.8,High Risk
38082,JPMorgan Chase Tokenized Stock (Ondo),JPMon,FALSE,8264.75546,8264.75546, ,2025-09-03T10:55:29.000Z,1486,322.9051638,2000033.89,1970184.963,29848.92652,0.06187069,-0.99684149,2.43282443,7.27816747,3.01909627,11.05087012,2668732.215,2668732.22,43:23.8,Medium Risk
10630,Guild of Guardians,GOG,FALSE,862634004.3,1000000000,1000000000,2021-12-22T02:56:03.000Z,1487,0.003076098,4369.052319,3198.672784,1170.379535,-2.95024008,0.70502859,2.21386654,3.95439836,-17.49159482,-11.08994722,2653546.749,3076098.02,43:23.8,Low Risk
23380,Nexa,NEXA,FALSE,5.85962E+12,1.06577E+13,2.1E+13,2023-02-02T06:22:09.000Z,1488,4.53E-07,21843.90228,21843.90228,0,0.44151866,-1.45200793,8.25497628,-11.7342665,-17.58028594,2.46799549,2651674.621,9503204.48,43:23.8,Medium Risk
36846,DAOBase,BEE,FALSE,173824829.8,1000000000,1000000000,2025-06-17T12:40:05.000Z,1489,0.015146229,102280.5045,798.7245828,101481.7799,1.353176,6.77382014,-2.0070062,-4.60992691,58.61283992,196.4561799,2632790.711,15146229.19,43:23.8,Medium Risk
2348,Measurable Data Token,MDT,FALSE,676157012.5,1000000000, ,2018-01-09T00:00:00.000Z,1490,0.003898381,256505.437,255775.1206,730.3164318,0.77051973,1.4948767,8.64642373,2.01193089,-39.69812383,-62.74674138,2635917.328,3898380.52,43:23.8,Medium Risk
20315,LeisureMeta,LM,FALSE,3518074832,4668074832,5000000000,2022-05-26T09:56:21.000Z,1491,0.000745031,57910.03537,57910.03537,0,0.02742736,1.37290212,4.94598891,-15.60951698,-9.33167098,-8.16472466,2621074.861,3725155.07,43:23.8,Medium Risk
32916,Sharp,SHARP,FALSE,2687239197,68230000000,1E+11,2024-09-04T00:01:07.000Z,1492,0.00097336,74079.40431,74079.40431,0,1.1317266,2.12884735,3.4866758,-7.6635497,-13.25244367,-36.49218155,2615651.312,97336006.24,43:23.8,Medium Risk
36338,Coral Protocol,CORAL,FALSE,8553556561,9999990867,10000000000,2025-04-25T05:55:29.000Z,1493,0.000304471,98678.17917,6511.268204,92166.91097,0.39630943,2.70019228,54.8255336,8.7509719,12.93203334,-20.89278566,2604309.69,3044709.73,43:23.8,High Risk
29780,ChainSwap,CSWAP,FALSE,924289610,986613651,1000000000,2024-03-12T07:28:03.000Z,1494,0.002759736,982.8965673,982.8965673,0,0.06086804,-2.78611925,-3.34313996,65.92400524,15.92302222,-4.15395518,2550795.038,2759735.7,43:23.8,High Risk
1948,Aventus,AVT,FALSE,6000000,10000000,10600000,2017-09-06T00:00:00.000Z,1495,0.421090252,8871.339568,8871.339568,0,1.77279069,-2.18610359,-1.30631053,-26.09796312,-26.3479603,-37.25863138,2526541.51,4463556.67,43:23.8,High Risk
38042,Chevron Tokenized Stock (Ondo),CVXon,FALSE,13756.02404,13756.02404, ,2025-09-03T10:55:32.000Z,1496,183.4770676,2432965.241,2428548.781,4416.459864,0.0366776,-1.50682318,-4.80949652,-4.98604138,-4.09184649,-8.1737436,2523914.954,2523914.95,43:23.8,Medium Risk
9421,Ampleforth Governance Token,FORTH,FALSE,14343554.15,15297897.14, ,2021-04-21T00:00:00.000Z,1497,0.174465385,1384968.701,1384968.701,0,0.15765433,-3.96514649,-8.0439423,-26.47178346,-35.01641913,-76.26386008,2502453.697,2668953.51,43:23.8,High Risk
15084,Symbiosis,SIS,FALSE,96974359.63,99489760.94,99489760,2021-11-24T03:06:29.000Z,1498,0.025590759,101832.1465,101284.5425,547.6039807,0.11290692,0.49723467,24.57085847,19.58435024,-19.79669875,2.61454432,2481647.485,2546018.49,43:23.8,High Risk
38829,Marina Protocol,BAY,FALSE,200000000,1000000000,1000000000,2025-10-29T12:43:47.000Z,1499,0.012405235,752993.1068,647188.9519,105804.1549,1.70450721,27.87809386,44.95312911,-44.95770192,-52.60599396,-62.93513187,2481047.049,12405235.24,43:23.8,High Risk
12089,Coinweb,CWEB,FALSE,2455288238,7597398623, ,2021-12-30T11:12:59.000Z,1500,0.001004993,92917.04279,92146.05933,770.9834564,-0.31398461,-8.9028901,-15.17117862,-26.84569296,11.80075706,-12.97893975,2467546.557,7635329.54,43:23.8,High Risk
31259,Foxsy AI,FOXSY,FALSE,1138011153,1973386470,1978082104,2024-05-15T07:38:02.000Z,1501,0.002166397,233146.3562,208530.698,24615.65813,1.24030912,1.45347936,5.57324387,-18.8502312,-3.21164668,-1.93185958,2465384.039,4285311.29,43:23.8,High Risk
38002,Novo Nordisk Tokenized Stock (Ondo),NVOon,FALSE,54601.92966,54601.92966, ,2025-09-03T10:55:00.000Z,1502,45.12277052,1383194.585,1372949.258,10245.32734,-0.00632248,0.31727544,6.87962606,-1.18550454,7.48376241,20.04484963,2463790.342,2463790.34,43:23.8,Low Risk
29812,Zypto,ZYPTO,FALSE,896457994,896457994,1000000000,2024-03-13T05:19:19.000Z,1503,0.002743493,91398.81841,90202.54953,1196.268884,1.42828521,4.12548061,6.44040286,-5.78494054,-10.13944417,-31.0994389,2459426.249,2743493.02,43:23.8,Medium Risk
4036,Contentos,COS,TRUE,5176458774,9900474904, ,2019-06-20T00:00:00.000Z,1504,0.000473116,1468539.127,1468539.127,0,0.50348291,-2.06051184,-15.76629907,-62.68882813,-62.09008659,-64.13981988,2449063.136,4684068.62,43:23.8,High Risk
26836,OciCat,OCICAT,FALSE,3.18294E+14,3.25E+14,6.907E+14,2023-06-09T03:30:48.000Z,1504,7.70E-09,10383.36648,0,10383.36648,0.95416984,-4.22500027,-13.76452583,-12.77918688,22.16051508,26.40192428,2451834.855,5320491.09,43:23.8,High Risk
1154,Validity,VAL,FALSE,5101014.715,5105175.615,9000000,2016-01-18T00:00:00.000Z,1506,0.480266159,9098.323339,9098.323339,0,0.61376196,3.32769245,7.27005379,-28.92985284,-9.07124592,8.66535867,2449844.742,4322395.43,43:23.8,High Risk
19519,BRN Metaverse,BRN,FALSE,28049500.65,28103646.52,29700000,2022-04-14T06:46:36.000Z,1507,0.086671111,138931.2026,138931.2026,0,-0.15335365,-3.61935785,1.04432089,-20.73493012,-16.31976197,-31.70651058,2431081.394,2574132.01,43:23.8,High Risk
38060,Walmart Tokenized Stock (Ondo),WMTon,FALSE,20138.08883,20138.08883, ,2025-09-03T10:55:22.000Z,1508,120.4974355,1411938.608,1410338.122,1600.48635,-0.08708723,0.38341431,0.30105266,-8.65336555,-3.53187373,-3.56651072,2426588.06,2426588.06,43:23.8,Low Risk
10165,PornRocket,PORNROCKET,FALSE,3.8233E+14,3.8233E+14,1E+15,2021-05-31T00:00:00.000Z,1509,6.33E-09,0,0,0,0,2.06808252,4.30502163,-3.94527967,-0.11375381,-7.05163447,2421785.071,6334276.6,43:23.8,Medium Risk
39123,RealFi,REAL,FALSE,663499570.4,1000000000,1000000000,2025-12-14T20:10:21.000Z,1510,0.003644025,100357.6819,100357.6819,0,-0.05317681,13.92867172,1.83574526,-25.2563549,-69.6446067,-62.50451741,2417809.353,3644025.5,43:23.8,High Risk
33783,Allo,RWA,FALSE,1800000000,10000000000,10000000000,2024-11-04T07:52:46.000Z,1511,0.00134319,596192.891,552883.6052,43309.28585,0.21582134,1.81167894,-0.24837447,-11.56544263,-26.2616675,-36.13913702,2417741.492,13431897.18,43:23.8,Medium Risk
4702,Rupiah Token,IDRT,TRUE,1.73857E+11,1.73857E+11, ,2019-09-24T00:00:00.000Z,1512,1.39E-05,0,0,0,0,0,0,-63.69182616,-79.00103176,1863.626348,2415527.2,2415527.2,43:23.8,High Risk
7824,Vai,VAI,FALSE,2411698.583,2411698.583,8484461.45,2020-12-01T00:00:00.000Z,1513,1.000013906,14557.30812,0,14557.30812,-0.00563923,0.0151027,-0.00532429,0.11360707,0.05428419,0.01930599,2411732.12,8484579.44,43:23.8,Low Risk
38436,zkVerify,VFY,FALSE,369295077.4,1018713353, ,2025-09-18T06:42:22.000Z,1514,0.006515241,447960.1015,421605.3204,26354.78108,-0.04074473,0.71663802,2.38261761,-24.82209447,-31.4054118,-39.271123,2406046.27,6637162.56,43:23.8,High Risk
18913,MarsDAO,MDAO,FALSE,70599019.82,95968858.05,100000000,2022-03-17T13:31:47.000Z,1515,0.034056502,39163.35598,34838.43041,4324.92557,3.22681183,-2.2820322,-28.59529869,-60.1631426,337.8359375,360.3312074,2404355.683,3405650.23,43:23.8,High Risk
28382,Myro,MYRO,FALSE,944203815,999981490.5, ,2023-11-10T13:30:00.000Z,1517,0.00252601,133205.3221,120423.1146,12782.2075,0.53470679,3.75540657,-5.6042909,-25.2398278,-17.76306812,-23.91497567,2385068.006,2525962.96,43:23.8,High Risk
35671,Balance,EPT,FALSE,4222568611,9999999990,10000000000,2025-02-10T07:03:29.000Z,1510,0.000541069,1519908.91,1516943.249,2965.661122,-4.78016972,1.81216008,2.49586741,-32.38711855,-29.74792521,-38.7212217,2284702.578,5410693.79,43:23.8,High Risk
39229,Global X Copper Miners Tokenized ETF (Ondo),COPXon,FALSE,26803.80391,26803.80391, ,2026-01-08T15:44:24.000Z,1518,88.80589644,1269350.242,1168668.189,100682.053,0.33120489,0.47986198,8.63361359,-5.6778057,3.5676129,12.48107594,2380335.834,2380335.83,43:23.8,Medium Risk
8034,BioPassport Token,BIOT,FALSE,8799999998,8800000000,8800000000,2021-03-03T00:00:00.000Z,1519,0.000269828,58695.31689,58695.31689,0,0.44011822,-1.27381645,16.52147483,-23.66964317,-23.41642859,-16.13866613,2374482.139,2374482.14,43:23.8,High Risk
23825,Nexera,NXRA,FALSE,1045985541,1146856394,2000000000,2023-03-08T08:04:07.000Z,1520,0.002260752,6011.58164,6011.58164,0,-0.55630113,3.19801145,10.91196299,-34.28822816,2.06026653,1.44688224,2364713.527,4521503.28,43:23.8,High Risk
19650,Volt Inu,VOLT,FALSE,5.47663E+13,6.9E+13,6.9E+13,2021-12-21T19:32:33.000Z,1521,4.32E-08,50536.11501,33203.47851,17332.63649,0.77026077,0.33567124,4.87066689,-21.15066188,-14.32233465,-19.77218834,2363541.429,2977823.9,43:23.8,High Risk
10778,Metahero,HERO,FALSE,5095643290,9766213274,10000000000,2021-07-07T00:00:00.000Z,1522,0.000460445,4719.046632,4719.046632,0,-0.03037508,0.67041781,2.97704834,-11.52551324,-2.86325156,-9.82896196,2346264.882,4604452.76,43:23.8,Medium Risk
8997,Cook Finance,COOK,FALSE,873630734.7,10000000000,10000000000,2021-03-29T00:00:00.000Z,1523,0.002683205,22434.93188,22434.93188,0,-0.07841039,-0.58396392,-2.80793818,-7.98556508,-12.69684163,-18.24908565,2344130.775,26832054.8,43:23.8,Medium Risk
1721,Mysterium,MYST,FALSE,20033628,32433365,32433365,2017-06-14T00:00:00.000Z,1524,0.116352134,32590.02736,28395.82551,4194.201853,0.07459385,2.88631345,2.9846101,-24.41794754,-34.52345649,-31.4757284,2330955.377,3773691.24,43:23.8,High Risk
5600,Attila,ATT,FALSE,2780000000,3000000000,3000000000,2020-05-18T00:00:00.000Z,1525,0.000836226,0,0,0,0,0,0,0.27469175,-2.87040393,-22.62690236,2324707.151,2508676.78,43:23.8,Low Risk
38015,PepsiCo Tokenized Stock (Ondo),PEPon,FALSE,15511.53681,15511.53681, ,2025-09-03T10:55:28.000Z,1526,149.9447387,2087662.285,2066222.397,21439.88712,0.02622468,1.84063717,3.88832106,-0.9769113,-7.14437495,-6.09150209,2325873.334,2325873.33,43:23.8,Low Risk
35255,QuantumCoin,Q,FALSE,1.84685E+13,1.84685E+13, ,2025-01-15T12:08:45.000Z,1527,1.26E-07,5216.785699,5216.785699,0,0.05563833,-37.07988905,-0.32233683,-1.9813351,-7.921635,-46.21394528,2322273.094,2322273.09,43:23.8,High Risk
3702,Beam,BEAM,FALSE,150753560,150753560,262800000,2019-01-17T00:00:00.000Z,1528,0.015387306,12177.05986,12177.05986,0,-1.10941063,-3.99045834,-5.00958322,-23.96003089,-25.74572262,-35.69235373,2319691.148,4043784,43:23.8,High Risk
1700,Æternity,AE,FALSE,385106897.5,396262883.7,536306702,2017-06-01T00:00:00.000Z,1529,0.005997356,3348.156498,3348.156498,0,0.002605,18.11569867,23.74386813,-4.76873361,-30.78539756,-27.1707617,2309623.028,3216422.03,43:23.8,High Risk
8044,Adappter Token,ADP,FALSE,4686755981,10000000000,10000000000,2020-12-17T00:00:00.000Z,1530,0.000489697,6901.087063,6901.087063,0,0.09435625,-0.00252401,-1.4151019,-20.49900695,-15.65809358,-16.38728195,2295091.564,4896972.6,43:23.8,Medium Risk
39074,Theoriq,THQ,FALSE,154229686,1000000000,1000000000,2025-12-09T04:54:27.000Z,1531,0.014851645,1709020.409,1595228.684,113791.7257,0.18534211,4.06820877,6.2317259,-36.34440473,-33.92308569,-48.65559805,2290564.6,14851645.36,43:23.8,High Risk
36963,YURU COIN,YURU,FALSE,7546469.308,9390469.308,10000000,2025-06-27T07:08:17.000Z,1532,0.302957351,289032.2311,268565.836,20466.39508,0.22983895,5.28827683,4.43803379,8.56211403,38.98453536,-1.86537453,2286258.348,3029573.51,43:23.8,Medium Risk
38492,Real,REAL,FALSE,995219124.1,999998793.7,999999998.9,2025-09-23T13:46:04.000Z,1533,0.00229421,11502.6698,0,11502.6698,0.58728845,-0.63604046,-0.3184304,-11.42609849,-35.94865934,-44.25624771,2283242.064,2294210.4,43:23.8,Medium Risk
12859,DogeBonk,DOBO,FALSE,5.8296E+14,5.8296E+14, ,2021-10-19T00:31:36.000Z,1534,3.89E-09,0,0,0,0,-1.73384332,2.24744653,-8.53616964,-4.35994217,-11.97282744,2267344.323,2267344.32,43:23.8,Medium Risk
38025,ServiceNow Tokenized Stock (Ondo),NOWon,FALSE,4304.302649,4304.302649, ,2025-09-03T10:55:36.000Z,1535,525.6866052,901840.6975,853636.2889,48204.40865,0.30038217,-1.39103416,-7.09452794,6.85433685,7.45539846,-10.75288104,2262714.247,2262714.25,43:23.8,Medium Risk
35693,BORGY,BORGY,FALSE,77576978462,77576978462,77576978462,2025-02-11T06:54:22.000Z,1536,2.91E-05,0,0,0,-0.00617187,-0.91457444,1.71093266,-14.95769435,-30.08064968,-37.71589225,2257726.61,2257726.61,43:23.8,Medium Risk
39439,Nietzschean Penguin,PENGUIN,FALSE,999922339.4,999922339.4,1000000000,2026-01-24T11:15:19.000Z,1537,0.002239302,1503972.149,1302870.56,201101.5889,0.80657927,-3.6699464,-9.46689183,-52.04239442,-25.47866271,-54.36305721,2239127.802,2239301.71,43:23.8,High Risk
31171,Book of Ethereum,BOOE,FALSE,96191009,100000000,100000000,2024-05-10T05:26:59.000Z,1538,0.023263078,15035.00418,0,15035.00418,0,-0.72297965,-7.99915617,-9.13282374,-29.33921078,-38.99857037,2237698.987,2326307.84,43:23.8,Medium Risk
31921,RETARDIO,RETARDIO,FALSE,975671265,999671379,1000000000,2024-06-20T11:11:46.000Z,1539,0.00229238,714501.5999,623565.8214,90935.77854,1.45219276,24.21220302,15.6231106,-10.74121902,11.74406086,21.25875489,2236609.2,2292379.9,43:23.8,High Risk
34158,Vertical AI,VERTAI,FALSE,100000000,100000000,100000000,2024-11-22T06:13:57.000Z,1540,0.022355856,8929.00335,0,8929.00335,1.27394683,2.36343519,11.02254327,17.20543088,-2.88155194,-10.39687745,2235585.583,2235585.58,43:23.8,High Risk
35430,CreatorBid,BID,FALSE,385439130.9,1000000000,1000000000,2025-01-23T13:23:48.000Z,1541,0.005795692,213960.3213,209065.543,4894.778278,0.54739349,2.57352668,-3.9034758,-34.56308337,-34.75228977,-32.20500976,2233886.599,5795692.29,43:23.8,High Risk
19786,ALTAVA,TAVA,FALSE,695877944.5,1000000000, ,2022-04-26T15:39:39.000Z,1542,0.003208114,25224.7032,25224.7032,0,0.40152186,0.77097257,3.15365151,-22.99087105,-26.74504283,-31.86603266,2232455.593,3208113.74,43:23.8,High Risk
26202,CrossFi,XFI,FALSE,70269510.79,88043688.38,378432000,2023-05-30T12:26:16.000Z,1543,0.031649248,112605.0063,112605.0063,0,-0.2405981,-1.34578108,-4.32225796,14.98528161,-14.61808436,-23.5442599,2223977.157,11977088.13,43:23.8,Medium Risk
28249,ZTX,ZTX,FALSE,8051957761,10000000000,10000000000,2023-10-17T06:26:47.000Z,1544,0.000275984,334075.0056,333844.2884,230.717177,-0.33454277,29.35207623,7.59459245,-1.99960596,-16.44045853,-5.92581939,2222214.65,2759843.9,43:23.8,High Risk
39250,United States Oil Tokenized Fund (Ondo),USOon,FALSE,18699.94981,18699.94981, ,2026-01-08T15:44:18.000Z,1545,118.2118291,1399709.923,1358363.137,41346.78546,-0.17402453,-0.3168341,-10.64129562,-19.62540707,-5.06652104,0.89093377,2210555.272,2210555.27,43:23.8,High Risk
2643,Sentinel,P2P,FALSE,34687519419,34750886411, ,2018-04-17T00:00:00.000Z,1546,6.37E-05,62632.94835,59051.75916,3581.189192,-3.24494399,-5.95007428,-9.22032795,-41.46865488,-57.24155063,-34.61995843,2208080.093,2212113.8,43:23.8,High Risk
10841,Wolf Safe Poor People,WSPP,FALSE,1.35E+16,5.00E+16,5.00E+16,2021-07-11T00:00:00.000Z,1547,1.63E-10,36042.35845,0,36042.35845,-7.06585021,36.94429837,999.2465544,905.1058037,951.7645703,696.9207265,2204537.594,8162535.48,43:23.8,High Risk
32772,Gochujangcoin,GOCHU,FALSE,1.11782E+13,3E+13,3E+13,2024-08-21T08:30:46.000Z,1548,1.97E-07,121515.1037,119638.2631,1876.840586,-0.37533615,-0.66193675,-0.28428823,-7.34219019,-0.95886415,-7.08859081,2199959.57,5904260.72,43:23.8,Low Risk
34648,Vader,VADER,FALSE,996739513,996739513,1000000000,2024-12-16T11:12:46.000Z,1549,0.002205819,76836.26073,58932.72974,17903.53099,0.08100994,7.29537275,16.21268922,-10.26281398,10.32645815,37.12510846,2198627.145,2205819.19,43:23.8,High Risk
39048,Hachiko,$HACHI,FALSE,9.75815E+14,9.75815E+14,1E+15,2025-12-03T14:16:17.000Z,1550,2.25E-09,87118.36008,0,87118.36008,1.52477234,2.66588832,-5.76006283,-22.92445697,-41.56567944,-8.63444809,2193773.744,2248144.16,43:23.8,High Risk
28385,Propbase,PROPS,FALSE,489634945.5,1200000000,1200000000,2023-11-13T02:19:04.000Z,1552,0.004469324,778019.4013,777888.5891,130.8121756,-0.04144221,0.59703528,0.03957116,-14.24937359,-11.03065383,-17.44537477,2188337.178,5363188.71,43:23.8,Medium Risk
25419,HyperGPT,HGPT,FALSE,929970238.1,997742373.5,1000000000,2023-05-19T09:21:16.000Z,1552,0.002353232,368080.2866,364981.5489,3098.737665,0.74743821,7.74698245,12.58116054,-7.66528697,-8.48113597,-13.15724821,2188435.501,2353231.76,43:23.8,High Risk
38401,Dill,DL,FALSE,1185000000,6000000000,6000000000,2025-09-15T09:56:10.000Z,1553,0.001843731,4293.458124,3979.642522,313.8156028,-0.16415066,1.29933475,0.66822152,0.64567031,-0.23957599,-6.46344729,2184821.637,11062388.04,43:23.8,Low Risk
1993,Kin,KIN,FALSE,2.75786E+12,2.75786E+12,2.75786E+12,2017-09-27T00:00:00.000Z,1554,7.87E-07,57139.94038,53899.02972,3240.910661,0.13451136,16.65197515,32.33756047,27.72591606,25.9043692,-5.13268086,2170270.217,2170270.22,43:23.8,High Risk
30912,MANEKI,MANEKI,FALSE,8858766369,8858766369,8858766369,2024-04-25T07:28:11.000Z,1555,0.000243793,127493.2133,124529.9106,2963.302679,1.03751845,5.55437128,13.77137814,-13.71650516,-14.70050104,-20.59870342,2159706.405,2159706.41,43:23.8,High Risk
1392,Pluton,PLU,FALSE,16999999.42,17000000,20000000,2016-09-17T00:00:00.000Z,1556,0.126012937,52212.81644,52212.81644,0,0.00638324,7.70177094,2.34757851,-12.01427599,-12.95839537,-11.91341891,2142219.853,2520258.74,43:23.8,Medium Risk
1521,Komodo,KMD,FALSE,135953876,141262234.1, ,2017-02-05T00:00:00.000Z,1557,0.015715874,1.48101489,1.48101489,0,58.12453257,-81.46922294,-57.59881423,122.3998467,361.6644784,-14.62857797,2136633.95,2220059.44,43:23.8,High Risk
6951,Reef,REEF,TRUE,36788809276,36788809276, ,2020-09-08T00:00:00.000Z,1558,5.80E-05,1361331.955,1361331.955,0,1.6443191,-3.16785032,-7.7277178,-22.2858681,-18.37802436,-24.69413199,2133266.628,2133266.63,43:23.8,High Risk
5647,Kadena,KDA,FALSE,335294433.3,1000000000,1000000000,2020-05-31T00:00:00.000Z,1559,0.006340484,12415.41324,12415.41324,0,-0.2141717,-3.57614342,-7.14883777,-30.57100026,-41.54404133,-16.15323187,2125928.857,6340483.61,43:23.8,High Risk
37177,Moby,MOBY,FALSE,999971137.8,999971137.8,999971137.8,2025-07-04T09:46:08.000Z,1560,0.002125388,2242682.125,2200126.512,42555.61301,1.50508483,4.73077649,6.41597184,-13.162124,-4.74405359,-33.13532144,2125326.583,2125326.58,43:23.8,High Risk
38768,GhostwareOS,GHOST,FALSE,999981104,999981104,999999934,2025-10-23T04:22:14.000Z,1567,0.002100923,198374.6475,0,198374.6475,5.50565766,35.23979445,27.15147673,-9.84185176,5.61848673,-21.62781183,2100882.974,2100922.53,43:23.8,High Risk
24477,ArbDoge AI,AIDOGE,FALSE,1.74E+17,1.92E+17, ,2023-04-17T06:07:36.000Z,1561,1.22E-11,504818.6143,504818.6143,0,1.30722868,-1.01866925,7.56625205,-17.11218739,17.55327722,8.73499622,2130684.326,2340189.85,43:23.8,High Risk
11409,Tarot,TAROT,FALSE,67700000,100000000,100000000,2021-08-26T06:39:18.000Z,1562,0.031282743,10625.98999,0,10625.98999,0.61999409,4.19620371,7.23963878,-11.36734671,-12.22268075,-8.7734656,2117841.697,3128274.29,43:23.8,Medium Risk
4189,Ultra,UOS,FALSE,479621852.4,1000000000, ,2019-07-30T00:00:00.000Z,1563,0.004409485,211279.7232,211253.0315,26.69165517,0.2206961,-0.49794778,-1.48889076,-29.21037787,-30.90646019,-22.72760128,2114885.325,4409484.92,43:23.8,High Risk
9175,MOBOX,MBOX,FALSE,550322467,550322467,550322467,2021-04-08T00:00:00.000Z,1564,0.003843966,3388380.201,3335985.465,52394.73686,-1.0495934,-9.93444306,-35.06941825,-65.75454791,-71.52945064,-79.26868746,2115420.725,2115420.73,43:23.8,High Risk
23295,Veno Finance,VNO,FALSE,474514554,1844674055,2000000000,2023-01-20T11:18:48.000Z,1565,0.004435482,3651.92299,1949.246995,1702.675995,0.56320087,0.86546034,-3.25843532,-23.68670312,-16.47125112,-15.53746869,2104700.962,8870964.84,43:23.8,High Risk
29679,Scallop,SCA,FALSE,160902877.4,250000000,250000000,2024-03-08T10:22:15.000Z,1566,0.01307549,1367646.822,1270466.267,97180.55583,1.71779344,4.36158792,-1.95122545,-34.91092996,-27.85244059,-48.1196992,2103884.03,3268872.6,43:23.8,High Risk
36990,PePeonTron,PEPEONTRON,FALSE,999996900,1000000000,1000000000,2025-07-01T06:41:16.000Z,1569,0.002100731,330090.7654,310327.9908,19762.77451,0.69429015,1.95146471,-6.29045248,28.43429336,-65.89245322,-62.16998192,2100724.267,2100730.78,43:23.8,High Risk
39927,Baby Asteroid (Honoring Liv),BABYASTEROID,FALSE,4.2E+14,4.2E+14,4.2E+14,2026-05-03T16:39:01.000Z,1568,5.01E-09,205575.3555,100733.5334,104841.8221,-1.74069129,-7.91591441,-7.57053963,-44.63521963,5402.001626,5402.001626,2102950.962,2102950.96,43:23.8,High Risk
28366,Coupon Assets,CA,FALSE,9671260,270000000,270000000,2023-11-07T08:27:44.000Z,1570,0.21650712,919376.1957,919376.1957,0,0.19594561,-0.40379261,-0.30633815,0.52735506,0.89111142,-15.51335852,2093896.651,58456922.45,43:23.8,Low Risk
39691,HODL (hodl2013),HODL,FALSE,999957622,999949884.7,1000000000,2026-03-17T14:02:32.000Z,1571,0.002089448,80819.37627,0,80819.37627,1.76030936,-10.44070088,-14.11429287,-42.56563803,-50.72494606,-1.69445756,2089359.283,2089447.83,43:23.8,High Risk
22125,Mythos,MYTH,FALSE,862522124.7,1000000000,1000000000,2022-10-10T05:37:02.000Z,1572,0.002418278,0,0,0,-2.29E-05,-23.35966641,-23.66728329,-20.82053581,23.58933056,14.39612123,2085817.879,2418277.54,43:23.8,High Risk
38456,Kyuzo's Friends,KO,FALSE,217500000,1000000000,1000000000,2025-09-19T09:42:41.000Z,1573,0.009588486,29143.275,3101.054946,26042.22006,-0.00092198,-3.11787586,-8.39775022,-18.25673467,-22.59228146,-54.55282944,2085495.779,9588486.34,43:23.8,High Risk
3722,TEMCO,TEMCO,FALSE,3973256413,6000000000,6000000000,2019-02-04T00:00:00.000Z,1574,0.000523516,17803.2291,17803.2291,0,0.09004177,-1.25606795,2.63153612,-19.14165602,-18.51433187,-15.59080009,2080063.5,3141096.3,43:23.8,Medium Risk
36489,Rezor,RZR,FALSE,40642041188,1E+11,1E+11,2025-05-13T11:10:51.000Z,1575,5.10E-05,0,0,0,0,-14.1717188,-16.43939466,-20.49033308,-28.97853584,-37.91754695,2074442.56,5104179.07,43:23.8,High Risk
38061,Palo Alto Networks Tokenized Stock (Ondo),PANWon,FALSE,7329.976917,7329.976917, ,2025-09-03T10:55:01.000Z,1576,282.9376198,867822.1751,865992.7685,1829.406537,-0.01479553,-0.69707742,6.60801251,16.75257978,68.46108247,66.697607,2073926.222,2073926.22,43:23.8,Medium Risk
38594,Palu,PALU,FALSE,1000000000,1000000000,1000000000,2025-10-07T06:37:52.000Z,1577,0.0020709,530146.492,447068.578,83077.91396,0.40771017,-0.19198608,-9.62530986,26.93036363,164.9874293,170.609322,2070900.473,2070900.47,43:23.8,High Risk
31704,Pirate Nation,PIRATE,FALSE,718019546,979167033.1,1000000000,2024-06-09T07:31:27.000Z,1578,0.002885316,128076.7865,128076.7865,0,-0.26136299,-1.70004316,-5.00259914,-30.59538816,-25.50926845,-47.86266127,2071713.126,2885315.78,43:23.8,High Risk
28394,Grok (grokoneth.meme),GROK,FALSE,6318891419,6594615419,6900000000,2023-11-13T05:49:32.000Z,1579,0.000327511,227571.6006,192762.6035,34808.99716,0.69929924,15.56251557,20.77080981,-25.28546284,-25.07773677,-35.00850008,2069503.496,2259822.68,43:23.8,High Risk
37999,Petrobras Tokenized Stock (Ondo),PBRon,FALSE,116453.9749,116453.9749, ,2025-09-03T10:54:58.000Z,1580,17.69894846,1217079.897,1215294.757,1785.140272,0.00447902,-2.68121782,-3.6396114,-12.56498872,-19.32108667,-10.23982811,2061112.9,2061112.9,43:23.8,Medium Risk
1826,Particl,PART,FALSE,15631964.72,15656422.57, ,2017-07-20T00:00:00.000Z,1581,0.131313702,759.9608629,759.9608629,0,-0.01208112,18.7133952,7.43046068,-14.36913948,-23.08185077,-13.04183596,2052691.161,2055902.81,43:23.8,High Risk
7105,Permission Coin,ASK,FALSE,16166619298,1E+11,1E+11,2020-09-18T00:00:00.000Z,1582,0.00012686,647.244879,264.0928234,383.1520556,0.03130138,0.61332869,0.25931419,-0.14525339,16.170372,17.37695731,2050903.17,12686036.16,43:23.8,Low Risk
8133,Skey Network,SKEY,FALSE,552487883.5,1000000000, ,2020-12-29T00:00:00.000Z,1583,0.003700206,28085.83823,28085.83823,0,0.02899842,1.46069877,5.60418367,81.98064049,99.50405243,111.5928669,2044319.059,3700206.14,43:23.8,High Risk
38055,Starbucks Tokenized Stock (Ondo),SBUXon,FALSE,19757.08306,19757.08306, ,2025-09-03T10:54:59.000Z,1584,103.2986596,1341580.677,1341551.163,29.51373694,0.46064562,-0.72360507,7.76217997,-4.40731465,4.03812262,5.28747905,2040880.198,2040880.2,43:23.8,Medium Risk
37596,RICE AI,RICE,FALSE,211527778,1000000000,1000000000,2025-08-04T02:31:29.000Z,1585,0.009643545,180925.6223,117586.4471,63339.17513,-0.54336788,-0.82216123,9.09212723,56.46924066,109.5293101,168.4485817,2039877.69,9643545.21,43:23.8,High Risk
9467,Celo Euro,CEUR,FALSE,1758826.434,1758826.434, ,2021-04-28T00:00:00.000Z,1586,1.158946694,73364.68637,708.3434014,72656.34296,0.063737,0.02557108,0.5318082,-0.15324252,-1.62559572,0.8557908,2038386.081,2038386.08,43:23.8,Low Risk
11783,GameFi.org,GAFI,FALSE,14954970.18,14954970.32, ,2021-09-09T09:16:09.000Z,1587,0.136139395,122668.3027,106099.7178,16568.58496,1.70389942,-8.28801208,-38.93482666,-50.23616551,-43.79269459,-43.80823079,2035960.588,2035960.61,43:23.8,High Risk
19709,GemHUB,GHUB,FALSE,503184144,1200000000,1200000000,2022-04-22T06:33:01.000Z,1587,0.004038205,547677.6536,547677.6536,0,-0.15276324,0.15547912,-0.24131299,-21.96833232,-33.39043733,-42.65671739,2031960.519,4845845.51,43:23.8,Medium Risk
35795,DRX Token,DRX,FALSE,664002145,50000000000,50000000000,2025-03-07T09:05:31.000Z,1588,0.003055293,10142.31711,10142.31711,0,0.06206402,-2.23066848,-1.5640545,-39.3115577,-77.53311699,0.49243919,2028721.029,152764644.3,43:23.8,High Risk
36774,Verse World,VERSE,FALSE,99999991,999999598.6,1000000000,2025-06-10T01:28:21.000Z,1589,0.020238689,171794.9982,41555.31676,130239.6815,0.8773278,3.99442481,1.68710922,-26.14673961,-37.35925705,-36.88264805,2023868.758,20238689.4,43:23.8,High Risk
40216,SanDisk Tokenized bStocks,SNDKB,FALSE,943.050054,943.050054, ,2026-06-11T03:04:22.000Z,1590,2141.012994,1936456.566,1936456.566,0,1.44579983,2.52951439,17.27943062,17.27943062,17.27943062,17.27943062,2019082.42,2019082.42,43:23.8,High Risk
30391,Zeus Network,ZEUS,FALSE,931399379.2,999996598.7,1000000000,2024-04-04T13:14:34.000Z,1591,0.002154039,1616503.68,1599188.385,17315.29512,0.4571699,-3.14934982,-2.65587505,-58.43120345,-69.25761883,-76.61113904,2006270.408,2154038.81,43:23.8,High Risk
35757,AGENDA 47,A47,FALSE,999990395,999990395,999990395,2025-02-14T08:30:38.000Z,1592,0.002001088,41379.78404,33872.94741,7506.836623,0.30756861,0.68174897,-4.11197393,-25.36449444,-36.93081393,-62.20738229,2001069.248,2001069.25,43:23.8,High Risk
5877,Rarible,RARI,FALSE,19488927.79,25000000,25000000,2020-07-20T00:00:00.000Z,1594,0.102610442,234394.0709,234388.0331,6.03779356,-0.5487834,-2.88967815,3.57279515,-31.11339522,-36.32850436,-35.56707096,1999767.5,2565261.06,43:23.8,High Risk
35,Phoenixcoin,PXC,FALSE,93510052.75,93510052.75,98000000,2013-07-04T00:00:00.000Z,1595,0.021356526,6.13666439,6.13666439,0,0.49128688,-1.40317388,-5.45645528,-14.54034423,-12.97627483,-12.75465456,1997049.913,2092939.59,43:23.8,Medium Risk
33697,TRUF.Network,TRUF,FALSE,533550591,1000000000,1000000000,2024-10-29T13:16:34.000Z,1596,0.003722292,115580.9742,115580.9742,0,0.32634064,2.89677631,2.81906702,-22.58435756,-7.90671048,-17.86430894,1986031.104,3722292.01,43:23.8,High Risk
31606,RyuJin,RYU,FALSE,9.6385E+14,1E+15,1E+15,2024-06-04T06:18:45.000Z,1597,2.06E-09,0,0,0,0,8.42923809,9.98637452,-27.39152992,-33.85020914,5.27593512,1982945.844,2057317.9,43:23.8,High Risk
22765,ArchLoot,AL,FALSE,922047986.5,992464664.5, ,2022-11-23T09:10:55.000Z,1598,0.002146634,562466.0438,562466.0438,0,0.22035322,-0.15624144,-2.050051,-30.48447645,-29.12422926,-38.81776564,1979299.323,2130458.14,43:23.8,High Risk
33320,Pups (Bitcoin),PUPS,FALSE,968445660,968445660,1000000000,2024-04-09T08:40:49.000Z,1599,0.002038653,8926.261009,5285.012598,3641.248412,0.27625193,1.49579935,5.95634533,-25.0222205,-12.2272104,0.34062235,1974324.68,2038653.03,43:23.8,High Risk
2856,CEEK VR,CEEK,FALSE,805717779.2,1000000000,1000000000,2018-06-11T00:00:00.000Z,1600,0.002450042,71405.46511,61319.35669,10086.10843,-0.02634327,-0.18140894,1.7269627,-21.99730503,-18.58403766,-22.39871422,1974042.216,2450041.77,43:23.8,Medium Risk
24137,OpenChat,CHAT,FALSE,29948057,100761456, ,2024-02-06T13:57:47.000Z,1601,0.06567517,46294.19576,43613.00037,2681.195393,0.97488444,-5.80954936,-3.56059989,1.11249585,-13.51235084,-21.76419822,1966843.748,6617525.8,43:23.8,Medium Risk
22764,Hooked Protocol,HOOK,FALSE,302915899.6,500000000, ,2022-12-01T14:40:31.000Z,1602,0.006486013,557448.1206,557448.1206,0,0.04444875,2.19839427,8.45227749,-25.88163184,-20.65935393,-62.22958352,1964716.473,3243006.52,43:23.8,High Risk
33258,sudeng,HIPPO,FALSE,10000000000,10000000000,10000000000,2024-10-01T17:13:31.000Z,1601,0.000196767,3181499.271,3133033.623,48465.64769,3.72779023,10.23292114,15.10644559,-26.03276748,17.57372903,-69.06954574,1967674.918,1967674.92,43:23.8,High Risk
33076,MOO DENG (moodeng.vip),MOODENG,FALSE,4.08508E+11,4.14508E+11,4.2069E+11,2024-09-19T14:29:00.000Z,1604,4.78E-06,458052.5822,458052.5822,0,1.00469286,3.30328602,2.7157436,-15.96614415,-11.77495796,-11.69454793,1953197.868,2011443.14,43:23.8,Medium Risk
4467,Nestree,EGG,FALSE,2994880474,2994901340, ,2019-09-09T00:00:00.000Z,1605,0.000650187,27823.02871,27823.02871,0,-0.69600959,2.51077732,-1.85434694,-25.02680664,-26.01451375,-24.85366288,1947231.708,1947245.27,43:23.8,High Risk
38053,Reddit Tokenized Stock (Ondo),RDDTon,FALSE,10775.08364,10775.08364, ,2025-09-03T10:55:41.000Z,1606,180.3789017,1122899.959,919891.3575,203008.6012,-0.00782267,7.2645225,4.67106321,14.73385563,11.11458507,22.8230048,1943597.753,1943597.75,43:23.8,High Risk
30916,XSwap,XSWAP,FALSE,298259665,345362377.8,350000000,2024-04-25T07:53:08.000Z,1607,0.006507669,6250.75165,3485.486665,2765.264985,0.24488152,-0.05720715,-0.42985141,-7.03774444,0.17700262,-8.51318261,1940975.035,2277683.99,43:23.8,Low Risk
36710,Kori The Pom,KORI,FALSE,1000000000,1000000000,1000000000,2025-06-04T07:56:19.000Z,1608,0.001939083,376306.9441,361162.5133,15144.4308,-1.06757807,2.11230772,-8.69076894,-25.69775863,106.1628136,75.10235632,1939082.755,1939082.75,43:23.8,High Risk
22771,Indigo Protocol,INDY,FALSE,16052819,35000000,35000000,2022-11-23T19:40:34.000Z,1609,0.119607431,2283.188201,0,2283.188201,-0.28241751,2.65998959,11.50346761,-19.0509088,-21.92323452,-44.83967575,1920036.441,4186260.08,43:23.8,High Risk
38195,Camp Network,CAMP,FALSE,2105620500,10000000000,10000000000,2025-08-26T11:08:47.000Z,1609,0.000911939,2093722.996,2093108.431,614.5657461,0.52135269,-2.96566777,2.13088656,-47.68272897,-56.17454159,-66.3644354,1920197.982,9119392.51,43:23.8,High Risk
24532,BIDZ Coin,BIDZ,FALSE,850000000,13850000000, ,2023-04-19T07:49:09.000Z,1611,0.002258638,0,0,0,0,0.46784877,-2.69378628,33.23796473,28.45530288,19.37434044,1919842.507,31282139.67,43:23.8,High Risk
11240,HI,HI,FALSE,62070066956,1E+11,1E+11,2021-08-13T00:00:00.000Z,1612,3.07E-05,10.03373044,0,10.03373044,-0.01669888,4.68389937,0.73071839,-4.97272273,-37.55976613,-42.5067364,1908639.213,3074975.28,43:23.8,Medium Risk
38494,GOAT Network,GOATED,FALSE,132113381,1000000000,1000000000,2025-09-23T22:34:03.000Z,1613,0.014398955,847046.1725,602021.5449,245024.6277,-0.65225409,1.63931092,-7.39313017,-25.7294623,-27.6665594,-34.9061872,1902294.685,14398955.43,43:23.8,High Risk
32656,XELIS,XEL,FALSE,5466988.122,5466988.122,18400000,2024-08-14T12:41:12.000Z,1614,0.346839082,9569.779953,9569.779953,0,-1.24937811,2.83303079,3.25131161,-2.87852325,6.20436854,-10.61582541,1896165.139,6381839.1,43:23.8,Medium Risk
37638,Reservoir,DAM,FALSE,199991705,1000000000,1000000000,2025-08-06T22:22:32.000Z,1615,0.009453696,153949.8528,148873.3167,5076.536158,-0.24463821,-0.75189885,0.77713402,-30.96679484,-77.27925129,-68.20567701,1890660.796,9453696.07,43:23.8,High Risk
32289,Mr Miggles,MIGGLES,FALSE,957371091,958766520,958766520,2024-07-18T13:00:51.000Z,1616,0.001968735,130534.7987,127702.6636,2832.13504,2.36324402,5.60255248,4.79148026,-31.19345628,-33.25353561,-48.85860123,1884809.969,1887557.2,43:23.8,High Risk
8144,OVR,OVR,FALSE,50994673.69,89893757,89893757,2020-12-30T00:00:00.000Z,1617,0.036939879,579450.0496,577563.7084,1886.341289,-0.01216163,7.95377636,28.49046472,1.38573035,-14.88458016,-15.23541978,1883737.055,3320664.47,43:23.8,High Risk
23802,KiboShib,KIBSHI,FALSE,1E+12,1E+12,1E+12,2023-03-07T12:53:07.000Z,1618,1.88E-06,577593.5373,559154.8401,18438.69723,1.61972343,7.02357365,-12.74376343,-33.11412745,-53.0404795,-61.72487883,1881615.966,1881615.97,43:23.8,High Risk
10789,Tether EURt,EURt,FALSE,36387340.03,50001660.54, ,2021-07-08T00:00:00.000Z,1619,0.051630475,0,0,0,0,1.46983984,14.85543182,-32.51164966,-26.37118559,-50.4318591,1878695.646,2581609.48,43:23.8,High Risk
21929,Kwenta,KWENTA,FALSE,431809.088,607155.62, ,2022-09-23T09:10:21.000Z,1620,4.345235758,0,0,0,0,2.80895499,1.88149511,-16.37272107,-13.81200402,-23.94498824,1876312.29,2638234.31,43:23.8,Medium Risk
38045,Toyota Tokenized Stock (Ondo),TMon,FALSE,10371.71696,10371.71696, ,2025-09-03T10:55:03.000Z,1621,180.3598787,98236.65763,97821.78726,414.8703712,-0.21244535,-0.60577911,1.64985643,-5.90028187,-15.47613821,-13.92368567,1870641.613,1870641.61,43:23.8,Low Risk
35767,LIBRA,LIBRA,FALSE,299986139.9,999986140.9,1000000000,2025-02-15T00:09:33.000Z,1622,0.006230001,0,0,0,0,8.90406949,15.45923882,30.77220792,33.25060735,69.32020284,1868914.081,6230001.43,43:23.8,High Risk
39830,WYDE: End Hunger,EAT,FALSE,10261935856,1E+11,1E+11,2026-04-03T07:20:03.000Z,1623,0.000181284,495815.3976,465055.0888,30760.30886,2.01415321,12.54120733,-12.57651765,-72.2019305,-81.44546121,2.06023998,1860325.732,18128409.28,43:23.8,High Risk
34687,Streamflow,STREAM,FALSE,241976854,1000000000,1000000000,2024-12-17T04:28:13.000Z,1624,0.007676666,83403.88706,81507.59442,1896.292639,0.66336424,4.33686627,7.1505576,48.034768,65.12517343,13.82391255,1857575.412,7676665.69,43:23.8,High Risk
12256,cheqd,CHEQ,FALSE,642492815,1269786443,1243225903,2021-10-02T08:42:01.000Z,1625,0.002865882,144833.4916,137970.7393,6862.752291,-2.09710266,-19.98446801,42.47660982,83.45984416,-3.88791702,-15.99365151,1841308.367,3562938.3,43:23.8,High Risk
38030,"Blackrock, Inc. Tokenized Stock (Ondo)",BLKon,FALSE,1736.589824,1736.589824, ,2025-09-03T10:55:29.000Z,1626,1061.285951,830254.7856,830195.8307,58.95491983,0.01378712,0.5008646,5.42618196,-1.87156627,1.57937055,6.6427888,1843018.383,1843018.38,43:23.8,Low Risk
30193,Basenji,BENJI,FALSE,1000000000,1000000000,1000000000,2024-03-29T04:50:27.000Z,1627,0.001841108,94244.65909,47050.12392,47194.53518,0.65015416,5.41408367,4.84394745,-0.73902931,-2.97387014,-14.59238044,1841108.373,1841108.37,43:23.8,Medium Risk
37671,OpenAI tokenized stock (PreStocks),OPENAI,FALSE,2002.8516,2002.8516, ,2025-08-08T14:43:06.000Z,1628,918.3844516,31494.64967,0,31494.64967,0.22811072,-0.94359994,-29.34740678,-27.09791679,-27.07120307,-20.88907555,1839387.768,1839387.77,43:23.8,High Risk
21060,GALAXIA,GXA,FALSE,2516376928,7619439991, ,2022-07-20T09:52:31.000Z,1629,0.000729521,1773.079301,1773.079301,0,0.12879455,-4.81390746,15.45710658,-27.99347874,-23.68772134,-29.8591202,1835750.999,5558545.07,43:23.8,High Risk
14345,Botto,BOTTO,FALSE,45564940.38,93772617.48,100000000,2021-11-11T09:51:21.000Z,1630,0.040211092,57510.91166,57251.1553,259.7563561,-0.40913689,4.24159375,6.9683505,-29.95217958,-39.45750643,-36.89830151,1832216.016,4021109.21,43:23.8,High Risk
38711,Piggycell,PIGGY,FALSE,42436784.4,100000000,100000000,2025-10-17T12:22:38.000Z,1631,0.042851821,118828.2978,88390.74236,30437.55545,-0.15969385,2.26656727,3.52670496,-27.78153681,-34.31140943,-40.59210448,1818493.501,4285182.13,43:23.8,High Risk
36169,Decentralized Euro,DEURO,FALSE,1565902.601,1565902.601, ,2025-03-31T08:13:43.000Z,1632,1.160494016,0,0,0,0,0.02196372,0.71330833,-0.2351272,-1.52723444,0.80269238,1817220.599,1817220.6,43:23.8,Low Risk
36279,Paparazzi Token,PAPARAZZI,FALSE,6944444439,10000000000,10000000000,2025-06-02T06:14:22.000Z,1633,0.000261141,21717.46611,21717.46611,0,0.079206,0.0979628,-2.72849256,-2.45043898,1.20739564,-61.89885116,1813481.353,2611413.15,43:23.8,Low Risk
37245,Tharwa,TRWA,FALSE,7002510980,10000000000,10000000000,2025-07-07T09:22:26.000Z,1634,0.000258385,160072.0018,155201.9461,4870.055661,1.78350262,7.44447767,3.66917088,-34.33923632,-29.0263695,-35.0402377,1809347.074,2583854.68,43:23.8,High Risk
34377,Seraph,SERAPH,FALSE,318540892,1000000000,1000000000,2025-01-06T12:00:00.000Z,1635,0.005667147,234270.5756,25053.55409,209217.0215,-2.69041806,3.33144224,11.80767754,-28.50512414,41.1059363,27.83598463,1805218,5667146.81,43:23.8,High Risk
38040,Visa Tokenized Stock (Ondo),Von,FALSE,5541.219922,5541.219922, ,2025-09-03T10:55:36.000Z,1636,325.5841967,945120.3933,908586.619,36533.77433,-0.12249017,0.15454519,1.40461195,-0.56295062,3.05244683,5.32866214,1804133.637,1804133.64,43:23.8,Low Risk
11198,TOPGOAL,GOAL,FALSE,543750000,1000000000, ,2021-08-09T00:00:00.000Z,1637,0.003309332,0,0,0,0,0,0,0,-0.02135223,-0.02136532,1799449.223,3309331.9,43:23.8,Low Risk
23951,Staika,STIK,FALSE,143435021.1,249999621.1,250000000,2023-03-15T10:03:10.000Z,1638,0.012542604,4531.693128,4531.693128,0,1.15407557,-3.61469315,-33.97271302,-94.24398571,-95.4985306,-93.47768054,1799048.656,3135650.98,43:23.8,High Risk
8276,Arianee,ARIA20,FALSE,107521812.7,200000000,200000000,2021-01-18T00:00:00.000Z,1639,0.016712305,0,0,0,0,4.52746939,4.7841978,-27.07980629,-44.32547896,-43.94221942,1796937.321,3342460.99,43:23.8,High Risk
8936,Trias Token (New),TRIAS,FALSE,5000000,5000000,9999999.9,2021-03-24T00:00:00.000Z,1640,0.358769067,61103.60604,61103.60604,0,-0.01073141,0.02364317,8.71307295,-13.02210759,-40.03320186,-31.75912592,1793845.337,3587690.64,43:23.8,Medium Risk
42,Primecoin,XPM,FALSE,58279215.6,58279215.6, ,2013-07-11T00:00:00.000Z,1641,0.030700007,6.04122741,6.04122741,0,0.49128688,1.67797694,4.09847743,-12.64124077,-11.88571974,-13.77706096,1789172.311,1789172.31,43:23.8,Medium Risk
39920,Asentum,ASE,FALSE,296000000,1000000000,1000000000,2026-04-30T02:34:23.000Z,1642,0.006023741,162066.7169,93588.36479,68478.35207,0.36053282,-0.39474141,102.5576458,233.5571576,324.3245894,324.3245894,1783027.262,6023740.75,43:23.8,High Risk
29505,Troll (troll.run),TROLL,FALSE,9.6042E+14,9.6042E+14,9.6042E+14,2024-02-22T12:11:12.000Z,1643,1.85E-09,114790.6581,109053.522,5737.136067,-0.95334289,1.15509321,-5.01856154,-36.77980344,27.46396252,24.96390427,1774434.492,1774434.49,43:23.8,High Risk
17450,fanC,FANC,FALSE,1829518180,2000000000,2000000000,2022-01-18T15:42:40.000Z,1644,0.000968675,35579.31138,35579.31138,0,-0.23755516,0.2994104,6.52531491,-29.66662316,-27.85952517,-32.62699851,1772209.172,1937350.71,43:23.8,High Risk
39751,Coherent Tokenized Stock (Ondo),COHRon,FALSE,4244.243024,4244.243024, ,2026-03-24T02:56:06.000Z,1645,416.8233599,1958892.32,1743237.324,215654.9961,0.0220702,3.37151071,1.40102432,9.13999112,25.29259734,64.26738548,1769099.637,1769099.64,43:23.8,Medium Risk
18966,Mayflower AI,MAY,FALSE,433342221.8,1000000000,1000000000,2022-03-21T11:45:05.000Z,1646,0.004079836,2668817.362,2668817.362,0,-1.92456775,-2.56374068,-5.17857544,-38.75125766,-35.51877296,-57.38435216,1767965.002,4079835.55,43:23.8,High Risk
39254,IREN Tokenized Stock (Ondo),IRENon,FALSE,29146.44358,29146.44358, ,2026-01-08T15:44:25.000Z,1647,60.54739643,2532428.748,1893651.749,638776.9995,-0.21041589,-4.1614465,0.48345351,14.87176844,26.4721329,38.07119917,1764741.274,1764741.27,43:23.8,Medium Risk
3422,SHPING,SHPING,FALSE,2286791464,10000000000,10000000000,2018-10-10T00:00:00.000Z,1648,0.000771205,155368.294,155368.294,0,0.41360804,2.87551858,0.50187796,-16.83257606,-29.82619702,-39.97510343,1763584.054,7712045.81,43:23.8,Medium Risk
5338,Somnium Space Cubes,CUBE,FALSE,12500000,100000000,100000000,2020-03-18T00:00:00.000Z,1649,0.140496091,0,0,0,0,28.74349338,27.81661164,2.37585881,31.92121181,23.2199697,1756201.132,14049609.06,43:23.8,High Risk
10469,iMe Lab,LIME,FALSE,754341628,996079000,996079000,2021-06-16T00:00:00.000Z,1650,0.002324344,118883.0225,118883.0225,0,0.12818836,0.12560923,-0.98989385,-17.00052487,-22.57310071,-18.70924402,1753349.67,2315230.55,43:23.8,Medium Risk
29447,NetMind Token,NMT,FALSE,33450208,143615837.2,147571163,2024-02-19T12:11:26.000Z,1651,0.052387886,430911.1266,410595.0756,20316.05105,-0.11016975,1.41461468,-2.41411999,-2.76288042,-9.07199785,-37.84515903,1752385.69,7730941.3,43:23.8,Low Risk
30493,nubcat,NUB,FALSE,950000253,999975253,999975253,2024-04-10T02:49:28.000Z,1652,0.001838714,294222.0128,259471.6564,34750.35635,1.36034362,14.97827553,13.5830706,-8.01410154,16.37793528,-42.13418862,1746778.889,1838668.63,43:23.8,High Risk
22985,IMPT,IMPT,FALSE,1427446846,1645282094,2759360955,2022-12-15T14:48:21.000Z,1653,0.001218231,321067.6446,321067.6446,0,1.36567689,4.77632414,10.79384884,-15.82501849,-25.42491795,-25.32080209,1738959.83,3361538.73,43:23.8,High Risk
24747,Jesus Coin,JESUS,FALSE,1.51426E+14,1.57E+14, ,2023-04-27T04:57:51.000Z,1654,1.15E-08,0,0,0,0,2.82631527,-6.53009817,-16.14030581,-28.10459559,-27.34813052,1735089.457,1798952.41,43:23.8,High Risk
1680,Aragon,ANT,FALSE,43192488.24,43192488.24, ,2017-05-18T00:00:00.000Z,1655,0.040113169,0,0,0,0,5.0642558,2.12953422,-30.25775982,-39.76152567,-40.74290373,1732587.564,1732587.56,43:23.8,High Risk
27805,SwissCheese,SWCH,FALSE,43748797.74,120000000,120000000,2023-08-10T07:21:43.000Z,1656,0.039580124,321318.5046,321318.5046,0,-0.09252722,1.6787157,-4.79886143,-39.33246035,-22.68443873,-34.73069413,1731582.847,4749614.9,43:23.8,High Risk
5453,KaiChain,KAI,FALSE,4775000000,5000000000,5000000000,2020-04-17T00:00:00.000Z,1657,0.000362754,4728.489616,4728.489616,0,-1.10393798,-4.20871286,-10.15897495,-30.53811017,-27.96223694,-44.72892431,1732150.367,1813770.02,43:23.8,High Risk
38005,Linde plc Tokenized Stock (Ondo),LINon,FALSE,3249.704094,3249.704094, ,2025-09-03T10:55:05.000Z,1658,532.0985912,983882.8997,983882.8997,0,0.05902304,0.4869035,4.74922698,4.04122746,5.38557207,5.43139155,1729162.97,1729162.97,43:23.8,Low Risk
9212,CumRocket,CUMMIES,FALSE,1320428309,1320428309, ,2021-04-13T00:00:00.000Z,1659,0.001307583,1767.706669,757.3660842,1010.340585,1.39572246,-0.58038299,-3.63945934,-9.62614383,41.32031561,17.13295148,1726570.023,1726570.02,43:23.8,Medium Risk
29593,AstraAI,ASTRA,FALSE,10000000,10000000,10000000,2024-03-01T04:11:13.000Z,1660,0.172682559,76409.65492,76409.65492,0,1.9489903,8.73101066,3.80383999,-5.90436396,-25.53896234,-24.51936193,1726825.593,1726825.59,43:23.8,Medium Risk
38530,Openverse Network,BTG,FALSE,1900000,20000000,20000000,2025-09-29T21:30:22.000Z,1661,0.904132899,943443.9716,418643.7451,524800.2265,-1.91478399,-2.30259755,27.98617993,-66.83531224,-66.26579642,-75.18228776,1717852.508,18082657.98,43:23.8,High Risk
5748,mStable Governance Token: Meta (MTA),MTA,FALSE,55401730.65,100000000, ,2020-06-28T00:00:00.000Z,1662,0.03092679,2.439338,0,2.439338,0.0034284,-2.67829809,-1.23287212,1.80084793,2.81056918,-4.30366116,1713397.692,3092679.01,43:23.8,Low Risk
541,Syscoin,SYS,TRUE,891579715.4,891579795.8, ,2014-08-20T00:00:00.000Z,1663,0.001921062,200372.9161,200372.9161,0,-5.41535176,20.61166979,22.21160745,-67.19394049,-82.51011908,-84.16845017,1712779.663,1712779.82,43:23.8,High Risk
2827,Phantasma,SOUL,FALSE,124129197.7,124129197.7, ,2018-05-28T00:00:00.000Z,1664,0.013781998,368722.3806,368722.3806,0,0.25898865,-1.83706219,58.26044317,19.66403532,3.24849186,-1.24875797,1710748.34,1710748.34,43:23.8,High Risk
31668,Billy (Bitcoin),BILLY,FALSE,1000000000,1000000000,1000000000,2024-06-19T04:29:07.000Z,1665,0.001708742,5802.622302,5802.622302,0,0.00116125,6.17929918,2.5156706,-23.83327563,-19.58939885,-29.27526215,1708742.334,1708742.33,43:23.8,High Risk
38047,Equinix Tokenized Stock (Ondo),EQIXon,FALSE,1604.114484,1604.114484, ,2025-09-03T10:55:34.000Z,1666,1063.477439,828327.4874,791274.4219,37053.06547,-0.25940172,-2.64222713,-1.43026401,-0.34939775,-1.41981577,6.89950971,1705939.563,1705939.56,43:23.8,Low Risk
36535,MIA,MIA,FALSE,119638766,1000000000,1000000000,2025-05-16T15:47:27.000Z,1667,0.014204098,122.5719376,122.5719376,0,0.01147474,1.37467246,2.07596184,-10.09410169,-10.7542329,-13.74270242,1699360.784,14204098.23,43:23.8,Medium Risk
35395,SPACEM WORLD,SPCM,FALSE,9724717959,42582201726,42582201726,2025-08-07T03:00:06.000Z,1668,0.000174585,270770.9077,270770.9077,0,-0.01208112,-2.82485458,-16.25919513,-23.09827645,-27.02086501,-6.44366302,1697792.459,7434224.96,43:23.8,High Risk
10776,Signum,SIGNA,FALSE,2129891582,2194550122, ,2021-07-06T00:00:00.000Z,1669,0.000794838,7489.951779,7489.951779,0,-0.42762461,0.59112855,1.60422702,-19.60237673,-5.68079275,17.32749553,1692919.571,1744312.66,43:23.8,Medium Risk
12387,Ribbon Finance,RBN,FALSE,82214464.53,1000000000, ,2021-10-07T12:24:29.000Z,1670,0.0205854,0,0,0,0,7.68882329,6.38181429,-25.32739463,-19.82489592,-33.72446969,1692417.668,20585400.36,43:23.8,High Risk
35669,Central African Republic Meme,CAR,FALSE,995958303.9,995958303.9,1000000000,2025-02-10T01:57:25.000Z,1672,0.001699172,10095.39734,8155.126216,1940.271124,0.87151675,5.69988555,0.82781345,-22.75035878,-29.77956049,-30.87126872,1692304.1,1699171.64,43:23.8,High Risk
36393,Boop,BOOP,FALSE,312859545.5,999991212.5,1000000000,2025-05-01T16:32:04.000Z,1669,0.005424691,8047.863941,8047.863941,0,0.40477223,0.00803123,-0.1333787,-2.12033856,-7.10526138,-11.06797022,1697166.489,5424691.41,43:23.8,Low Risk
39744,AST SpaceMobile Tokenized Stock (Ondo),ASTSon,FALSE,18936.86851,18936.86851, ,2026-03-24T02:56:11.000Z,1673,89.19419571,1630377.158,817393.8197,812983.3382,0.16349218,2.74262118,-6.1263103,7.55230659,-1.18250348,1.49898807,1689058.756,1689058.76,43:23.8,Medium Risk
34109,Harold,HAROLD,FALSE,787005431,999993177.5,1000000000,2024-11-20T10:02:52.000Z,1674,0.002136007,19052.6714,19052.6714,0,-0.1397603,3.97983828,13.84785103,-16.8245637,138.6141777,22.54043284,1681049.152,2136007.05,43:23.8,High Risk
4197,ShareToken,SHR,FALSE,3614438089,6631168865, ,2019-11-26T00:00:00.000Z,1677,0.000461341,1029919.319,1009150.362,20768.9569,-7.10946634,27.3920185,43.61367732,37.29035085,163.4261427,161.193255,1667488.803,3059230.66,43:23.8,High Risk
9089,Tenset,10SET,FALSE,139773554.5,156040549.7,210000000,2021-04-01T00:00:00.000Z,1675,0.011942086,147228.8963,147228.8963,0,-0.08516277,-1.19510763,-1.43172996,-9.97185872,-11.24741729,-45.39719751,1669187.77,2507838,43:23.8,Medium Risk
36356,Housecoin,HOUSE,FALSE,998586274.1,998586274.1,1000000000,2025-04-28T12:07:55.000Z,1676,0.001670383,3266222.239,3241761.713,24460.5255,2.74327411,3.91711843,-4.93814028,-47.66831632,-0.95012661,14.89030685,1668021.119,1670382.58,43:23.8,High Risk
37996,Super Micro Computer Tokenized Stock (Ondo),SMCIon,FALSE,53518.03962,53518.03962, ,2025-09-03T10:55:22.000Z,1678,31.08486907,1367268.981,1302749.099,64519.88137,0.47260477,-3.00798145,-30.15481301,-0.75769848,8.8322607,-2.25975619,1663601.255,1663601.25,43:23.8,High Risk
1786,SunContract,SNC,FALSE,71206920.96,122707502.7,122707503,2017-07-06T00:00:00.000Z,1679,0.023357163,159447.1118,159447.1118,0,0.10459644,0.05239789,1.61962799,0.54416796,-1.18043725,1.28226272,1663191.631,2866099.1,43:23.8,Low Risk
33819,Russell,RUSSELL,FALSE,970983463,970983463,1000000000,2024-11-05T18:17:30.000Z,1680,0.001699824,711701.3019,698090.1139,13611.18801,-0.45287388,1.17767649,-0.3609248,-33.33885872,-37.74293487,-44.15956416,1650500.91,1699823.91,43:23.8,High Risk
37672,BabyShark,BABYSHARK,FALSE,255833833,850000000,850000000,2025-08-09T05:32:24.000Z,1681,0.006448528,1346366.809,1320052.252,26314.55678,0.70821275,-1.2884323,-26.92977945,-76.74063026,-84.36540647,-89.34968308,1649751.744,5481249.16,43:23.8,High Risk
38085,General Electric Tokenized Stock (Ondo),GEon,FALSE,4802.83893,4802.83893, ,2025-09-03T10:55:14.000Z,1682,343.553946,1085930.434,1085539.385,391.0485248,0.32792842,1.05895195,6.45112746,21.56043114,14.06486859,13.64969074,1650034.266,1650034.27,43:23.8,High Risk
5125,Mochimo,MCM,FALSE,28000800.38,79533882, ,2020-05-10T00:00:00.000Z,1683,0.058661448,2444.934274,2444.934274,0,0.15614189,-5.61507428,1.18714108,-16.28941326,-31.07737569,67.12465918,1642567.507,4665572.72,43:23.8,Medium Risk
34469,Altcoinist,ALTT,FALSE,245000000,1000000000,1000000000,2024-12-09T04:35:22.000Z,1684,0.006679296,17706.68055,0,17706.68055,0.49805293,-1.86923465,-8.84144222,-18.59514287,-34.0146003,-53.7473078,1636427.445,6679295.69,43:23.8,High Risk
38826,toyow,TTN,FALSE,24099040,33285393,1000000000,2025-10-29T08:15:13.000Z,1685,0.067654058,464882.2857,464882.2857,0,2.46826352,-2.79451497,36.53141974,12.92632575,-23.29444581,-24.81292314,1630397.858,67654058.33,43:23.8,High Risk
16755,HOSKY Token,HOSKY,FALSE,2.28E+14,1E+15,1E+15,2022-01-03T05:06:41.000Z,1686,7.15E-09,101067.6767,101067.6767,0,1.5962169,2.62667063,-1.08294694,-37.59781927,-43.15743562,-44.24973051,1629602.803,7147380.71,43:23.8,High Risk
19856,CatCoin,CAT,FALSE,5.00E+16,5.00E+16,5.00E+16,2022-04-29T03:36:14.000Z,1687,3.25E-11,40625.18955,34145.86895,6479.320597,-0.19251107,4.23036487,3.51727727,-27.75219054,-6.35468048,-8.41583281,1627183.564,1627183.56,43:23.8,High Risk
4809,Project WITH,WIKEN,FALSE,1057786429,1057574353,1057786429,2019-11-09T00:00:00.000Z,1688,0.00153642,422667.6346,422667.6346,0,0.30428761,4.12628852,10.22727755,-23.05673097,-25.48312868,-18.437577,1625204.499,1625204.5,43:23.8,High Risk
28510,Holdstation,HOLD,FALSE,7903700,7903700,30000000,2023-11-27T12:18:48.000Z,1689,0.205386942,75365.72498,75365.72498,0,-0.12026113,1.10377395,3.26296734,-21.77731884,-1.1738252,-22.21017635,1623316.772,6161608.26,43:23.8,High Risk
22289,Myria,MYRIA,FALSE,48443492437,50000000000,50000000000,2022-10-19T09:21:55.000Z,1690,3.35E-05,101545.4915,97389.53298,4155.958547,0.42381418,7.62709124,16.2521597,-16.3929266,-5.57570199,-25.49881856,1621067.205,1673152.7,43:23.8,High Risk
39823,Bull (bulltheleader),BULL,FALSE,999956072,999956072,999956072,2026-04-01T16:07:41.000Z,1691,0.001622871,306971.4843,181952.4122,125019.0722,1.24826645,-5.81342637,-10.49917523,-72.7996105,-63.12167837,-27.43089907,1622799.865,1622799.86,43:23.8,High Risk
8357,Bitcicoin,BITCI,FALSE,7708828412,20872348887,1E+11,2021-01-29T00:00:00.000Z,1692,0.000209827,0,0,0,0,0,0,1004.901488,17.94625863,17.94625863,1617518.234,20982672.69,43:23.8,High Risk
32498,SIGMA,SIGMA,FALSE,899849202.9,899849202.9, ,2024-07-31T15:14:46.000Z,1693,0.001796377,812646.1283,782974.15,29671.9783,2.12485058,5.83798481,-1.42468107,-25.52077491,-22.61185593,-29.47224346,1616468.3,1616468.3,43:23.8,High Risk
10465,Polytrade,TRADE,FALSE,41288875,100000000, ,2021-06-16T00:00:00.000Z,1694,0.039124664,216881.0609,194619.3042,22261.75664,3.02157078,4.29617477,4.23757751,1.86464365,2.874922,-12.77955612,1615413.353,3912466.38,43:23.8,Medium Risk
34610,Wise Monkey,MONKY,FALSE,8.5E+12,8.5E+12,1E+13,2024-12-13T10:14:47.000Z,1695,1.89E-07,28395.26439,26588.84226,1806.422136,-1.23683028,-0.75110563,1.07558545,-11.45937962,-10.605779,-18.11655036,1607902.314,1891649.78,43:23.8,Medium Risk
5552,Hathor,HTR,FALSE,515779702.5,945621098, ,2020-05-07T00:00:00.000Z,1696,0.003109886,66480.16674,66480.16674,0,0.35119335,-1.73886704,0.80608329,-27.27607006,-34.71047182,-39.45720616,1604015.846,2940773.39,43:23.8,High Risk
15563,Infinity Rising,RISE,FALSE,839212191,3000000000,3000000000,2021-12-03T23:51:08.000Z,1697,0.001911145,15514.82601,5226.172029,10288.65398,1.1526732,0.99583909,7.79003243,-36.78807765,-45.1006716,-40.86796043,1603856.242,5733435.21,43:23.8,High Risk
32489,Astroon,AST,FALSE,614272222,1000000000,1000000000,2024-07-31T08:59:41.000Z,1698,0.002609285,158720.7383,158720.7383,0,-0.00282079,0.01196993,0.02876213,-13.05262265,-13.60931638,5.08049167,1602811.423,2609285.21,43:23.8,Medium Risk
6187,Serum,SRM,FALSE,263244669,1092844982, ,2020-08-04T00:00:00.000Z,1699,0.006079761,101343.8899,96693.5688,4650.321046,0.02525771,-0.38257885,-0.35801163,38.65975763,58.39704981,55.60887581,1600464.756,6644236.65,43:23.8,High Risk
4566,XDB CHAIN,XDB,FALSE,17197670082,18974370020, ,2019-09-13T00:00:00.000Z,1700,9.28E-05,30453.79946,30453.79946,0,-0.71380922,10.791357,-4.97880196,-26.21924246,-16.23168775,-30.24767567,1596685.812,1761640.23,43:23.8,High Risk
39909,Make Aliens Great Again,MAGA,FALSE,978225290,978225290,978225290,2026-04-24T12:37:38.000Z,1701,0.001627864,161423.9274,86519.07028,74904.85716,0.4438353,-13.88880338,-26.39737855,-82.06595142,2701.683014,1975.909321,1592418.077,1592418.08,43:23.8,High Risk
35007,METAVERSE,METAV,FALSE,1000000000,1000000000, ,2025-01-03T09:22:35.000Z,1702,0.001591461,0,0,0,0,7.94445006,489.7233958,-12.91199881,-14.6332703,-19.35801444,1591461.197,1591461.2,43:23.8,High Risk
36978,Echo Protocol,ECHO,FALSE,352620000,1000000000,1000000000,2025-06-30T06:06:22.000Z,1703,0.004497309,96566.16872,94112.49066,2453.678061,0.66021835,0.05095495,0.01437728,-22.58812806,-40.24650239,-72.87002539,1585841.018,4497308.77,43:23.8,Medium Risk
38854,VOOI,VOOI,FALSE,314852766.1,1000000000,1000000000,2025-10-31T03:14:12.000Z,1704,0.005028314,539537.8158,533869.5378,5668.277942,0.21930834,0.97668162,-0.04931608,-17.53951293,-23.15260704,-35.67470464,1583178.458,5028313.64,43:23.8,Medium Risk
16711,GT Protocol,GTAI,FALSE,68779485.22,75000000,75000000,2024-01-26T03:14:01.000Z,1705,0.023010088,215708.735,214861.843,846.8919742,0.01851183,-3.47979754,-5.81782302,-13.61731504,-0.97623634,-10.84396791,1582621.991,1725756.58,43:23.8,Medium Risk
6679,WHALE,WHALE,FALSE,10000000,10000000,10000000,2020-08-24T00:00:00.000Z,1706,0.157715454,0,0,0,0,10.05369458,7.61822593,-19.43373376,-26.75150059,-32.2849739,1577154.545,1577154.54,43:23.8,High Risk
5583,Hacken Token,HAI,FALSE,833168155,958168155,1000000000,2020-05-13T00:00:00.000Z,1707,0.00188918,84273.00208,84273.00208,0,-0.05910231,-1.39865643,-5.90560334,-19.89743448,-40.81389212,-50.21789091,1574004.613,1889180,43:23.8,High Risk
29212,MCN,MCN,FALSE,12000000,12000000,12000000,2024-01-29T11:59:28.000Z,1708,0.130913965,10655.86559,10655.86559,0,-0.00282079,-2.0809562,-3.11576064,-7.25363408,44.96078332,35.65503765,1570967.579,1570967.58,43:23.8,Medium Risk
30369,HashAI,HASHAI,FALSE,84564818695,89719785186,1E+11,2024-04-04T05:58:04.000Z,1709,1.83E-05,88062.25257,81083.24175,6979.010826,1.52107999,8.26657357,13.38205572,-17.85368764,-30.37511534,-57.21032834,1549614.297,1832457.42,43:23.8,High Risk
28395,Crypto Asset Governance Alliance,CAGA,FALSE,61492072802,1E+11, ,2023-11-13T09:15:53.000Z,1710,2.52E-05,17.02435238,17.02435238,0,-0.01519389,-0.78153561,-4.43172717,-1.90677778,-2.25286611,-4.90034356,1550928.626,2522160.27,43:23.8,Low Risk
31006,Mistery On Cro,MERY,FALSE,4.10279E+11,4.20484E+11,4.2069E+11,2024-05-01T12:01:10.000Z,1711,3.77E-06,8365.714275,1.03064,8364.683635,0.9588497,0.5138545,10.25993885,-22.3375783,2.98059561,-30.56868195,1548754.001,1588056.72,43:23.8,High Risk
12148,Swash,SWASH,FALSE,994960022.4,994960022.4,995675233.8,2021-09-26T10:44:45.000Z,1712,0.001553867,704.4783904,704.4783904,0,-0.20771919,-0.14667668,0.73787392,0.34589018,-1.00599807,-13.63011384,1546035.113,1547146.46,43:23.8,Low Risk
32035,My Lovely Planet,MLC,FALSE,105286995.8,229998698,229999998,2024-06-28T08:14:46.000Z,1713,0.014650284,23507.5356,23507.5356,0,0.05461539,1.80345867,-1.62528556,-22.48320464,13.48257725,-19.11344179,1542484.376,3369565.26,43:23.8,High Risk
28508,Nibiru,NIBI,FALSE,1007347802,1086800902,1500000000,2024-03-12T08:57:13.000Z,1714,0.001529191,476187.2466,476187.2466,0,-0.20498259,1.25665269,3.78934676,-13.20784703,-23.54634027,-55.22443307,1540426.947,2293786.14,43:23.8,Medium Risk
11976,Aleph Zero,AZERO,FALSE,266778951,336231180, ,2021-09-20T16:55:23.000Z,1715,0.005694613,154571.6155,154571.6155,0,-0.66587062,-2.35666636,-14.08165084,-61.51608961,24.63283847,0.01576226,1519202.817,1914706.37,43:23.8,High Risk
37695,Anduril tokenized stock (PreStocks),ANDURIL,FALSE,14390.7465,14390.7465, ,2025-08-11T06:22:15.000Z,1716,105.4299373,0,0,0,-0.0801261,-9.42994578,-12.8695957,-17.16590706,-22.68815329,-18.28174417,1517215.501,1517215.5,43:23.8,High Risk
11821,Swarm Markets,SMT,FALSE,91997005,147605460, ,2021-09-11T20:44:46.000Z,1717,0.016384581,59550.30433,57740.82257,1809.481767,0.06734254,-2.94371048,10.80774545,-50.42991189,-65.99459495,-74.39722316,1507332.38,2418453.61,43:23.8,High Risk
25224,Karate Combat,KARATE,FALSE,66649473128,1.1E+11,1.1E+11,2023-05-12T18:15:00.000Z,1718,2.26E-05,0,0,0,0,1.5370382,1.69744935,-10.31585451,-11.11269845,19.12718899,1505464.666,2484657.5,43:23.8,Medium Risk
38234,XL1,XL1,TRUE,5739235943,38000000000, ,2025-09-16T13:54:48.000Z,1719,0.000261596,58063.27186,32116.77166,25946.5002,1.01668804,0.89997565,0.08860587,-13.00987998,-8.26879027,-17.71267699,1501363.523,9940663.61,43:23.8,Medium Risk
5882,StaFi,FIS,FALSE,142039479.1,155392552.1, ,2020-07-21T00:00:00.000Z,1720,0.010569656,159700.35,159700.35,0,0.18850464,-0.80415662,-9.94074356,-41.44551424,-1.52962457,-38.90880134,1501308.48,1642445.87,43:23.8,High Risk
31196,Storm Trade,STORM,FALSE,258229085,999998980.2,1000000000,2024-10-17T06:40:31.000Z,1721,0.005809819,151260.3239,127181.3612,24078.96272,0.22254038,-1.97920131,15.31011912,14.11410919,3.39961883,-12.34413208,1500264.139,5809818.59,43:23.8,High Risk
5221,Handshake,HNS,FALSE,677730457.3,677730457.3,961271165.1,2020-02-22T00:00:00.000Z,1722,0.002204041,5224.647289,5224.647289,0,0.01628113,-7.53843313,-32.30742852,-58.80170612,-59.13327373,-57.09450853,1493746.021,2118681.49,43:23.8,High Risk
14446,Laqira Protocol,LQR,FALSE,88623954,2500000000,2500000000,2021-11-13T18:57:40.000Z,1723,0.016741311,246505.8323,238316.0203,8189.811961,0.26125359,0.22776038,-6.67871784,-9.89831006,-25.07453118,-26.80311505,1483681.204,41853278.29,43:23.8,Medium Risk
6865,Crypton,CRP,FALSE,10499252,10500295, ,2020-09-03T00:00:00.000Z,1724,0.140615963,208746.2688,208746.2688,0,-0.07714842,0.16391845,0.55819018,-1.48629703,-1.87705523,-1.7413315,1476362.431,1476509.09,43:23.8,Low Risk
2447,Crypterium,CRPT,FALSE,94658156.86,94658157, ,2018-01-22T00:00:00.000Z,1725,0.015578425,0,0,0,0,0,0,-0.27004057,-3.7798607,-7.93607641,1474624.972,1474624.97,43:23.8,Low Risk
3928,IDEX,IDEX,FALSE,1000000000,1000000000, ,2019-05-09T00:00:00.000Z,1726,0.001474236,223895.1417,223895.1417,0,-23.13306655,-18.36789474,-7.46378724,-17.29657434,-31.26241514,-73.2705537,1474235.959,1474235.96,43:23.8,High Risk
25101,Solcasino Token,SCS,FALSE,1226945031,6494778982, ,2023-05-09T05:14:07.000Z,1727,0.001197335,12119.1715,0,12119.1715,1.2557895,0.52336934,1.78231199,-4.02825422,0.13248827,-10.34484478,1469064.608,7776428.2,43:23.8,Low Risk
7094,Chamber,DHT,FALSE,54387512.46,100000000,100000000,2020-09-17T00:00:00.000Z,1728,0.027006071,1019.284082,0,1019.284082,0.72565695,-8.08248103,-14.75908351,-42.29144691,-63.77786523,-64.86695501,1468793.042,2700607.13,43:23.8,High Risk
3974,Bitcoin 2,BTC2,FALSE,18448048.4,18448048.4,21000000,2019-05-28T00:00:00.000Z,1729,0.079446866,8844.328938,8844.328938,0,0.50191049,16.76043487,16.20403444,20.59514292,23.92454262,19.64225364,1465639.632,1668384.19,43:23.8,High Risk
31688,DOPU The Dog with A Purpose,DOPU,FALSE,800176861,999897528.7,999897528.7,2024-06-19T04:24:29.000Z,1730,0.001827747,209976.8436,209976.8436,0,-0.02654111,0.65145494,-4.05859166,1.03884865,-4.51859872,-5.08164432,1462521.08,1827559.99,43:23.8,Low Risk
11706,Acet,ACT,FALSE,1258035045,2230764830, ,2021-09-07T00:47:42.000Z,1731,0.001162312,117.1814196,0,117.1814196,-1.64863494,5.70455061,0.54842214,-56.69613273,-29.21906943,-49.14814659,1462229.309,2592844.87,43:23.8,High Risk
37257,Ai Xovia,AIX,FALSE,3623555,99999987.99,99999987.99,2025-07-21T04:48:44.000Z,1732,0.402919913,638219.1465,638219.1465,0,-1.21348517,-2.5180131,-7.63913236,-50.12374093,-65.88820392,-86.33475111,1460002.464,40291986.42,43:23.8,High Risk
4758,dForce,DF,FALSE,999926146.6,999926146.6,999926146.6,2020-06-22T00:00:00.000Z,1733,0.001459061,21453.65011,21453.65011,0,-0.01073141,0.0169364,-0.02372065,13.64842575,1.94260844,7.56356454,1458953.075,1458953.07,43:23.8,Medium Risk
33102,Bitboard,BB,FALSE,4434811925,8100000000,8100000000,2024-09-23T12:52:53.000Z,1734,0.000328765,228899.7484,228899.7484,0,-0.45277509,-3.08284541,-11.96103213,-12.28752431,71.4045498,-65.30846021,1458012.635,2662999.59,43:23.8,High Risk
38058,Nike Tokenized Stock (Ondo),NKEon,FALSE,31522.0127,31522.0127, ,2025-09-03T10:55:16.000Z,1735,46.11971483,1010059.027,1003433.552,6625.47514,-0.06177438,-0.56818827,4.39152582,8.11065417,-0.70847249,-17.9853514,1453786.237,1453786.24,43:23.8,Medium Risk
21781,Stride,STRD,FALSE,40452956,40452956,46766216,2022-09-12T04:53:06.000Z,1736,0.035877055,213.6026686,0,213.6026686,0.13858381,2.53207486,29.6249611,-3.8209381,78.93341055,12.90482438,1451332.939,1677834.12,43:23.8,High Risk
38063,Snowflake Tokenized Stock (Ondo),SNOWon,FALSE,5988.146233,5988.146233, ,2025-09-03T10:55:40.000Z,1737,241.5841949,1275026.019,1263047.644,11978.37526,-0.33593897,1.86135396,-0.28222929,53.74517469,66.94328293,37.95080538,1446641.487,1446641.49,43:23.8,High Risk
28286,Tottenham Hotspur Fan Token,SPURS,FALSE,12977888,40000000,40000000,2023-10-26T09:55:31.000Z,1738,0.111271781,1629462.246,1628712.775,749.4709888,-1.38568389,0.11422033,-7.56905505,-26.87979248,-31.03507523,-34.6300413,1444072.712,4450871.24,43:23.8,High Risk
16675,Ctomorrow Platform,CTP,FALSE,1630612955,9000000000,9000000000,2021-12-30T06:02:23.000Z,1739,0.000882669,165246.2268,165246.2268,0,0.14001381,-0.66042447,-2.60851527,-0.82854251,-3.59246595,-6.08826622,1439290.955,7944017.95,43:23.8,Low Risk
37522,Uranus,URANUS,FALSE,99996022.49,99996022.49,99996022.49,2025-07-28T12:00:39.000Z,1740,0.014366669,251735.7752,211396.694,40339.08121,0.3656335,-3.43574017,16.06596049,-32.4377004,-5.79862541,23.7610976,1436609.799,1436609.8,43:23.8,High Risk
38145,Lumint,LUMINT,FALSE,55034828.99,3000000000,3000000000,2025-08-20T19:22:01.000Z,1742,0.026083764,108755.7227,108755.7227,0,-0.04275395,0.20147456,0.17233978,-1.10882718,-2.49037458,-6.49794366,1435515.5,78251292.46,43:23.8,Low Risk
38039,UnitedHealth Tokenized Stock (Ondo),UNHon,FALSE,3429.576948,3429.576948, ,2025-09-03T10:55:24.000Z,1742,417.9823854,2571589.38,2560463.257,11126.1231,0.02721925,1.53954733,1.56680539,9.62062072,30.09638777,43.08811493,1433502.753,1433502.75,43:23.8,Medium Risk
40214,Tesla Tokenized bStocks,TSLAB,FALSE,3548.778981,3548.778981, ,2026-06-11T03:04:06.000Z,1744,403.802205,2805998.566,2805998.566,0,-0.40969708,-1.98996196,2.66987249,2.66987249,2.66987249,2.66987249,1433004.777,1433004.78,43:23.8,Low Risk
37553,SHIBA INU,SHIB,FALSE,6.74075E+14,6.74075E+14,1E+15,2025-07-30T07:01:44.000Z,1745,2.12E-09,630.707832,0,630.707832,0.22416057,4.99901874,4.02717773,-39.30034783,-2.59558422,-53.12120881,1430922.568,2122794.15,43:23.8,High Risk
29082,Saros,SAROS,FALSE,3310913019,9999973948,10000000000,2024-01-19T11:09:47.000Z,1745,0.000431343,643836.4466,623748.3557,20088.09088,-0.03270649,-5.25287026,-11.70949389,-38.65700945,-11.00017183,-67.25565295,1428139.832,4313432.05,43:23.8,High Risk
36396,CUDIS,CUDIS,FALSE,247500000,1000000000,1000000000,2025-05-02T00:41:43.000Z,1739,0.0058239,4841158.262,4540376.806,300781.4566,2.08222382,-1.63525393,8.61668875,-33.90266659,-27.64341213,-26.13905632,1441415.323,5823900.29,43:23.8,High Risk
1447,ZClassic,ZCL,FALSE,9287024.33,9287024.33,11462487,2016-11-09T00:00:00.000Z,1747,0.153201387,0,0,0,-0.01973628,-1.21149274,-8.10160953,-7.42763173,-22.69613026,-14.93972895,1422785.011,1756068.91,43:23.8,Medium Risk
31493,donotfomoew,MOEW,FALSE,6199997611,6199997611,10000000000,2024-05-28T11:52:31.000Z,1748,0.000229193,453952.277,449008.7026,4943.574394,1.73336068,4.2786734,5.63831963,-7.17526884,-6.2238654,-12.30909166,1420998.252,2291933.55,43:23.8,Medium Risk
10641,RichQUACK.com,QUACK,FALSE,4.41E+16,4.68E+16, ,2021-06-25T00:00:00.000Z,1749,3.22E-11,481.9906934,235.1247744,246.8659189,0.41368693,1.39518117,3.0820952,-5.16280715,1.60485393,-15.45965164,1419816.773,1506446.54,43:23.8,Medium Risk
4710,Cere Network,CERE,FALSE,6939923952,10000000000,10000000000,2021-11-08T13:18:17.000Z,1750,0.000204522,79292.64288,78736.6549,555.9879801,0.26616044,0.62629835,-0.44129812,4.64018006,3.11472562,-14.27789386,1419369.194,2045222.98,43:23.8,Low Risk
29693,Alvara Protocol,ALVA,FALSE,108783688.9,198698050.2,200000000,2024-03-07T09:12:57.000Z,1751,0.013017422,11415.74851,10993.50142,422.2470882,-0.28444222,6.98503352,20.53208538,1.85514942,38.1555499,27.72241711,1416083.227,2603484.48,43:23.8,High Risk
33183,Axol,AXOL,FALSE,1000000000,1000000000,1000000000,2024-09-26T09:35:18.000Z,1752,0.001414528,940.2670016,0,940.2670016,10.24279675,12.41140204,15.91359054,91.22031728,327.0289252,298.2644932,1414528.349,1414528.35,43:23.8,High Risk
4747,Velas,VLX,FALSE,2764304288,2764304288, ,2019-10-03T00:00:00.000Z,1753,0.000508759,133.6441195,0,133.6441195,0.34893612,-0.08178042,-5.35236854,-19.39997099,-21.46246097,-31.94347527,1406364.951,1406364.95,43:23.8,High Risk
4116,TOKPIE,TKP,FALSE,28714063.84,100000000,100000000,2019-10-11T00:00:00.000Z,1754,0.048853177,0,0,0,0,1.06827097,9.66735818,17.5104361,22.73561825,-9.96739463,1402773.251,4885317.73,43:23.8,High Risk
38091,Boeing Tokenized Stock (Ondo),BAon,FALSE,6124.143249,6124.143249, ,2025-09-03T10:55:26.000Z,1755,229.0257292,1316069.928,1311541.11,4528.817829,0.27378845,3.07645682,5.86239891,2.40802061,5.04302248,7.95728604,1402586.374,1402586.37,43:23.8,Medium Risk
38639,PUP,PUP,FALSE,1000000000,1000000000,1000000000,2025-10-09T13:01:21.000Z,1756,0.001402403,144998.9505,63092.14602,81906.80449,2.1958305,3.28378613,3.34138577,1.76772342,128.3289205,229.210864,1402402.517,1402402.52,43:23.8,Medium Risk
28664,Byte,BYTE,FALSE,9.64467E+11,9.64467E+11, ,2023-12-11T08:23:42.000Z,1757,1.45E-06,83879.44653,83879.44653,0,1.32217679,2.00008648,5.02313697,-17.865337,-26.01523342,-17.04649084,1394244.093,1394244.09,43:23.8,High Risk
39600,パンチ,PUNCH,FALSE,999966582.2,1000000000,1000000000,2026-02-22T14:42:54.000Z,1758,0.001393531,149362.7422,86682.38269,62680.35955,0.90045819,4.29752713,4.74673204,-45.18863684,-74.94255358,-90.298062,1393484.842,1393531.41,43:23.8,High Risk
7637,Trabzonspor Fan Token,TRA,FALSE,8343291,10000000,10000000,2020-11-10T00:00:00.000Z,1759,0.166011823,388389.7501,388389.7501,0,0.21296836,0.45419753,1.31795368,-27.36953126,-42.46454968,-45.5277753,1385084.95,1660118.23,43:23.8,High Risk
11367,Aurory,AURY,FALSE,75129281.6,100000000,100000000,2021-10-24T16:58:08.000Z,1760,0.018399194,55930.26378,55918.96192,11.30186372,-0.01713954,0.40650273,44.83081169,-16.07278021,-32.0188231,-49.10841323,1382318.251,1839919.43,43:23.8,High Risk
33011,Nya,NYA,FALSE,3.52342E+13,3.68309E+13,1E+14,2021-06-03T00:00:00.000Z,1761,3.92E-08,2911.824673,0,2911.824673,0.42895684,2.28101461,5.06155386,-26.15962681,-29.33154947,-31.61900137,1381243.158,3920182.68,43:23.8,High Risk
39739,CoreWeave Tokenized Stock (Ondo),CRWVon,FALSE,12828.44793,12828.44793, ,2026-03-24T02:56:05.000Z,1762,107.6691831,1652195.055,1481837.485,170357.5705,0.39994216,1.07540961,2.10965098,0.56435682,-9.29018023,32.94680681,1381228.509,1381228.51,43:23.8,Low Risk
12121,EVDC Network,EVDC,FALSE,63230072625,2E+11, ,2021-09-24T08:24:31.000Z,1763,2.18E-05,89275.52879,89275.52879,0,-0.24140612,-0.51425895,-1.89743813,-0.450929,-14.62557199,-14.10108555,1379435.06,4363224.66,43:23.8,Low Risk
38038,Goldman Sachs Tokenized Stock (Ondo),GSon,FALSE,1252.789972,1252.789972, ,2025-09-03T10:55:26.000Z,1764,1092.189811,1314540.757,1274643.381,39897.37638,-0.04993824,0.00272739,3.52498266,13.73243234,20.15412766,32.87008717,1368284.444,1368284.44,43:23.8,Medium Risk
37363,Block (blockstreet.xyz),BLOCK,FALSE,460000000,1000000000,1000000000,2025-07-15T11:44:51.000Z,1766,0.002973031,272607.8841,201996.8436,70611.0405,1.5991343,-11.43713201,-26.8533639,-43.2996338,-16.37088727,-47.89543586,1367594.429,2973031.37,43:23.8,High Risk
22866,Radiant,RXD,FALSE,15900130388,20719335901,21000000000,2022-12-05T03:09:04.000Z,1766,8.60E-05,54242.41521,54242.41521,0,-0.01116008,7.42422764,2.40136409,-5.58444362,-18.7111919,-25.24356686,1366920.436,1805351.81,43:23.8,Medium Risk
38071,Baidu Tokenized Stock (Ondo),BIDUon,FALSE,12013.85836,12013.85836, ,2025-09-03T10:55:08.000Z,1767,113.7436288,1542522.703,1541325.408,1197.295152,0.13338057,-3.58689816,-6.08667149,-16.10597945,-8.84130647,-9.35040138,1366499.846,1366499.85,43:23.8,High Risk
32778,Department Of Government Efficiency (dogegov.com),DOGE,FALSE,979119974.9,979119974.9,1000000000,2024-08-21T13:37:59.000Z,1768,0.001391856,471259.8411,471259.8411,0,1.66584685,3.61720379,5.5032254,-29.24535929,-34.31706556,-46.93105915,1362793.658,1391855.64,43:23.8,High Risk
32257,UXLINK,UXLINK,FALSE,856983655,1000000000,1000000000,2024-07-17T06:14:06.000Z,1769,0.001579894,183498.3841,175881.593,7616.791048,-1.17476313,0.6906889,-9.50757309,-27.95851438,-19.48996072,-66.23606429,1353943.562,1579894.27,43:23.8,High Risk
38274,Creditlink,CDL,FALSE,204595405,1000000000,1000000000,2025-09-03T09:46:18.000Z,1770,0.006626224,118224.2228,24501.69408,93722.52869,0.07815192,3.07643269,-15.30629667,7.78188686,58.16204109,102.8806152,1355694.977,6626223.97,43:23.8,High Risk
39562,Superfluid,SUP,FALSE,102235487,1000000000, ,2026-02-10T19:22:27.000Z,1771,0.013243551,709154.2296,501213.5946,207940.6351,1.08259574,36.31079235,45.24455473,4.12679936,-16.91257654,15.71405957,1353960.925,13243551.38,43:23.8,High Risk
7228,DerivaDAO,DDX,FALSE,26094664,50297306,100000000,2020-09-29T00:00:00.000Z,1772,0.051437137,23.5601299,0,23.5601299,1.03362079,-1.67218002,2.33456234,0.1575962,-5.46678802,-42.95707666,1342234.796,5143713.66,43:23.8,Low Risk
5612,SOMESING,SSG,FALSE,3265980362,6000000000,6000000000,2020-05-21T00:00:00.000Z,1774,0.000408096,0,0,0,0.83425186,35.96539883,-8.8007819,157.024275,323.5532089,598.5186852,1332833.458,2448575.88,43:23.8,High Risk
24143,RENEC,RENEC,FALSE,35895005,81332972, ,2023-03-29T23:34:03.000Z,1775,0.037101237,0,0,0,-0.00613004,0.02153904,1.0143588,-16.68626027,-17.75522795,-28.57244268,1331749.089,3017553.87,43:23.8,Medium Risk
7740,Polaris Share,POLA,FALSE,580994746.7,4600000000,5000000000,2020-11-21T00:00:00.000Z,1773,0.002294231,5223345.124,5223345.124,0,0.61811871,0.43496798,-2.2842144,-69.72262554,-55.30999303,-69.58537642,1332935.876,11471152.57,43:23.8,High Risk
21471,StarSlax,SSLX,FALSE,2501658636,9997900373,10000000000,2022-08-19T09:39:42.000Z,1776,0.00053228,211497.4657,202474.1344,9023.331306,1.85781682,2.72229358,-9.46987068,-7.88652529,6.5914222,-3.50328197,1331582.181,5322797.29,43:23.8,Medium Risk
13198,NuNet,NTX,FALSE,504084665,1000000000,1000000000,2021-10-25T21:40:50.000Z,1777,0.002638099,96515.02251,94005.74192,2509.280588,0.76431662,3.04983938,11.98382399,-23.73500895,-30.80035538,-52.47704285,1329825.057,2638098.62,43:23.8,High Risk
18624,Azit,AZIT,FALSE,437129149,500000000,500000000,2022-03-08T05:40:02.000Z,1778,0.003039955,24454.38169,24454.38169,0,0.116219,4.41018432,6.96601143,-23.31613812,-23.55306553,-19.21840375,1328852.92,1519977.47,43:23.8,High Risk
13636,GMCoin,GMCOIN,FALSE,41183481.15,80000000,80000000,2021-11-01T07:32:44.000Z,1779,0.032211528,2910.705675,2910.705675,0,0.83067458,1.74034502,6.39102935,-13.86294626,-11.74542918,-9.62282721,1326582.875,2576922.28,43:23.8,Medium Risk
15736,LUCA,LUCA,FALSE,5668136.152,7043596.207, ,2021-12-07T10:06:58.000Z,1780,0.234005494,83500.15309,62255.86973,21244.28337,0.54362609,-0.28183324,-1.20866252,-39.02386812,-44.05656318,8.50313627,1326375.003,1648240.21,43:23.8,High Risk
22,Luckycoin,LKY,FALSE,19204751,19204751,20000000,2013-06-14T00:00:00.000Z,1781,0.068890932,56413.32801,56413.32801,0,-0.27530918,0.78810154,-3.70877919,-35.94857426,-40.59931068,-44.51157397,1323033.201,1377818.65,43:23.8,High Risk
36977,NodeOps,NODE,FALSE,133390828,656333420.8,1000000000,2025-06-29T16:36:45.000Z,1782,0.0098875,4013298.153,4009081.861,4216.291719,10.35708146,8.76170937,-6.84270312,-10.80968387,-16.11157457,-32.13526937,1318901.825,9887500.1,43:23.8,High Risk
10145,DeFinity,DEFX,FALSE,148076680.5,169696000,171516755,2021-05-29T00:00:00.000Z,1783,0.008907063,38342.18094,38342.18094,0,1.36187686,5.51182011,15.57539386,2.41510549,-9.03515564,-33.68092442,1318928.295,1527710.51,43:23.8,Medium Risk
17050,Multichain,MULTI,FALSE,14541093.56,100000000,100000000,2022-01-10T04:41:46.000Z,1784,0.090690429,2860.178259,2860.178259,0,0.08701672,4.4708826,2.1433256,-25.11760717,-55.76157865,-62.27472504,1318738.017,9069042.92,43:23.8,High Risk
27872,MAGA (magamemecoin.com),TRUMP,FALSE,43997357,46502452, ,2023-08-18T10:42:43.000Z,1786,0.029875122,3880.417839,3524.516635,355.901204,1.55653196,4.7507495,-0.08090969,-19.88601484,-26.39508335,-32.07846796,1314426.429,1389266.45,43:23.8,High Risk
34082,WELF,WELF,FALSE,12658811.4,49999000,50000000,2024-12-19T12:59:16.000Z,1785,0.103827091,62575.52102,62575.52102,0,-0.67634776,3.15540818,-2.36334166,-5.65635661,-6.64056824,-17.21931329,1314327.562,5191354.54,43:23.8,Medium Risk
38308,LOOK,LOOK,FALSE,922375851,922375851,922375851,2025-09-08T02:47:09.000Z,1787,0.001422937,10892.93285,0,10892.93285,2.90336138,-12.03989394,6.64063371,-3.41825025,-13.63049301,-51.5989473,1312482.627,1312482.63,43:23.8,High Risk
7725,TrueFi,TRU,FALSE,1242359041,1257020975,1450000000,2020-11-19T00:00:00.000Z,1791,0.001039815,1343908.723,1324957.732,18950.99068,-10.16703794,-26.59383549,-38.90813915,-14.51126037,-82.1983109,-82.10029346,1291823.066,1507731.17,43:23.8,High Risk
39781,iShares MSCI South Korea Tokenized ETF (Ondo),EWYon,FALSE,6100.984775,6100.984775, ,2026-03-24T02:56:08.000Z,1789,212.3807338,819756.7639,813196.7802,6559.983626,1.60889239,3.57133456,10.20181275,18.42545261,44.72989693,66.03113837,1295731.623,1295731.62,43:23.8,High Risk
27766,KYVE Network,KYVE,TRUE,1194291233,1276334022, ,2023-08-07T16:15:36.000Z,1789,0.001084049,4367.495026,4143.28012,224.2149061,0.68703962,-2.73647452,-15.21314948,-36.03640896,-37.50584181,-49.86986128,1294670.207,1383608.61,43:23.8,High Risk
25714,Crown by Third Time Games,CROWN,FALSE,218882203,250000000,250000000,2023-05-23T03:24:00.000Z,1790,0.005908214,2667.373649,0,2667.373649,6.01067241,18.37875548,55.92023392,0.19841864,-61.2508003,-71.82822128,1293202.991,1477053.61,43:23.8,High Risk
29461,Devve,DEVVE,FALSE,96443724.16,120000000,300000000,2024-02-20T01:53:02.000Z,1792,0.013385899,228488.5092,186569.5569,41918.95228,1.88434003,3.62045944,-55.33018546,-46.624623,-69.47808981,-66.81784778,1290985.906,4015769.56,43:23.8,High Risk
8438,Hoge Finance,HOGE,FALSE,3.93402E+11,3.93402E+11,3.94687E+11,2021-02-12T00:00:00.000Z,1793,3.28E-06,0,0,0,0,-10.59633496,8.06263719,-19.71547861,-30.20659181,-31.85259807,1289147.374,1293357.91,43:23.8,High Risk
39727,Mezo,MEZO,FALSE,85989102.69,1000000000,1000000000,2026-04-01T13:10:00.000Z,1794,0.014965383,886578.8765,886557.7383,21.13813424,-0.12337601,-1.70722714,-4.96360874,-55.70079645,-79.06199367,-81.1912732,1286859.891,14965383.41,43:23.8,High Risk
36962,Cycle Network,CYC,FALSE,153700000,499895888.7,1000000000,2025-06-27T04:57:59.000Z,1795,0.008345428,427571.5727,526.288528,427045.2842,0.01893848,-0.00018433,2.1688079,-4.96735913,-24.31271313,-2.27482944,1282692.215,8345427.56,43:23.8,Low Risk
1789,Populous,PPT,FALSE,53252245.99,53252246,53252246,2017-07-10T00:00:00.000Z,1796,0.02408306,0,0,0,0,-14.46311089,-6.43148025,-32.46385551,-8.78652264,-47.27403172,1282477.016,1282477.02,43:23.8,High Risk
38400,Maiga,MAIGA,FALSE,280000000,1000000000,1000000000,2025-09-15T06:48:26.000Z,1797,0.004577417,49701.01891,15532.10846,34168.91045,0.705066,1.78707603,-6.68648195,-17.95549887,52.29718792,71.42845743,1281676.795,4577417.13,43:23.8,High Risk
39802,Sentio,ST,FALSE,56000000,1000000000,1000000000,2026-04-07T02:09:13.000Z,1798,0.022845566,379284.8276,341746.6736,37538.15401,-0.07866285,-1.73044449,-18.12961253,-59.67771559,-57.83475705,-87.09487737,1279351.673,22845565.6,43:23.8,High Risk
32832,Tron Bull,BULL,FALSE,950275472,1000000000,1000000000,2024-08-27T01:42:17.000Z,1799,0.001346029,0,0,0,0,0,-1.60783283,-17.52471295,-10.12080099,-0.87908634,1279098.1,1346028.74,43:23.8,Medium Risk
38081,Wells Fargo Tokenized Stock (Ondo),WFCon,FALSE,15051.13772,15051.13772, ,2025-09-03T10:54:57.000Z,1800,84.36659755,853955.4638,846595.73,7359.733779,0.05470414,-1.84156757,2.85055715,13.12085905,2.62020676,8.67861483,1269813.279,1269813.28,43:23.8,Medium Risk
24303,Metacade,MCADE,FALSE,1617132095,1978120584,1978120584,2023-04-07T15:29:04.000Z,1801,0.000785125,143675.7922,142916.5554,759.2367076,0.11285739,5.09917169,6.33463944,-31.62008367,-45.06501434,-68.01260425,1269650.643,1553071.69,43:23.8,High Risk
30097,Fluence,FLT,FALSE,288046637.7,1000000000,1000000000,2024-03-25T10:21:12.000Z,1802,0.004406732,87626.07286,87626.07286,0,-0.1658223,-0.99439771,-1.04559563,-27.06901412,-28.65458285,-42.16572161,1269344.365,4406732.1,43:23.8,High Risk
39312,Ondas Holdings Tokenized Stock (Ondo),ONDSon,FALSE,131551.6376,131551.6376, ,2026-01-08T15:44:37.000Z,1803,9.644346725,1565834.793,1533615.496,32219.29696,0.86493048,-3.00291591,-8.94652074,-9.19279557,-4.90606224,-17.05011187,1268729.606,1268729.61,43:23.8,Medium Risk
6950,Perpetual Protocol,PERP,FALSE,66002156.95,150000000, ,2020-09-08T00:00:00.000Z,1804,0.019194917,124761.9641,124761.9641,0,0.01309718,-0.14063322,-1.06368343,-24.83654841,-29.27110535,-43.1622268,1266905.893,2879237.48,43:23.8,High Risk
36135,The Ar.io Network,ARIO,FALSE,634758391.8,1000000000,1000000000,2025-03-26T09:23:32.000Z,1805,0.001991832,0,0,0,0,-5.36631922,5.29234751,-17.5633335,-45.14973084,-23.18911706,1264332.093,1991832.03,43:23.8,High Risk
38019,Costco Tokenized Stock (Ondo),COSTon,FALSE,1284.702701,1284.702701, ,2025-09-03T10:55:42.000Z,1806,981.9803431,4556586.85,4552533.246,4053.604573,-0.24566112,-0.25142798,1.53198469,-5.91775286,-0.49610462,-1.74397802,1261552.799,1261552.8,43:23.8,Low Risk
22858,Dynex,DNX,FALSE,107443528.3,107443528.3,110000000,2022-12-03T14:51:44.000Z,1807,0.011700757,54279.59154,54279.59154,0,1.09333492,0.01715095,-10.66291661,-22.29115503,-26.97338189,-54.77116992,1257170.611,1287083.27,43:23.8,High Risk
39224,BitMine Immersion Technologies Tokenized Stock (Ondo),BMNRon,FALSE,73203.84628,73203.84628, ,2026-01-08T15:44:10.000Z,1808,17.09678977,1436136.134,1250713.946,185422.1886,0.64176615,0.62462729,1.71051619,-12.81251758,-24.29202629,-26.86575818,1251550.77,1251550.77,43:23.8,Medium Risk
4424,XDAG,XDAG,FALSE,1281403840,1446294144,1446294144,2020-04-27T00:00:00.000Z,1809,0.000975393,255638.8308,255638.8308,0,0.32240043,5.3546253,-2.3083599,-16.09175609,-24.43927535,-45.85728701,1249872.025,1410704.83,43:23.8,Medium Risk
22929,Verse,VERSE,FALSE,49805904927,1.96443E+11,2.1E+11,2022-12-09T08:19:17.000Z,1810,2.49E-05,362.575857,0,362.575857,0.12550087,2.18928378,4.44679823,-13.93211115,-7.46514313,-4.05151768,1239034.998,5224226.92,43:23.8,Medium Risk
39465,一 (USD1_ONE),一,FALSE,1000000000,1000000000,1000000000,2026-01-28T12:03:21.000Z,1813,0.001236731,1613.685764,0,1613.685764,-0.01376879,0.02314639,-6.95856928,-6.97987877,-3.28660683,6.14046921,1236730.901,1236730.9,43:23.8,Medium Risk
37504,AllUnity EUR,EURAU,TRUE,1066593.33,1066593.33, ,2025-07-31T11:40:52.000Z,1811,1.160478494,1748435.305,1734448.759,13986.54606,0.05920302,-0.04157381,0.4070746,-0.18224707,-1.58273319,0.63632047,1237758.621,1237758.62,43:23.8,Low Risk
36819,catwifmask,MASK,FALSE,999771729,999771729,999771729,2025-06-12T15:45:24.000Z,1812,0.001233471,35182.1633,25600.21148,9581.951821,0.20444562,8.40272607,6.27603988,-36.19817303,-1.98333731,-39.55066337,1233189.005,1233189.01,43:23.8,High Risk
24106,Reality Metaverse,RMV,FALSE,249893123,1000000000, ,2023-04-12T09:29:32.000Z,1816,0.004917329,62142.63029,58215.12228,3927.508014,-0.27860152,-1.87561752,-2.67488932,9.92096344,-2.6481609,106.959402,1228806.768,4917329.27,43:23.8,Medium Risk
39357,PsyopAnime,PSYOPANIME,FALSE,999984906.1,999984906.1,999984906.1,2026-01-13T07:42:23.000Z,1815,0.001229785,2173251.312,2106214.803,67036.50833,-2.81745882,24.98518542,0.44208196,-43.75602506,-49.28183038,-76.77097925,1229766.841,1229766.84,43:23.8,High Risk
38006,Abbott Tokenized Stock (Ondo),ABTon,FALSE,13699.77546,13699.77546, ,2025-09-03T10:55:27.000Z,1815,89.73100113,1632527.985,1632430.622,97.36334176,0.10887018,0.43390798,-1.80059734,5.08040364,-7.48774326,-19.98789517,1229294.567,1229294.57,43:23.8,Low Risk
38044,Airbnb Tokenized Stock (Ondo),ABNBon,FALSE,8843.430147,8843.430147, ,2025-09-03T10:55:11.000Z,1817,138.5001517,826927.281,825904.9015,1022.379453,0.09466465,3.438451,3.367812,4.59220545,-0.05051332,4.63778206,1224816.417,1224816.42,43:23.8,Medium Risk
9176,RocketX exchange,RVF,FALSE,82643938.26,82643938.26,100000000,2021-04-13T00:00:00.000Z,1818,0.0147603,5428.259144,5428.259144,0,-0.3822306,4.19296205,1.96361235,-24.00588751,-51.98180653,-29.06527129,1219849.298,1476029.97,43:23.8,High Risk
39176,Hachiko Inu,HACHIKO,FALSE,934438852.7,945984257,1000000000,2025-12-25T07:27:21.000Z,1819,0.001302742,40348.5164,26057.62079,14290.89561,0.38766392,-6.88070497,-19.82912634,-45.19708101,-4.71856851,-42.5653385,1217332.993,1302742.27,43:23.8,High Risk
16500,ShibaDoge,SHIBDOGE,FALSE,1.25E+23,1.84E+23, ,2021-12-27T08:29:27.000Z,1820,9.73E-18,1767.199771,0,1767.199771,0.00478883,3.95796959,7.28187379,-15.89917067,-20.697099,-21.6548635,1212440.104,1792673.3,43:23.8,High Risk
22897,REGENT COIN,REGENT,FALSE,2877614.01,2899999.993,2900000,2022-12-06T23:41:19.000Z,1821,0.421216434,1019238.817,1013728.214,5510.603305,1.38041392,0.38639999,0.52603695,485.3567619,1761.661887,1662.397383,1212098.312,1221527.66,43:23.8,High Risk
26217,Financie Token,FNCT,FALSE,3768697618,20000000000,20000000000,2023-05-29T14:44:23.000Z,1822,0.000321326,22340.92901,22340.92901,0,-5.34236667,-10.02337825,-15.41527719,6.08376978,-10.99978618,-29.07080808,1210980.762,6426521.23,43:23.8,High Risk
39300,ProShares UltraPro Short QQQ Tokenized Stock (Ondo),SQQQon,FALSE,33309.39765,33309.39765, ,2026-01-08T15:44:29.000Z,1823,36.34448134,636018.1232,161492.0523,474526.0709,-0.63930031,-3.40470293,-10.56039951,-16.86674309,-38.1433869,-48.61279536,1210612.781,1210612.78,43:23.8,High Risk
29291,Pandora,PANDORA,FALSE,10000,10000,10000,2024-02-05T17:13:36.000Z,1824,120.5506974,0,0,0,0,-2.44926367,-3.59229082,-27.47996989,4.13617668,3.96735062,1205506.974,1205506.97,43:23.8,High Risk
13255,Defactor,REAL,FALSE,298147713.4,298147713.4,300000000,2021-10-26T07:08:16.000Z,1825,0.004041662,366.9292354,0,366.9292354,0.30367793,2.55263011,4.64827857,3.14011537,-3.56052033,-42.54356535,1205012.21,1212498.53,43:23.8,Medium Risk
27463,STUFF.io,STUFF,FALSE,3340305645,5820296510,10000000000,2023-11-08T03:51:05.000Z,1826,0.000358985,0,0,0,0,-2.91920993,12.43411947,-22.80224081,-28.35239449,-55.05166306,1199119.668,3589850.14,43:23.8,High Risk
33801,NikolAI,NIKO,FALSE,1000000000,1000000000,1000000000,2024-11-12T07:47:02.000Z,1827,0.00119512,789.3710733,789.3710733,0,0.01107304,-1.85294895,-11.16397353,-41.21010042,0.02951245,104.8977804,1195120.107,1195120.11,43:23.8,High Risk
1996,SALT,SALT,FALSE,119999995.2,120000000, ,2017-09-29T00:00:00.000Z,1828,0.009951023,0,0,0,0,0.56546201,-3.18355163,4.49006026,3.65674425,9.78395476,1194122.753,1194122.8,43:23.8,Low Risk
3703,ADAMANT Messenger,ADM,FALSE,110370831,111837463,200000000,2019-01-17T00:00:00.000Z,1829,0.010812056,129979.8269,129979.8269,0,0.1010726,-1.08870067,-0.70836738,-2.89675577,-1.92384841,-6.69741711,1193335.594,2162411.18,43:23.8,Low Risk
38507,Knockout Games,GG,FALSE,999999999,999999999,999999999,2025-09-25T16:16:33.000Z,1830,0.001188215,0,0,0,0,4.0850482,16.512738,4.83790638,-17.19934414,-37.61498582,1188214.794,1188214.79,43:23.8,High Risk
23262,Areum,AREA,FALSE,117860866,250000000,250000000,2023-01-18T02:11:27.000Z,1831,0.010033406,111.4050559,111.4050559,0,-0.01208112,-4.90328565,-2.5106837,-24.47877348,-20.31529586,-39.32326759,1182545.94,2508351.54,43:23.8,High Risk
11726,SideShift Token,XAI,FALSE,144299738,210000000,210000000,2021-09-07T13:44:54.000Z,1832,0.008188882,0,0,0,1.22590178,-88.72338198,-88.52485776,-90.56974009,-90.71610153,-90.88522685,1181653.563,1719665.27,43:23.8,High Risk
26863,PLAYA3ULL GAMES,3ULL,FALSE,14486663082,15591294989,50000000000,2023-06-09T10:51:36.000Z,1833,8.16E-05,108447.9174,108021.5825,426.3348836,1.61329125,4.13178799,5.25104248,-38.59721404,-18.51587696,-53.55344198,1181545.099,4078044.38,43:23.8,High Risk
39006,GaiAI,GAIX,FALSE,164166667,1000000000,1000000000,2025-11-27T07:06:43.000Z,1834,0.007194254,315083.295,1473.457395,313609.8376,-0.02352425,0.0183585,-0.11660216,454.6935026,-59.9771019,-74.26123627,1181056.758,7194254.35,43:23.8,High Risk
29633,ValleyDAO,GROW,FALSE,10625300,30050000,100000000,2024-03-04T14:04:46.000Z,1835,0.111051059,1047.295941,0,1047.295941,0.81600489,-2.69238572,4.67681913,-20.81685342,-16.06767983,10.14126809,1179950.815,11105105.88,43:23.8,High Risk
29513,Node AI,GPU,FALSE,98069335.54,100000000,100000000,2024-02-17T16:00:00.000Z,1836,0.011995023,65810.12861,65810.12861,0,-0.15304606,7.08308693,9.29896379,-17.55472569,-47.01572126,-63.5838603,1176343.912,1199502.28,43:23.8,High Risk
33464,MemeFi,MEMEFI,FALSE,10000000000,10000000000,10000000000,2024-11-22T18:05:59.000Z,1837,0.000117598,4365289.137,4365289.137,0,-0.77401116,-1.75331855,-4.04206811,-27.44057001,-18.30383351,-33.88879749,1175976.716,1175976.72,43:23.8,High Risk
9721,Samoyedcoin,SAMO,FALSE,3657134467,4746709584, ,2021-05-12T00:00:00.000Z,1838,0.000321547,71613.96928,68128.93927,3485.030008,-0.75820647,0.83867367,-4.54675774,-22.94366149,-24.56764145,-36.98751898,1175939.161,1526288.34,43:23.8,High Risk
22391,Magpie,MGP,FALSE,568342900,1000000000,1000000000,2022-10-25T15:57:21.000Z,1839,0.00205976,14056.90395,4723.341095,9333.562853,0.4136204,2.13125696,2.09294389,-2.7882172,-16.93980546,-25.50099198,1170649.725,2059759.57,43:23.8,Low Risk
39429,Immunefi,IMU,FALSE,873382046.4,10000000000,10000000000,2026-01-22T14:02:09.000Z,1840,0.001339772,1664988.623,1664878.74,109.8830456,0.03591387,-1.172111,-3.82775231,-42.41437886,-49.57077997,-57.41449102,1170133.053,13397722.77,43:23.8,High Risk
5957,DFI.Money,YFII,FALSE,38596,39375,39375,2020-07-29T00:00:00.000Z,1841,30.21119503,13496.77115,13496.77115,0,-2.97940432,4.5093039,19.54594206,-18.62866346,-16.27361984,-29.6655578,1166031.283,1189565.8,43:23.8,High Risk
26556,Equilibria Finance,EQB,FALSE,33822317.64,100000000,100000000,2023-06-02T07:35:54.000Z,1842,0.034440006,102.3357722,0,102.3357722,3.39692189,3.39692189,7.00119072,-27.37717218,-22.05188549,-31.61468113,1164840.829,3444000.62,43:23.8,High Risk
38011,D-Wave Quantum Tokenized Stock (Ondo),QBTSon,FALSE,43882.87376,43882.87376, ,2025-09-03T10:55:01.000Z,1843,26.4883769,1459631.416,1443023.791,16607.6246,-0.06488708,7.0260799,1.66571855,30.24736015,23.46670596,49.92348667,1162386.1,1162386.1,43:23.8,High Risk
38052,JD.com Tokenized Stock (Ondo),JDon,FALSE,39480.55763,39480.55763, ,2025-09-03T10:54:59.000Z,1844,29.50300689,892635.5754,892236.4801,399.0953228,0.06912894,-0.94076257,-0.99077381,-11.48758337,-9.18094006,2.40638493,1164795.164,1164795.16,43:23.8,Medium Risk
5070,Tap,XTP,FALSE,1231911016,10000000000, ,2019-12-24T00:00:00.000Z,1845,0.000942401,1124.994221,1078.059848,46.93437298,-0.73747222,3.63860767,0.32663475,41.97370033,57.04466967,57.06094383,1160954.518,9424012.8,43:23.8,High Risk
39568,X-PASS,XPASS,FALSE,171200000,1000000000,1000000000,2026-02-11T07:26:44.000Z,1846,0.006780242,47958.8158,23220.29889,24738.51691,0.46021372,13.50841107,35.64946774,50.53550141,128.6309137,-48.89855073,1160777.355,6780241.56,43:23.8,High Risk
2998,Vexanium,VEX,FALSE,733642279,1008772305,1008772305,2018-07-31T00:00:00.000Z,1847,0.001579962,79914.16701,79914.16701,0,-0.01208112,-0.05151939,9.93386926,3.14023741,-9.67477705,-8.82226667,1159126.679,1593821.57,43:23.8,Medium Risk
23365,XRP Healthcare,XRPH,FALSE,70708715.13,99943507.35,100000000,2023-01-31T17:50:56.000Z,1848,0.016427894,48752.02071,48752.02071,0,-0.15565191,3.54418918,-0.08103521,-7.15983613,5.04075132,-19.32843719,1161595.255,1642789.37,43:23.8,Medium Risk
2316,DeepBrain Chain,DBC,FALSE,5428952299,10000000000,10000000000,2017-12-28T00:00:00.000Z,1849,0.000212971,34257.90192,34257.90192,0,1.47883393,3.11828321,-27.12839645,-47.39525632,-55.74621958,-53.27128762,1156207.155,2129705.86,43:23.8,High Risk
39780,Rocket Lab Tokenized Stock (Ondo),RKLBon,FALSE,10478.15832,10478.15832, ,2026-03-24T02:56:15.000Z,1850,110.2928348,1113077.956,832450.4079,280627.5482,0.25236452,2.27331181,-6.75566177,-13.43347619,31.70364832,64.06579384,1155665.784,1155665.78,43:23.8,Medium Risk
29456,Dtec,DTEC,FALSE,173530965.7,338415647.5,450000000,2024-02-20T01:18:25.000Z,1851,0.006654158,234542.7299,234542.7299,0,0.03126451,0.02017517,2.3785657,-1.17061308,3.27462318,-5.35168845,1154702.407,2994370.95,43:23.8,Low Risk
30750,SolCex,SOLCEX,FALSE,780000000,1000000000,1000000000,2024-04-18T10:40:13.000Z,1852,0.001471327,10825.02574,0,10825.02574,0.8966395,-1.26851383,-2.96710373,-19.40754794,-24.53684419,-46.65922131,1147634.772,1471326.63,43:23.8,Medium Risk
9286,Doge Killer,LEASH,FALSE,3.06E+17,3.10E+17, ,2021-04-19T00:00:00.000Z,1853,3.74E-12,4221.070924,0,4221.070924,1.72964693,-9.06749864,-52.90106828,-96.67709455,-99.70162314,-99.9869656,1144787.893,1156887.32,43:23.8,High Risk
20789,Dejitaru Tsuka,TSUKA,FALSE,1000000000,1000000000, ,2022-06-28T05:46:26.000Z,1854,0.00114438,58874.7065,56422.93889,2451.767605,0.24919042,1.79791267,-1.88981477,-11.62835904,1.04703226,-5.50697535,1144379.727,1144379.73,43:23.8,Medium Risk
39294,Oklo Tokenized Stock (Ondo),OKLOon,FALSE,18911.98903,18911.98903, ,2026-01-08T15:44:19.000Z,1855,60.41559616,1382960.561,1351391.894,31568.66693,-0.35398925,-0.32820237,0.33227314,-3.68492354,-7.19845788,-1.21176532,1142579.091,1142579.09,43:23.8,Low Risk
38832,Lit Protocol,LITKEY,FALSE,220000000,1000000000,1000000000,2025-10-30T02:16:39.000Z,1856,0.005166471,103.9719561,0,103.9719561,0.00559962,0.88789787,-5.82792863,-11.54834861,-15.62976736,-38.97331232,1136623.674,5166471.24,43:23.8,Medium Risk
15137,Napoli Fan Token,NAP,FALSE,5783057,9995000,9995000,2021-11-24T17:25:40.000Z,1857,0.196352197,133453.7685,133453.7685,0,-0.00623553,0.00389258,1.24996837,-29.23943457,-38.58976878,-39.4663817,1135515.95,1962540.21,43:23.8,High Risk
4074,ScPrime,SCP,FALSE,48096113.85,54779725, ,2020-02-13T00:00:00.000Z,1858,0.023541347,2419.234404,2419.234404,0,-0.57123734,-5.92956033,-2.52336934,-14.16062832,28.60579954,55.15617093,1132247.29,1289588.5,43:23.8,Medium Risk
37682,xAI tokenized stock (PreStocks),XAI,FALSE,10934.91266,2078.991374, ,2025-08-11T02:53:56.000Z,1859,103.5291547,13470.5006,0,13470.5006,2.92988959,28.73488938,3.73144946,-3.2247861,0.87217547,5.01764481,1132082.265,215236.22,43:23.8,High Risk
3218,Energi,NRG,FALSE,102699559.3,102699559.3, ,2018-08-23T00:00:00.000Z,1860,0.011020815,103228.3691,103228.3691,0,0.18192744,-0.22809866,2.28186043,-13.75405879,-12.17841992,-16.7820931,1131832.886,1131832.89,43:23.8,Medium Risk
3816,Verasity,VRA,FALSE,93171912851,98228872198,2E+11,2019-04-03T00:00:00.000Z,1861,1.20E-05,259844.2283,189807.87,70036.35832,10.31629617,16.89577054,50.47157186,-33.29516568,-42.88585051,-39.80245642,1120881.334,2406049.85,43:23.8,High Risk
38054,Mastercard Tokenized Stock (Ondo),MAon,FALSE,2291.560828,2291.560828, ,2025-09-03T10:55:14.000Z,1861,491.4215996,1983538.146,1982078.642,1459.503449,-0.0024938,-0.27157459,0.49357219,-0.81296252,-5.57751843,-4.01970423,1126122.488,1126122.49,43:23.8,Low Risk
39316,Vertiv Tokenized Stock (Ondo),VRTon,FALSE,3587.9324,3587.9324, ,2026-01-08T15:44:27.000Z,1863,313.5682079,1845724.481,1798876.313,46848.16779,0.09893081,-1.94731273,3.80247433,-15.93629041,5.64593542,13.20352809,1125061.533,1125061.53,43:23.8,Medium Risk
35967,Bitcoin Silver AI,BSAI,FALSE,1401,1000000000,1000000000,2025-03-07T08:46:43.000Z,1864,801.8244672,124134.5422,124134.5422,0,-0.01020741,0.01548703,-0.00668394,14.23860474,50.34354144,297.2223675,1123356.079,8.01824E+11,43:23.8,Medium Risk
2665,Dero,DERO,FALSE,14312916,18400000,21000000,2018-04-23T00:00:00.000Z,1864,0.078380333,7237.833748,7237.833748,0,0.0096957,-1.99209724,-50.24778194,-59.26503587,-50.71613368,-56.87644737,1121851.122,1645986.99,43:23.8,High Risk
38107,AOL (America Online),AOL,FALSE,999124696,999124696,999663426,2025-08-18T09:36:25.000Z,1866,0.001117956,97029.35355,97029.35355,0,0.98078873,-1.15851048,8.93993107,12.7592874,-4.99223652,-16.66749995,1116977.279,1117579.55,43:23.8,Medium Risk
30859,Hoppy (hoppy.vip),HOPPY,FALSE,4.2069E+11,4.2069E+11,4.2069E+11,2024-04-23T14:16:46.000Z,1867,2.65E-06,141607.0289,135746.5493,5860.479525,0.88298772,0.96650875,-0.30066703,-25.00852414,-27.90580184,-39.89515518,1114573.29,1114573.29,43:23.8,High Risk
38538,PoP Planet,P,FALSE,140000000,1000000000,1000000000,2025-09-30T08:18:14.000Z,1868,0.007931234,80686.00981,80686.00981,0,-0.01070092,0.39837879,-0.9694235,-11.9563074,-19.08748154,-14.4588142,1110372.748,7931233.92,43:23.8,Medium Risk
39126,BeB,BEB1M,FALSE,999720801,999720801,999720801,2025-12-15T06:13:02.000Z,1870,0.001109459,4547.039258,2438.366559,2108.672699,0.87644471,2.07022632,-2.13562413,-15.15587888,-28.63777238,-29.64421732,1109149.506,1109149.51,43:23.8,Medium Risk
36390,New XAI gork,gork,FALSE,999993896.2,999993896.2,999993896.2,2025-05-01T11:20:19.000Z,1871,0.001106812,1715219.503,1715210.115,9.38761624,1.32738541,2.61164594,9.45454969,-25.97093146,-28.83716396,-32.76239432,1106804.851,1106804.85,43:23.8,High Risk
5159,Waves Enterprise,WEST,FALSE,225000000,400000000, ,2020-01-22T00:00:00.000Z,1872,0.004913941,655.8644005,655.8644005,0,-4.7948534,-6.84826065,-20.5204604,-17.37140692,36.93984513,110.0762745,1105636.796,1965576.53,43:23.8,High Risk
15270,Vita Inu,VINU,FALSE,8.94657E+14,8.94657E+14, ,2021-11-29T06:48:56.000Z,1869,1.24E-09,496573.1711,458058.2449,38514.9262,2.03898386,10.95928431,11.47328015,-27.45529181,-68.66798593,-70.58068813,1111491.707,1111491.71,43:23.8,High Risk
38762,1 coin can change your life,1,FALSE,999841476.5,999841476.5,1000000000,2025-10-22T08:24:08.000Z,1873,0.001104063,96389.45054,61073.86959,35315.58096,0.37027965,-1.95187726,13.70567132,-32.06150539,-14.61256716,-38.4802678,1103887.926,1104062.95,43:23.8,High Risk
38840,Luxxcoin,LUX,FALSE,2289278193,1E+11, ,2025-10-30T06:56:56.000Z,1874,0.000481781,1120451.268,1100533.913,19917.35497,0.60340247,5.52226087,16.00792801,-57.38609009,-65.13921613,-42.82523526,1102930.19,48178076.1,43:23.8,High Risk
36632,Cryptocurrency Coin,CRYPTO,FALSE,999977313.2,999977313.2,999977313.2,2025-05-28T08:01:10.000Z,1875,0.001101066,15936.16624,0,15936.16624,0.37549554,9.82405909,32.11158431,-10.21529344,-34.7586073,-16.18847898,1101041.383,1101041.38,43:23.8,High Risk
20497,WAGMI Games,WAGMIGAMES,FALSE,2.2E+12,2.2E+12,2.2E+12,2022-06-07T16:23:51.000Z,1876,4.99E-07,279.3169668,279.3169668,0,0.00119747,9.37962724,20.76115469,-2.20463302,-58.79789417,-64.18913362,1097088.177,1097088.18,43:23.8,High Risk
36605,Pepes Dog,ZEUS,FALSE,4.2069E+14,4.2069E+14,4.2069E+14,2025-05-26T12:39:03.000Z,1877,2.60E-09,25110.6554,25101.20276,9.45263813,1.41399557,5.41420219,-4.31735926,-38.32201677,-0.16082027,-41.45773043,1094386.547,1094386.55,43:23.8,High Risk
35621,Sogni AI,SOGNI,FALSE,1212236918,9999645525,10000000000,2025-02-06T01:39:31.000Z,1878,0.000898311,184468.5874,92678.18335,91790.40401,0.11493809,0.77996358,-1.76576871,-14.71029708,-19.21117491,-37.0319587,1088965.557,8983108.34,43:23.8,Medium Risk
30751,OpenGPU,OGPU,FALSE,19639104.82,21000000,21000000,2024-04-18T10:50:54.000Z,1879,0.055400621,126934.6178,123172.5661,3762.051705,0.25340182,-0.75553525,-11.54790337,-6.0068787,-31.56683903,-37.48503104,1088018.594,1163413.03,43:23.8,Medium Risk
16305,Izumi Finance,IZI,FALSE,787400000,2000000000,2000000000,2021-12-21T01:43:27.000Z,1880,0.001378762,10910.09468,10910.09468,0,0.00257365,0.77481451,0.76321399,-1.76130396,-60.86861017,-65.59344307,1085637.415,2757524.55,43:23.8,Low Risk
8525,Rai Reflex Index,RAI,FALSE,545567.2547,545567.2547, ,2021-02-19T00:00:00.000Z,1881,1.984338182,483.2278484,279.5843933,203.6434552,0.76911296,2.76662796,2.47392491,-36.23722936,-41.34623765,-40.61182137,1082589.934,1082589.93,43:23.8,High Risk
10821,Starlink,STARL,FALSE,9.97917E+12,1E+13,1E+13,2021-07-10T00:00:00.000Z,1882,1.08E-07,0,0,0,0,2.83896642,5.15846309,-17.69343321,-34.18299387,-37.93746353,1081930.265,1084188.41,43:23.8,High Risk
8669,Sovryn,SOV,FALSE,59786637.5,100000000,100000000,2021-03-03T00:00:00.000Z,1883,0.018050072,539.1883542,0,539.1883542,0.71596116,3.54898673,6.64863718,-19.21847222,-15.49025624,-53.66079688,1079153.114,1805007.2,43:23.8,High Risk
8620,TOWER,TOWER,FALSE,6078063392,10000000000, ,2021-03-01T00:00:00.000Z,1884,0.0001773,295914.3419,290529.8477,5384.494136,0.0129569,0.78789548,3.0469819,-17.10019464,-30.83124689,-39.40139402,1077638.488,1772996.46,43:23.8,Medium Risk
38023,Salesforce Tokenized Stock (Ondo),CRMon,FALSE,6462.757461,6462.757461, ,2025-09-03T10:55:25.000Z,1885,166.6278987,1236824.37,1179668.222,57156.14846,-0.08003819,-2.29833613,-8.39616881,-6.1562617,-9.28292596,-14.96114382,1076875.696,1076875.7,43:23.8,Medium Risk
7664,UNCX Network,UNCX,FALSE,46642.34615,47650,50000,2020-11-13T00:00:00.000Z,1886,23.0224797,74.52921926,74.52921926,0,0.00391272,12.02442732,6.65883899,-26.84113009,-36.94405276,-41.68108383,1073822.467,1151123.98,43:23.8,High Risk
8255,Prosper,PROS,FALSE,51394815,100000000, ,2021-01-13T00:00:00.000Z,1887,0.02071449,47252.53056,47252.53056,0,0.18675399,2.52242212,0.70298979,1.25245604,3.0955804,-6.51663054,1064617.371,2071448.98,43:23.8,Low Risk
38618,noice,NOICE,FALSE,71481664871,1E+11,1E+11,2025-10-08T08:07:38.000Z,1888,1.48E-05,185196.1273,168731.6865,16464.4408,0.86026265,-0.59828018,6.29053738,-32.79586423,-58.25826215,-69.31349776,1055482.037,1476577.3,43:23.8,High Risk
10188,Automata Network,ATA,FALSE,971292028.3,1000000000, ,2021-06-01T00:00:00.000Z,1889,0.001086349,610968.5915,609811.5569,1157.034635,0.04350841,0.78838318,44.95653168,-81.309905,-89.42681774,-90.51366153,1055162.208,1086349.09,43:23.8,High Risk
15142,Katana Inu,KATA,FALSE,37298973925,50000000000,50000000000,2021-11-25T02:45:24.000Z,1890,2.81E-05,16855.73701,16855.73701,0,0.28733183,2.49884455,15.93685825,-25.11376001,-33.06081341,-36.28706866,1049075.853,1406306.58,43:23.8,High Risk
28363,Shrapnel,SHRAP,FALSE,2898502956,3000000000,3000000000,2023-11-08T11:09:47.000Z,1891,0.000361587,242.6581802,0,242.6581802,0.40097079,-0.50529439,0.85874951,-27.05692807,-36.99543552,-65.58968584,1048059.657,1084759.62,43:23.8,High Risk
38024,Adobe Tokenized Stock (Ondo),ADBEon,FALSE,5031.190745,5031.190745, ,2025-09-03T10:55:07.000Z,1892,206.7780505,2290934.589,2276647.013,14287.57614,-0.04525245,-1.26724108,-15.90015954,-16.07220017,-17.43206617,-19.52210984,1040339.814,1040339.81,43:23.8,High Risk
26732,IDRX,IDRX,FALSE,18534124233,18534124233, ,2023-06-07T06:38:29.000Z,1893,5.62E-05,298.115652,0,298.115652,0.00483413,-0.31864854,2.0946644,-1.89300761,-3.33144787,-4.28839772,1041678.417,1041678.42,43:23.8,Low Risk
36696,Pepe Unchained (New),PEPU,FALSE,10556824510,15349999900,16000000000,2024-12-06T09:45:24.000Z,1894,9.86E-05,532982.974,528767.4451,4215.528899,0.13102924,1.41907468,-9.1888923,-31.75520948,-31.71472505,-41.21100011,1040652.478,1577220.46,43:23.8,High Risk
25252,QCAD,QCAD,FALSE,1451000,1451000, ,2026-04-20T19:45:35.000Z,1895,0.7134,61238.65144,61238.65144,0,-0.34921078,-0.4048583,-0.48821314,-1.95162177,-2.78004906,-2.78004906,1035143.4,1035143.4,43:23.8,Low Risk
22320,HELLO Labs,HELLO,FALSE,731580754,1000000000,1000000000,2022-10-20T13:00:42.000Z,1896,0.001414741,103857.645,103857.645,0,0.00295232,1.80402344,-27.51147224,-57.35689181,-18.45461545,-35.99873867,1034997.504,1414741.3,43:23.8,High Risk
39790,Franklin US Large Cap Multifactor Index Tokenized ETF (Ondo),FLQLon,FALSE,13094.2281,13094.2281, ,2026-03-24T02:56:01.000Z,1897,78.66079861,711046.0612,711046.0612,0,0.06953731,1.41606831,2.40287848,2.30434634,7.58250032,15.33745737,1030002.44,1030002.44,43:23.8,Low Risk
24698,HyperCycle,HYPC,FALSE,155122742,2147483648,2147483648,2023-05-08T18:26:48.000Z,1898,0.006620887,0,0,0,0,3.18444371,3.08464504,-25.28360758,36.241723,-18.7879858,1027050.081,14218245.68,43:23.8,High Risk
39740,Franklin Income Equity Focus Tokenized ETF (Ondo),INCEon,FALSE,14938.44689,14938.44689, ,2026-03-24T02:56:07.000Z,1899,68.40768065,0,0,0,0,0,-0.01599353,1.69511886,4.1545429,5.40137501,1021904.504,1021904.5,43:23.8,Low Risk
2090,LATOKEN,LA,FALSE,380105462,400000000,1000000000,2017-10-25T00:00:00.000Z,1900,0.00268809,0,0,0,0,0.01026702,-26.32524031,-11.82091761,-30.37520082,-57.40174919,1021757.825,2688090.35,43:23.8,High Risk
38032,Netflix Tokenized Stock (Ondo),NFLXon,FALSE,1249.657346,1249.657346, ,2025-09-03T10:55:23.000Z,1901,814.8013539,2614337.934,2607177.56,7160.373872,-0.18452631,1.16493791,-1.10059839,-5.98722383,-16.34140192,-14.40402177,1018222.497,1018222.5,43:23.8,Low Risk
35945,Pwease,PWEASE,FALSE,999923144.3,999923144.3,1000000000,2025-03-05T03:02:48.000Z,1902,0.001015566,92281.0972,72046.26899,20234.82821,1.06352524,-2.35779381,-0.0376149,-33.3102716,-17.93704155,-5.54974217,1015488.099,1015566.15,43:23.8,High Risk
12515,Gracy,GRACY,FALSE,190000000,300000000,300000000,2021-10-08T09:55:36.000Z,1903,0.005339493,79983.51223,79983.51223,0,-1.17047202,-0.4886516,1.30280973,-27.29163692,-27.87655889,-22.0575467,1014503.691,1601847.93,43:23.8,High Risk
38010,PayPal Tokenized Stock (Ondo),PYPLon,FALSE,23640.52777,23640.52777, ,2025-09-03T10:55:35.000Z,1904,42.88400086,791222.7786,780462.186,10760.59263,0.05983028,1.65888179,3.88518704,-3.32436364,-14.24317139,-8.65395095,1013800.413,1013800.41,43:23.8,Low Risk
34378,Shiro Neko,SHIRO,FALSE,6.60359E+14,7.67761E+14,1E+15,2024-12-03T10:38:32.000Z,1905,1.53E-09,199369.1171,145938.4735,53430.64353,-1.06078605,10.1123759,0.20396459,-21.73590091,24.56364188,57.66655208,1011180.392,1531257.73,43:23.8,High Risk
27276,Pepe 2.0 (pepe20.vip),PEPE2.0,FALSE,4.69E+14,4.69E+14,4.69E+14,2023-06-28T04:14:21.000Z,1906,2.16E-09,410473.9222,410473.9222,0,0.93067169,11.12685708,12.71579713,-23.27622868,0.73703862,-28.48774212,1012333.08,1012333.08,43:23.8,High Risk
36397,Matchain,MAT,FALSE,16292061.31,53548548.47,100000000,2025-05-02T02:45:39.000Z,1907,0.062047413,907059.4088,860923.7662,46135.64269,0.39046868,2.79270558,-12.32126377,-21.71662903,43.0531046,83.35126742,1010880.256,6204741.29,43:23.8,High Risk
8992,Cellframe,CELL,FALSE,28599167.9,37735000, ,2021-03-29T00:00:00.000Z,1908,0.035268133,377346.7205,365512.7198,11834.00068,0.4593,0.47001944,-3.34089803,-19.19910845,-33.05550062,-41.33644143,1008639.266,1330843.01,43:23.8,Medium Risk
31510,Mother Iggy,MOTHER,FALSE,986143154.3,986143154.3, ,2024-05-29T09:13:15.000Z,1910,0.001020191,76608.65461,76608.65461,0,0.86255651,4.7187899,13.65224158,-13.59142716,9.90025835,-1.47254043,1006054.432,1006054.43,43:23.8,High Risk
37473,GAIA,GAIA,FALSE,170000000,1000000000,1000000000,2025-07-23T07:52:39.000Z,1911,0.005917737,922202.7945,922202.7945,0,0.0268091,2.36063538,-5.89326118,-23.49213531,-48.95255282,-57.89295274,1006015.326,5917737.21,43:23.8,High Risk
32943,Ethervista,VISTA,FALSE,939212.8875,939212.8875,1000000,2024-09-05T11:33:11.000Z,1912,1.069782836,67947.057,67947.057,0,-0.41999602,-5.08746062,13.18259405,-15.38650149,13.62059047,-43.86802544,1004753.826,1069782.84,43:23.8,High Risk
19778,Step App,FITFI,FALSE,4570000000,4600000000, ,2022-04-26T07:24:11.000Z,1909,0.000221579,2037000.697,2036866.537,134.1601089,-9.34112458,-16.19146836,-33.2892399,-59.43088178,-63.35024374,-56.80958056,1012617.592,1019264.97,43:23.8,High Risk
35082,W Coin,WCO,FALSE,6516031311,9999981411,10000000000,2025-01-23T09:40:26.000Z,1913,0.000154087,78941.66709,78941.66709,0,0.00686028,-3.15342837,-4.50114287,-17.28937825,-28.19104546,-22.46370309,1004034.601,1540868.29,43:23.8,Medium Risk
3826,TOP AI Network,TOP,FALSE,14400583004,20000000000, ,2019-03-28T00:00:00.000Z,1915,6.97E-05,234173.8113,234173.8113,0,0.00279855,0.13760469,-0.01096867,-0.02580487,-0.0718809,-0.35959404,1003102.61,1393141.67,43:23.8,Low Risk
8479,VAIOT,VAI,FALSE,396600000,400000000,400000000,2021-04-20T00:00:00.000Z,1914,0.002531092,34339.97916,31454.69673,2885.282427,0.5264679,4.87314544,-21.52443082,-48.22484468,-50.42801945,-60.36870188,1003831.222,1012436.94,43:23.8,High Risk
9111,Push Protocol,PUSH,FALSE,90236482,100000000,100000000,2021-04-13T00:00:00.000Z,1917,0.011023381,427219.3927,426285.3637,934.0290421,0.16496307,1.49094116,3.54763184,-7.22276616,-6.14506336,-8.654193,994711.0887,1102338.06,43:23.8,Medium Risk
38008,Chipotle Tokenized Stock (Ondo),CMGon,FALSE,30544.85979,30544.85979, ,2025-09-03T10:55:20.000Z,1916,32.5883399,843927.4223,843838.3107,89.11158624,0.00911107,0.48561603,11.40906441,-0.14544037,-7.41619704,-5.57624799,995406.2731,995406.27,43:23.8,Medium Risk
39597,Monkey Cult,MOLT,FALSE,999999937,999999937,999999937,2026-02-21T02:44:12.000Z,1923,0.000979576,227773.7431,26601.95167,201171.7915,1.17077936,1.02903456,28.98765998,17.72390847,-34.26917389,-73.98985928,979576.245,979576.25,43:23.8,High Risk
35804,Wall Street Pepe,WEPE,FALSE,2E+11,2E+11,2E+11,2025-02-18T13:35:16.000Z,1918,4.90E-06,210039.5008,209804.5449,234.9558863,0.52168839,3.74901749,-4.346714,-21.49507284,-27.511575,-37.20651674,980028.1287,980028.13,43:23.8,High Risk
17334,JMPT Rewards,JMPT,FALSE,1893990,42849990, ,2022-01-15T10:09:12.000Z,1920,0.520943695,7192.510606,0,7192.510606,0.31905197,-0.77493187,-8.37342007,-13.14891155,-20.35880963,-24.78675187,986662.1492,22322432.13,43:23.8,Medium Risk
38064,Accenture Tokenized Stock (Ondo),ACNon,FALSE,5823.836565,5823.836565, ,2025-09-03T10:55:13.000Z,1920,169.2702922,2348817.076,2330433.547,18383.52962,0.11527175,-3.13218415,-4.68950715,-1.17974298,-14.21571726,-16.18780581,985802.5169,985802.52,43:23.8,Low Risk
39799,LOL (lolonsol),LOL,FALSE,992241837,991271488,1000000000,2026-03-23T12:26:21.000Z,1921,0.000992029,494437.9159,446556.9691,47880.94683,1.00019089,-1.97867658,-18.30272494,-49.22570004,-67.28412217,2302.655912,984332.9758,992029.3,43:23.8,High Risk
38550,Pipe Network,PIPE,FALSE,100000000,1000000000,1000000000,2025-10-02T07:50:47.000Z,1923,0.009821938,94822.65067,89439.02369,5383.626987,0.62680207,-9.69392979,1.9613941,-44.77912956,-46.79216658,-60.7370905,982193.8044,9821938.04,43:23.8,High Risk
32516,Neuron,NRN,FALSE,367829457.7,1000000000,1000000000,2024-08-01T13:29:06.000Z,1924,0.002658463,1623.979313,1256.220327,367.7589851,-0.11489538,0.19659428,-3.67094833,-25.94777727,-20.88444229,-33.78123058,977861.0785,2658463.2,43:23.8,High Risk
38090,Futu Holdings Tokenized Stock (Ondo),FUTUon,FALSE,9660.318864,9660.318864, ,2025-09-03T10:55:31.000Z,1925,101.0159872,891030.4093,887004.294,4026.11532,0.17444457,-0.14680948,10.37724236,-26.42412352,-38.93362427,-32.90826982,975846.647,975846.65,43:23.8,High Risk
29445,zKML,ZKML,FALSE,96501263.93,100000000,100000000,2024-02-19T08:02:45.000Z,1926,0.010037484,0,0,0,0,6.88422936,11.34679335,-32.84030922,-41.61192161,-62.57831834,968629.8701,1003748.38,43:23.8,High Risk
13571,All.Art Protocol,AART,FALSE,4302364630,4999751241, ,2021-12-28T10:44:58.000Z,1927,0.000223854,1180.69161,758.727735,421.9638746,2.70244552,0.2413999,-5.70542943,11.30077965,4.87159376,12.66238588,963103.209,1119216.26,43:23.8,Medium Risk
12252,Bomb Crypto (BNB),BCOIN,FALSE,79001713,99064205.33,100000000,2021-10-01T15:13:22.000Z,1928,0.012164381,6083.66131,0,6083.66131,0.22969422,2.11521773,33.12584225,112.5730605,164.4023887,159.7034418,961006.9204,1216438.08,43:23.8,High Risk
39525,Echelon (EchelonMarket),ELON,FALSE,13500000,100000000,100000000,2026-02-02T05:16:16.000Z,1929,0.07118101,141904.827,141904.827,0,0.29923965,2.84588822,-6.59194135,-81.04780924,-7.30432757,-51.70694534,960943.6348,7118101,43:23.8,High Risk
6193,Cream Finance,CREAM,FALSE,1855659,2924546, ,2020-08-04T00:00:00.000Z,1930,0.517314225,420.3487643,0,420.3487643,0.13366937,-1.9272378,8.44616062,-22.26148601,-24.42771583,-31.54494649,959958.7977,1512909.25,43:23.8,High Risk
32933,Zyfai,ZFI,FALSE,185939948.7,500000000,500000000,2024-09-04T10:33:25.000Z,1931,0.005162378,2471.757181,0,2471.757181,-3.05433163,0.8317443,-0.00576051,-32.11418024,-37.28829359,-42.95882045,959892.2763,2581188.93,43:23.8,High Risk
39775,IonQ Tokenized Stock (Ondo),IONQon,FALSE,15630.58237,15630.58237, ,2026-03-24T02:56:17.000Z,1932,61.35075227,853092.9223,800319.8056,52773.11673,-0.14609128,-0.64938713,-4.53120556,14.73359652,39.79700839,88.25094544,958947.9868,958947.99,43:23.8,Medium Risk
32137,Roaring Kitty,ROAR,FALSE,1000000000,1000000000,1000000000,2024-07-08T08:40:48.000Z,1933,0.000955381,213999.6579,202441.1607,11558.49719,1.4285472,40.83107195,90.02609035,-14.90518867,-38.13141789,-48.76484692,955380.7454,955380.75,43:23.8,High Risk
23794,Optimus AI,OPTI,FALSE,95034939,100000000, ,2023-03-07T09:33:21.000Z,1934,0.010042743,32901.58961,32901.58961,0,-1.437583,30.80456652,67.77547202,19.98140429,77.60823121,56.5813874,954411.4364,1004274.27,43:23.8,High Risk
29203,BLOCKLORDS,LRDS,FALSE,41265074,100000000,100000000,2024-07-24T12:54:41.000Z,1936,0.022922927,81212.83252,68493.87867,12718.95385,0.1884513,6.84842272,11.72121324,-14.56457895,-5.89565181,-28.56571544,945916.2806,2292292.7,43:23.8,High Risk
9029,Graphlinq Chain,GLQ,FALSE,339999895,650000000, ,2021-03-31T00:00:00.000Z,1935,0.002785683,108657.4016,102029.8228,6627.578848,0.23897823,2.72760246,-7.71173108,-33.87337034,-39.34680951,-45.82406114,947131.9474,1810693.99,43:23.8,High Risk
34872,just buy $1 worth of this coin,$1,FALSE,999654505.8,999654505.8,999898368.4,2024-12-26T07:19:50.000Z,1937,0.000945694,382269.3725,346427.9723,35841.40015,1.39575849,-3.01845891,7.68888909,-2.65888228,13.414451,-2.88502089,945367.3615,945597.98,43:23.8,Medium Risk
38681,修仙,修仙,FALSE,1000000000,1000000000,1000000000,2025-10-13T15:49:00.000Z,1939,0.000941959,488087.1982,402746.0431,85341.15514,1.84378967,0.70600184,-13.86775315,58.51287829,63.73056783,94.87405229,941958.836,941958.84,43:23.8,High Risk
38088,iBoxx $ High Yield Corporate Bond Tokenized ETF (Ondo),HYGon,FALSE,11314.54434,11314.54434, ,2025-09-03T10:54:58.000Z,1938,83.2988301,15.97176549,0,15.97176549,-0.01695742,0.08912705,0.65497201,0.7287126,-0.09642235,1.05141571,942488.3068,942488.31,43:23.8,Low Risk
26032,Moon Tropica,CAH,FALSE,2992500,3500000,3500000,2023-05-26T12:00:35.000Z,1940,0.314357444,951.2246591,0,951.2246591,-1.21870777,7.13327264,-2.376102,-14.51124114,-1.23018094,-53.43107245,940714.651,1100251.05,43:23.8,High Risk
38181,Scamcoin,SCAM,FALSE,999955056,999955056,1000000000,2025-08-25T07:28:48.000Z,1941,0.000937332,29906.77113,29453.34506,453.426071,0.64594449,5.51956728,23.39915997,-6.33020909,89.33427491,20.78392133,937290.1732,937332.3,43:23.8,High Risk
35687,Stool Prisondente,JAILSTOOL,FALSE,999676375.1,999676375.1, ,2025-02-10T13:43:36.000Z,1942,0.000936571,725148.0298,722969.8831,2178.146667,1.82297821,4.78477819,10.93499919,-7.25354087,-13.0469897,-22.39168911,936267.8859,936267.89,43:23.8,Medium Risk
31854,Aerobud,AEROBUD,FALSE,970000000,1000000000,1000000000,2024-06-17T08:44:33.000Z,1943,0.000963149,21465.8631,16545.68241,4920.180685,0.96791727,4.53026468,8.62701356,-29.38927613,-9.96050029,-19.55655909,934254.346,963148.81,43:23.8,High Risk
7281,Persistence One,XPRT,FALSE,213368953.4,213371711, ,2020-10-03T00:00:00.000Z,1948,0.004357403,151237.5551,146766.3728,4471.182318,0.09158736,20.51285689,6.91513795,-20.82839907,-11.96317541,-27.73253231,929734.4359,929746.45,43:23.8,High Risk
2387,Bitcoin Atom,BCA,FALSE,18418931.25,21000000,21000000,2018-01-12T00:00:00.000Z,1944,0.050709312,0,0,0,0.84908075,-35.84782255,-28.26392733,14.25172718,67.34576549,55.73450816,934011.3368,1064895.56,43:23.8,High Risk
38077,American Express Tokenized Stock (Ondo),AXPon,FALSE,2753.209657,2753.209657, ,2025-09-03T10:55:23.000Z,1945,338.4752107,891866.2061,889178.9466,2687.259542,0.08214705,2.98633395,7.79035939,7.94030974,3.18569995,11.27285529,931893.219,931893.22,43:23.8,Medium Risk
2572,BABB,BAX,FALSE,83359463255,1E+11,1E+11,2018-03-09T00:00:00.000Z,1946,1.12E-05,10274.91113,10274.91113,0,-0.11163405,0.19651516,24.13199595,18.17091437,-24.3695565,-34.23640005,932496.633,1118645.2,43:23.8,High Risk
36053,KiloEx,KILO,FALSE,211700000,1000000000,1000000000,2025-03-18T02:33:19.000Z,1947,0.004400534,148010.9012,139171.0251,8839.876125,0.15086967,-0.46382629,-4.4832556,-27.24567003,-29.08977414,-35.44576217,931592.9629,4400533.6,43:23.8,High Risk
23404,PAW,PAW,FALSE,9.47959E+14,1E+15,1E+15,2023-02-05T17:44:34.000Z,1949,9.79E-10,6.19821613,6.19821613,0,-0.01073141,0.0169364,-0.00819864,177.3721771,165.9227346,-79.01993778,928401.7648,979369.6,43:23.8,High Risk
22074,ALEX Lab,ALEX,FALSE,606489877.3,606489877.3,1000000000,2022-10-05T18:46:29.000Z,1950,0.001526433,168383.712,168383.712,0,0.59446303,-8.83203602,16.79890874,22.4042784,116.5822237,114.603272,925766.2776,1526433.19,43:23.8,High Risk
39466,安,安,FALSE,1000000000,1000000000,1000000000,2026-01-28T13:08:15.000Z,1951,0.000925323,21.20753449,0,21.20753449,0.42648342,-0.02902731,-20.47728569,-31.65553424,-31.48136857,-28.55817131,925322.8531,925322.85,43:23.8,High Risk
2608,Mithril,MITH,FALSE,1000000000,1000000000, ,2018-03-24T00:00:00.000Z,1952,0.000924782,0,0,0,0,0,0,5259.136066,5259.136066,232.1957683,924781.7744,924781.77,43:23.8,High Risk
24686,Helium IOT,IOT,FALSE,20254000000,31856000000, ,2023-04-24T06:47:38.000Z,1953,4.56E-05,453.7266122,0,453.7266122,0.74523225,-0.06382729,-25.02051774,-64.21345972,-71.46343808,-76.50414481,923297.2054,1452185.04,43:23.8,High Risk
27789,BASE,BASE,FALSE,9.29459E+11,9.61763E+11,9.61763E+11,2023-08-08T14:18:20.000Z,1954,9.84E-07,2877.971841,0,2877.971841,0.10912207,5.86789175,7.06470889,-9.74188941,-20.79968941,-24.57964862,914565.3329,946351.7,43:23.8,Medium Risk
31343,Brett (ETH),BRETT,FALSE,69420000,69420000,69420000,2024-05-22T04:31:28.000Z,1955,0.013169023,102858.9518,102858.9518,0,1.6521089,6.14378632,6.52536014,-1.84064205,9.36015434,-53.68279625,914193.5702,914193.57,43:23.8,Medium Risk
36278,Obol,OBOL,FALSE,298770000,500000000,500000000,2025-05-07T03:22:55.000Z,1956,0.003059034,2917128.336,2893948.145,23180.19133,-1.97076962,-9.92137247,-21.60921217,-67.09008818,-74.22255878,-82.47803991,913947.5831,1529516.99,43:23.8,High Risk
15678,Voxies,VOXEL,FALSE,254486480.7,300000000,300000000,2021-12-14T12:02:47.000Z,1957,0.003582982,89776.68943,89776.68943,0,-1.15711497,-9.16758448,-19.73846892,-44.91743327,-48.69791932,-56.46038764,911820.5061,1074894.63,43:23.8,High Risk
22443,Italian National Football Team Fan Token,ITA,FALSE,12702057.12,29985000,30000000,2022-10-28T07:53:39.000Z,1958,0.071807931,17652.87433,17652.87433,0,-0.25848267,-3.08103172,-6.14589829,-28.74004019,-34.27307406,-81.40149498,912108.4377,2154237.92,43:23.8,High Risk
30683,WUFFI,WUF,FALSE,8.25546E+13,8.25546E+13,1E+14,2024-04-16T08:13:22.000Z,1959,1.10E-08,150.200362,0,150.200362,0.74871003,3.79817439,10.34492036,-13.5916509,-12.25643115,-12.28182597,908511.986,1100498.96,43:23.8,High Risk
26497,Clore.ai,CLORE,FALSE,635715821,635715821.3,1300000000,2023-05-31T10:43:56.000Z,1960,0.001427389,1514966.727,1513311.788,1654.938866,0.00688677,0.02690996,-0.28450723,-33.46896815,-15.42797596,-47.40365472,907413.7166,1855605.59,43:23.8,High Risk
32386,hehe,HEHE,FALSE,840606180,840606180,1000000000,2024-07-25T05:12:24.000Z,1961,0.001078338,85608.84859,78700.76088,6908.087706,1.51558442,1.47725137,9.86915041,-0.89733716,15.06369392,-6.79766483,906457.6407,1078338.06,43:23.8,Medium Risk
6591,Sportbet.one Token,SBET,FALSE,126120568,500000000,1000000000,2020-08-14T00:00:00.000Z,1962,0.007185607,73634.49655,73634.49655,0,0.58003807,0.21168437,0.65704633,4.56818866,3.10837264,10.80731541,906252.8992,7185607.5,43:23.8,Low Risk
7726,ICHI,ICHI,FALSE,9379472.53,10000000, ,2020-11-19T00:00:00.000Z,1963,0.096060665,43.90843744,0,43.90843744,0.02452837,2.36586955,4.78191582,-20.28908182,-15.82545039,-17.14867293,900998.3695,960606.65,43:23.8,High Risk
38080,Disney Tokenized Stock (Ondo),DISon,FALSE,8769.774883,8769.774883, ,2025-09-03T10:55:06.000Z,1964,102.6401209,701237.4482,701187.1617,50.28648981,0.15519132,2.15035595,2.72808425,-0.4577009,-1.05598343,1.62813219,900130.7542,900130.75,43:23.8,Low Risk
37556,Trading and Payment Token,TPTU,FALSE,15000000,15000000,15000000,2025-07-30T07:06:12.000Z,1965,0.05969139,162912.8919,162912.8919,0,-0.07558194,-0.01773257,-1.70235495,-1.44184166,-1.4523966,-15.8396296,895370.8507,895370.85,43:23.8,Low Risk
39059,Banxchange,BXE,FALSE,300819999,490000000,500000000,2025-12-05T07:38:41.000Z,1966,0.002975552,56766.27717,56766.27717,0,-1.87439201,-0.91451785,-18.99086108,-64.80290439,-77.28477629,-78.08555468,895105.6722,1487776.2,43:23.8,High Risk
35829,Truth,TRUU,FALSE,12148792291,1E+11,1E+11,2025-02-19T21:54:45.000Z,1967,7.34E-05,125110.3226,125110.3226,0,-0.21390901,2.8637743,1.42431213,-26.8481901,-21.38174452,37.32858998,891758.8703,7340308.81,43:23.8,High Risk
18345,QORPO WORLD,QORPO,FALSE,624043341.8,750000000,750000000,2022-02-24T08:10:29.000Z,1968,0.001428367,52003.44827,52003.44827,0,0.33823806,-9.8701132,16.02655581,-27.39687442,-17.12098316,-48.09956101,891363.0871,1071275.46,43:23.8,High Risk
38637,币安Holder,BNBHOLDER,FALSE,1000000000,1000000000,1000000000,2025-10-09T12:59:20.000Z,1969,0.000892892,477694.4543,464445.7616,13248.69272,0.56283476,3.29456839,-2.77257596,-25.22185204,-8.25454119,48.66827913,892891.5146,892891.51,43:23.8,High Risk
3035,Blocksquare Token,BST,FALSE,61474323.88,63637996.58,100000000,2018-07-31T00:00:00.000Z,1970,0.014463105,91392.6837,91392.6837,0,-0.31773825,3.7189878,3.05762913,-9.26562594,-14.47844576,-22.73068464,889109.5957,1446310.49,43:23.8,Medium Risk
38074,S&P Global Tokenized Stock (Ondo),SPGIon,FALSE,2078.622041,2078.622041, ,2025-09-03T10:55:41.000Z,1971,426.2596107,657239.807,656618.844,620.9630384,0.01433022,1.19712907,1.18742623,4.92263202,-2.40418604,-1.53497425,886032.6218,886032.62,43:23.8,Low Risk
40018,T-SpaceX tokenized stock (Tessera),tSpaceX,TRUE,1189,1189, ,2026-05-19T04:37:39.000Z,1972,744.6092884,529664.5623,0,529664.5623,0.0054713,7.44685563,8.28500386,0.21698063,15.43509337,23.01340959,885340.4439,885340.44,43:23.8,Medium Risk
24645,OmniFlix Network,FLIX,FALSE,250758585,357242302,1000000000,2023-04-27T10:35:34.000Z,1973,0.003518818,0,0,0,0,-0.22065844,11.08194682,-24.62861251,136.9897398,157.9130196,882373.7117,3518817.56,43:23.8,High Risk
33351,TERMINUS,TERMINUS,FALSE,100000000,100000000,100000000,2024-10-08T05:50:48.000Z,1974,0.008951565,139492.3449,53579.46652,85912.87843,1.5419041,10.86940755,0.8641989,-40.52014479,38.56197665,258.049376,895156.4999,895156.5,43:23.8,High Risk
36852,Xavier: Renegade Angel,XAVIER,FALSE,999864661.5,999864661.5,1000000000,2025-06-17T21:47:08.000Z,1975,0.000870576,372433.5472,366430.9992,6002.547962,0.4377094,5.29719911,35.61769032,-34.45232328,-9.19033471,36.93198001,870458.1392,870575.96,43:23.8,High Risk
31051,LOBO•THE•WOLF•PUP (Bitcoin),LOBO,FALSE,17504255343,20999637377,21000000000,2024-05-03T05:34:07.000Z,1976,4.96E-05,77451.9047,77451.9047,0,-0.77096614,-0.17706132,-0.27726487,-46.25136555,-54.66814474,-45.26124009,867930.7872,1041263.75,43:23.8,High Risk
3704,v.systems,VSYS,FALSE,3712235685,5720837394, ,2019-03-05T00:00:00.000Z,1977,0.000232948,473055.1398,473055.1398,0,0.02502084,0.15934272,1.99558546,-7.09364715,2.18486131,-2.45376647,864758.3671,1332658.38,43:23.8,Low Risk
35560,LC SHIB,LC,FALSE,944702450,999853851,999992272,2025-01-31T08:37:38.000Z,1978,0.000905064,51154.38799,50271.15893,883.2290626,0.57089517,6.60161608,9.18271881,-36.13281538,-67.02152533,-51.21239126,855015.712,905056.51,43:23.8,High Risk
37610,TaleX,X,FALSE,150000000,1000000000,1000000000,2025-08-05T06:08:41.000Z,1979,0.005686011,44923.87033,39950.41869,4973.451643,0.48196535,-2.45033467,-0.29429052,-22.37580502,-62.84700598,-66.75496665,852901.6244,5686010.83,43:23.8,High Risk
38095,Apollo Global Management Tokenized Stock (Ondo),APOon,FALSE,6137.740998,6137.740998, ,2025-09-03T10:55:35.000Z,1980,138.686378,0,0,0,0,0.61813046,7.97135418,2.02471407,12.70823159,21.43673105,851221.0682,851221.07,43:23.8,Medium Risk
31985,Kinic,KINIC,FALSE,2868620,6077113,10000000,2024-07-04T14:32:24.000Z,1981,0.296329259,79.79053375,0,79.79053375,1.28811885,-2.38256556,4.11678872,-8.96319348,-28.22468924,-37.37245271,850056.0396,2963292.59,43:23.8,Medium Risk
32925,Spectral,SPEC,FALSE,14104697,100000000,100000000,2024-09-03T04:13:48.000Z,1982,0.060041152,86167.03882,86167.03882,0,0.35883782,5.10261242,8.49507525,-26.38559945,-30.713137,-35.41384187,846862.2613,6004115.23,43:23.8,High Risk
10949,Baanx,BXX,FALSE,247215042,250000000,250000000,2021-07-19T00:00:00.000Z,1983,0.00342125,7791.075624,7791.075624,0,0.59988877,-23.13025519,-16.03486017,-26.31147857,-40.79623424,-51.52695566,845784.4089,855312.45,43:23.8,High Risk
39445,memes will continue,memes,FALSE,1000000000,1000000000,1000000000,2026-01-24T11:36:16.000Z,1984,0.00084489,1254489.639,1138376.784,116112.8554,0.51352974,1.56557192,-7.54805783,-27.96787901,-0.8849282,-15.71221727,844890.3842,844890.38,43:23.8,High Risk
14534,ParaSwap,PSP,FALSE,744976909,1800000000,2000000000,2021-11-15T13:27:12.000Z,1985,0.001130064,33.10425459,0,33.10425459,1.15795327,4.27770689,5.61397033,-18.16467642,-32.54687755,-44.91577509,841871.6648,2260128.21,43:23.8,High Risk
38069,Uber Tokenized Stock (Ondo),UBERon,FALSE,11552.36906,11552.36906, ,2025-09-03T10:55:05.000Z,1986,72.86195463,1588070.292,1585139.692,2930.600234,-0.1906273,5.11014938,3.53368807,-2.69785281,-5.59855908,-7.01466085,841728.1902,841728.19,43:23.8,Medium Risk
8705,Bifrost,BNC,FALSE,37411837.03,80000000,80000000,2021-03-06T00:00:00.000Z,1987,0.022348604,668179.693,668179.693,0,-0.10730033,0.4520696,1.86868399,-28.7375189,-30.86205723,-39.24897396,836102.3437,1787888.35,43:23.8,High Risk
35436,Alon,ALON,FALSE,997961742,997961742, ,2025-01-24T03:26:43.000Z,1988,0.000835628,57361.57008,54146.75319,3214.816892,1.17964442,8.18977467,-4.11368588,-19.75025434,-51.94547573,-20.31752017,833925.1249,833925.12,43:23.8,High Risk
29999,Chickencoin,CHKN,FALSE,6.4239E+13,6.9E+13,6.9E+13,2024-03-20T10:22:33.000Z,1989,1.29E-08,0,0,0,0,9.99341678,-20.05656228,-17.28493373,-26.46269965,-26.16147759,831535.0087,893163.27,43:23.8,High Risk
2474,Matrix AI Network,MAN,FALSE,477733917.6,777733917.6,1000000000,2018-01-27T00:00:00.000Z,1993,0.001725138,98869.17034,98869.17034,0,-0.61798938,3.50017585,18.55639029,0.14386899,4.28604884,-24.87949524,824157.0069,1725138.15,43:23.8,Medium Risk
32125,8-Bit Coin,COIN,FALSE,30000000000,1E+11,1E+11,2024-07-05T07:47:30.000Z,1990,2.76E-05,0,0,0,0,-1.23639136,0.16647704,-0.96197755,-6.4259475,-9.30199208,828712.7716,2762375.91,43:23.8,Low Risk
39337,ZygoSwap,ZSWAP,FALSE,979000000,979000000,979000000,2026-01-11T06:41:50.000Z,1992,0.000844665,158837.9694,154108.838,4729.131384,-0.11934485,-6.36566183,0.97706481,-63.90374594,-23.15291012,-54.20355205,826927.4469,826927.45,43:23.8,High Risk
34203,CatSlap,SLAP,FALSE,4370972477,8533459202,9000000000,2024-11-25T07:14:35.000Z,1992,0.000189081,0,0,0,0,6.64246013,5.23631509,-23.09249175,-26.29226915,-26.49277255,826466.5115,1701726.25,43:23.8,High Risk
29200,DeFi,DEFI,FALSE,3629014390,3659548036,10000000000,2024-01-31T10:01:58.000Z,1994,0.000226837,88491.67041,87872.09499,619.5754196,1.26487682,1.83084096,40.97595671,-2.90402502,-11.23333431,-31.3578129,823193.7882,2268367.38,43:23.8,High Risk
39258,Texas Instruments Tokenized Stock (Ondo),TXNon,FALSE,2617.585831,2617.585831, ,2026-01-08T15:44:24.000Z,1995,314.4368376,929027.5296,927616.1653,1411.364276,0.44536012,1.75040398,5.83958019,2.41414816,38.9221804,59.61177017,823065.4109,823065.41,43:23.8,Medium Risk
14422,HeroesTD,HTD,FALSE,455285563.5,468000000,468000000,2021-11-12T09:44:58.000Z,1996,0.001806364,0,0,0,0,0.1950551,0.1338785,-3.2083161,-1.80041815,-9.73889333,822411.3306,845378.23,43:23.8,Low Risk
31061,Povel Durev,DUREV,FALSE,95000000,99900000,99900000,2024-05-03T08:27:10.000Z,1997,0.008623577,2370.298022,1754.586895,615.7111271,-0.15214257,0.64061601,2.00083599,-7.20325197,77.63637448,86.32425577,819239.7969,861495.32,43:23.8,Low Risk
39840,XRP Healthcare AI,XRPHAI,FALSE,100000000,1000000000,1000000000,2026-04-06T11:30:44.000Z,1998,0.008184621,30393.72748,30393.72748,0,-0.73007301,-23.80483408,-59.07437288,-43.45741721,-70.96688187,-70.96688187,818462.1166,8184621.17,43:23.8,High Risk
30867,WHY,WHY,FALSE,4.2E+14,4.2E+14,4.2E+14,2024-04-24T05:44:18.000Z,1999,1.95E-09,5329.540323,4062.13951,1267.400812,-0.43627419,0.46301681,-0.00500954,-12.56263436,-10.4818297,-31.25727339,816936.5382,816936.54,43:23.8,Medium Risk
9989,Solrise Finance,SLRS,FALSE,157111297,998955633.3,1000000000,2021-07-06T00:00:00.000Z,2000,0.005197442,1436.652518,1436.652518,0,0.002605,-4.94819196,13.25336323,92.77596462,1071.268783,1044.913462,816576.8108,5197441.73,43:23.8,High Risk
36212,SOLVEX NETWORK,SOLVEX,FALSE,39499914,50000000,50000000,2025-04-08T03:32:41.000Z,2001,0.020586471,4779.686548,4779.686548,0,0.00578714,1.3333856,0.14004448,0.20640152,-4.61162605,-14.39749511,813163.827,1029323.54,43:23.8,Low Risk
13051,ARC,ARC,FALSE,922619289.7,1030000000,1030000000,2021-10-23T21:13:38.000Z,2002,0.000876313,7075.942312,2725.809243,4350.133069,-0.44587866,7.20581763,23.00375042,-34.04732217,-49.29664607,67.53668166,808503.3151,902602.43,43:23.8,High Risk
4927,RigoBlock,GRG,FALSE,2701063,7414890.71, ,2020-07-22T00:00:00.000Z,2003,0.298799407,0,0,0,-5.63304175,1.26318607,-7.29454035,31.71987882,71.32312778,194.2289665,807076.0218,2215564.94,43:23.8,High Risk
14339,Cypherium,CPH,FALSE,382951230,6828000000,8428000000,2021-11-11T08:57:37.000Z,2004,0.002100619,54924.91744,54924.91744,0,-0.2019917,-3.16666938,-0.57713846,-38.30522698,-54.27973883,-63.79056151,804434.8206,17704021.13,43:23.8,High Risk
31044,Hege,HEGE,FALSE,999852396.9,999852396.9,1000000000,2024-05-02T13:06:35.000Z,2005,0.000800007,100266.1505,95163.93854,5102.212011,12.05976443,32.611057,89.57371805,0.22643292,-11.0653254,-24.12775599,799889.1025,800007.19,43:23.8,High Risk
37739,TCOM Global,TCOM,FALSE,92000000,1000000000,1000000000,2025-08-13T05:12:36.000Z,2006,0.008675416,543194.3022,345016.4123,198177.8899,0.21381893,0.32626896,0.11271641,-3.85467006,-21.842721,-59.86028663,798138.3014,8675416.32,43:23.8,Low Risk
39276,SPDR Gold Shares Tokenized Stock (Ondo),GLDon,FALSE,2005.123316,2005.123316, ,2026-01-08T15:44:19.000Z,2007,396.041557,1312822.511,1232101.999,80720.51147,0.25381106,0.10044709,-0.36278458,-6.5596751,-9.77767522,-13.7841856,794112.1602,794112.16,43:23.8,Low Risk
39213,BitcoinII,BC2,FALSE,2625850,21000000,2100000,2026-01-05T09:44:22.000Z,2009,0.301912075,4348.969486,4348.969486,0,0.30585898,1.33693601,-2.65385291,-10.24890096,-47.66995578,-67.56210251,792775.8214,634015.36,43:23.8,Medium Risk
35817,Jerry The Turtle By Matt Furie,JYAI,FALSE,69000000000,69000000000,69000000000,2025-02-19T06:56:51.000Z,2009,1.14E-05,860455.4603,857987.4326,2468.027713,0.68745915,0.46129084,1.15623495,-10.0408276,-11.23144336,-27.04305121,788431.6165,788431.62,43:23.8,Medium Risk
10729,UFO Gaming,UFO,FALSE,2.57576E+13,2.57576E+13, ,2021-06-30T00:00:00.000Z,2011,3.05E-08,0,0,0,0,3.42010813,5.17377381,-18.27004701,-18.72181884,-20.37818765,785029.7955,785029.8,43:23.8,High Risk
15758,LimoCoin Swap,LMCSWAP,FALSE,1176752483,1642684041,1650000000,2021-12-07T23:14:29.000Z,2012,0.000666065,279.5714286,0.24603869,279.3253899,0.06412837,9.59547579,1.13962957,5.76011356,54.68397749,60.03100328,783794.0444,1099007.81,43:23.8,Medium Risk
8977,catwifhat,CWIF,FALSE,2.93799E+13,2.93799E+13, ,2021-03-29T00:00:00.000Z,2008,2.91E-08,1644.875234,1418.824259,226.0509755,9.64118584,10.84575417,12.38804494,0.09092985,1.39336316,-3.582418,854237.8898,854238.73,43:23.8,High Risk
7692,e-Radix,EXRD,FALSE,697118604.3,697118604.3, ,2020-11-16T00:00:00.000Z,2013,0.001117007,0,0,0,0,-0.22398493,1.31914527,-4.00790403,-16.51071478,-38.60035975,778686.4316,778686.43,43:23.8,Low Risk
34406,Fric,FRIC,FALSE,999992771,999994349,999994349,2024-12-04T12:49:25.000Z,2014,0.000776862,0,0,0,0,0.41906522,16.20515269,-3.32632774,12.34925616,-10.13021429,776856.4195,776857.65,43:23.8,Medium Risk
38078,DoorDash Tokenized Stock (Ondo),DASHon,FALSE,4751.813157,4751.813157, ,2025-09-03T10:55:23.000Z,2015,163.1038527,81065.55069,78583.93883,2481.611859,-0.55412845,7.15005933,5.65348317,2.67994224,-10.24695775,1.17183445,775039.0334,775039.03,43:23.8,Medium Risk
13969,Phoenix,PHB,FALSE,72442559.88,72442559.88,76000000,2021-11-05T14:03:22.000Z,2016,0.010686627,987933.7624,987933.7624,0,-0.81332505,3.41291808,-8.58872179,-87.49461191,-89.75271595,-92.30310302,774166.635,812183.67,43:23.8,High Risk
8245,Hydra,HYDRA,FALSE,30034018.41,32618560.89, ,2021-01-12T00:00:00.000Z,2017,0.025751488,59528.26364,59528.26364,0,0.00709023,-3.5649498,-9.84213594,2.00056139,-18.02844786,-33.92259052,773420.679,839976.49,43:23.8,Medium Risk
36233,Cocoro (officialcocoro.com),COCORO,FALSE,797250000,797493806.4,797250000,2025-04-10T06:59:18.000Z,2018,0.000969436,17101.88673,17101.88673,0,-0.01359759,0.02751365,0.04485899,-2.78264574,-32.73806242,-14.9558516,772882.804,772882.8,43:23.8,Low Risk
36143,IMGN Labs,IMGN,FALSE,850521771,1000000000,1000000000,2025-03-26T09:35:19.000Z,2019,0.000904752,126553.1083,126553.1083,0,1.39493407,13.35688701,17.53996134,-60.83889751,43.00062496,27.36882783,769511.1202,904751.82,43:23.8,High Risk
2058,AirSwap,AST,FALSE,174479533.5,500000000, ,2017-10-17T00:00:00.000Z,2020,0.004407586,16307.28924,16307.28924,0,0.02223904,-2.1046539,-15.24279739,-36.12194831,-34.18680153,-43.49452824,769033.4733,2203792.78,43:23.8,High Risk
6756,Acala Token,ACA,FALSE,1166666660,1600000000, ,2020-08-28T00:00:00.000Z,2021,0.000657695,76322.44705,76322.44705,0,-0.31735265,-0.48377435,5.97994123,-15.81965219,-4.2892019,-23.85676992,767310.3901,1052311.4,43:23.8,Medium Risk
31979,Shrub,SHRUB,FALSE,942181551,950000000,1000000000,2024-06-25T10:41:16.000Z,2022,0.00081314,190599.1916,187380.2219,3218.969693,-0.47415254,6.81824017,27.03044851,-14.25765576,-4.11087268,-7.56965818,766125.8318,813140.35,43:23.8,High Risk
39372,人生K线,人生K线,FALSE,1000000000,1000000000, ,2026-01-15T23:26:25.000Z,2023,0.000763776,4170797.159,3902554.542,268242.6167,-7.1890795,2.77147222,-29.68236323,41.69968697,30.35039192,98.07755775,763775.9768,763775.98,43:23.8,High Risk
18101,NanoByte Token,NBT,FALSE,944183141.1,9970000000,10000000000,2022-02-15T07:45:17.000Z,2024,0.000805862,2143.790989,2143.790989,0,0.00592238,-2.50044124,-2.51954331,-3.03409403,-16.45111943,-29.26142218,760880.8775,8058615.37,43:23.8,Low Risk
31094,Phoenic,PNIC,FALSE,254367022.4,5555000000,5555000000,2024-05-06T10:17:36.000Z,2025,0.002987037,139973.561,139973.561,0,5.60561468,2.09555263,23.34769289,-16.97586279,-9.73983364,-42.53788807,759803.696,16592990.29,43:23.8,High Risk
19736,Shina Inu,SHI,FALSE,1.22154E+13,1.39707E+13,2E+13,2022-04-25T03:16:31.000Z,2026,6.18E-08,0,0,0,0,-1.853825,-3.50860824,-16.77756768,-31.65637789,-57.99616729,755096.7817,1236300.72,43:23.8,Medium Risk
39923,Strategy Stretch Preferred Tokenized Stock (Ondo),STRCon,FALSE,7823.095174,7823.095174, ,2026-05-01T03:34:33.000Z,2027,96.49697299,625909.9887,594098.0507,31811.938,-0.01764241,0.03430884,-1.7084501,-3.66250691,-3.27596333,-3.27596333,754905.0037,754905,43:23.8,Low Risk
38357,ARAI,AA,FALSE,147347636,1000000000,1000000000,2025-09-11T04:39:59.000Z,2028,0.005119049,152455.7289,152455.7289,0,0.19358789,-2.4276516,-4.58940896,-39.52426844,-52.95316749,-71.04309097,754279.7113,5119048.61,43:23.8,High Risk
37357,Arena-Z,A2Z,FALSE,9347152382,9999998535,10000000000,2022-01-11T15:44:13.000Z,2029,8.06E-05,633161.5729,633161.5729,0,209.4300282,177.6357801,-3.10807598,-1.69831504,-1.09306215,-88.62848623,753123.9965,805725.6,43:23.8,High Risk
28478,Mochi (New),MOCHI,FALSE,9.3763E+11,1E+12,1E+12,2023-08-08T09:22:34.000Z,2030,8.00E-07,1629.218729,409.1574287,1220.0613,-0.05951672,5.39201708,-6.26116159,-34.59802154,-26.41621142,-33.13608413,750371.4268,800285.22,43:23.8,High Risk
39342,老子,老子,FALSE,1000000000,1000000000, ,2026-01-12T01:51:22.000Z,2031,0.000749637,4365882.28,4328526.723,37355.55715,0.29101592,-1.31442904,-11.43854953,-15.99340433,-19.17263144,113.6085472,749636.7712,749636.77,43:23.8,High Risk
36738,Multi Asset Investment Vehicle,MAIV,FALSE,1782967304,7000000000,10000000000,2025-06-05T11:34:35.000Z,2032,0.000420337,13913.73549,9063.226409,4850.509084,0.29058059,2.02863956,2.06238251,-27.56615696,-42.61450989,-46.51194201,749448.0066,4203374.93,43:23.8,High Risk
9900,HODL,HODL,FALSE,8954406772,10000000000,10000000000,2024-12-17T07:30:00.000Z,2033,8.35E-05,10430.53334,0,10430.53334,0.50908026,0.57623699,0.85833478,-30.17752027,-7.04840727,-31.74306399,747878.7356,835207.46,43:23.8,High Risk
39779,Redwire Tokenized Stock (Ondo),RDWon,FALSE,50527.58833,50527.58833, ,2026-03-24T02:56:19.000Z,2034,14.75410104,1047871.687,792216.5661,255655.1211,-0.26348809,-8.40642641,-23.0883713,4.33671929,32.93570819,59.92316638,745489.1436,745489.14,43:23.8,High Risk
1654,BitCore,BTX,FALSE,19928862.04,21000000,21000000,2017-04-27T00:00:00.000Z,2035,0.037405065,0,0,0,1.37482222,14.62168188,15.93189844,-18.06799971,-40.26203795,-48.8069206,745440.3805,785506.37,43:23.8,High Risk
30309,Shark Cat,SC,FALSE,989895519,989895519.3,1000000000,2024-04-02T07:00:23.000Z,2036,0.000745233,140562.8554,138275.1305,2287.724916,1.33912438,3.52641884,2.79224105,-11.87526255,17.70296725,-3.58645217,737702.3702,745232.56,43:23.8,Medium Risk
19131,Artrade,ATR,FALSE,1260104055,1263995253,1265000000,2022-03-28T09:25:46.000Z,2037,0.000584991,145541.7401,145541.7401,0,0.0187483,2.59333463,-11.17048843,-46.85566926,19.19622828,-29.33942868,737149.476,740013.56,43:23.8,High Risk
33595,Shoggoth (shoggoth.monster),SHOGGOTH,FALSE,1000000000,1000000000,1000000000,2024-10-23T16:46:53.000Z,2038,0.000736549,77720.00915,72376.92071,5343.088441,0.94391099,-1.18802625,8.69376899,-20.69130782,-7.98228785,-35.77782582,736549.4396,736549.44,43:23.8,High Risk
7974,Venus BCH,vBCH,FALSE,154392,154392, ,2020-12-14T00:00:00.000Z,2039,4.758213086,0,0,0,0.78191255,6.26338856,9.26782005,-45.26071112,-49.53926452,-51.56200503,734630.0348,734630.03,43:23.8,High Risk
23751,Artyfact,ARTY,FALSE,19480227,24858616,25000000,2023-03-03T10:44:47.000Z,2040,0.037645109,260217.4072,260217.4072,0,0.0222902,-0.47099405,-9.3131043,-42.61497515,-44.45663156,-53.09527374,733335.2763,941127.73,43:23.8,High Risk
19018,Choise.ai,CHO,FALSE,522674981.4,1000000000, ,2022-03-24T03:42:42.000Z,2041,0.001392401,53103.35942,53103.35942,0,-0.0815485,-1.17650459,20.59527252,34.43547042,-40.86970631,36.0763601,727773.2519,1392401.16,43:23.8,High Risk
38742,Sigma.Money,SIGMA,FALSE,145000000,1000000000,1000000000,2025-10-20T17:57:50.000Z,2042,0.005018278,13347.41167,4931.356389,8416.055285,0.16766371,0.82346804,-5.13261025,-37.70386412,-52.58251773,-94.46659636,727650.2615,5018277.67,43:23.8,High Risk
12319,DeFi Kingdoms,JEWEL,FALSE,113537457.1,121010985.6, ,2021-10-05T03:06:11.000Z,2043,0.006401687,0.6124768,0,0.6124768,-0.01092413,0.60616637,5.38901894,-16.3030884,-18.8153297,-42.59408628,726831.289,774674.48,43:23.8,Medium Risk
23445,Chirp,CHIRP,FALSE,105199388,79781464,300000000,2025-01-20T16:46:42.000Z,2044,0.006900256,100621.7362,99004.5338,1617.202406,0.32860629,-0.17133553,-4.29006242,-14.99061798,-5.24506893,6.92052024,725902.723,2070076.84,43:23.8,Medium Risk
36275,Superp,SUP,FALSE,307429929,1000000000,1000000000,2025-04-16T05:39:41.000Z,2045,0.002355812,123780.1056,111032.2,12747.90559,0.40226345,0.4177255,-14.01361923,-44.91335215,-43.62911026,-57.72087284,724246.9817,2355811.56,43:23.8,High Risk
11877,GAL (migrated to Gravity - G),GAL,FALSE,2583950.288,74834619.1, ,2021-09-14T09:51:51.000Z,2046,0.279915624,0,0,0,0,-0.2536479,-4.50840916,-15.57209744,-13.83617143,-24.15150004,723288.0583,20947379.13,43:23.8,Medium Risk
9892,YooShi,YOOSHI,FALSE,3.6319E+14,1E+15,1E+15,2021-05-18T00:00:00.000Z,2048,1.97E-09,3.93120748,0,3.93120748,-0.00065926,0.12115376,2.04047647,-7.2475727,-2.18257966,-8.75176485,715178.2672,1969157.03,43:23.8,Low Risk
39127,AgentLISA,LISA,FALSE,216225000,1000000000,1000000000,2025-12-15T11:23:12.000Z,2047,0.003307566,8959.450831,4028.819451,4930.63138,-0.26825589,-6.7994813,-12.87759385,-31.34464867,-17.70146371,-32.15100595,715178.5029,3307566.21,43:23.8,High Risk
9194,Saito,SAITO,FALSE,1979292275,4200000000,7000000000,2021-04-22T00:00:00.000Z,2049,0.000360955,26260.02943,23683.14673,2576.882703,3.33108384,-1.21994549,-14.25610777,-32.93658405,-42.72693735,-50.44031309,714435.2969,2526684.48,43:23.8,High Risk
31163,Slothana,SLOTH,FALSE,1695118152,1874794066, ,2024-05-09T14:28:34.000Z,2050,0.000420802,4347.006123,0,4347.006123,0.9070212,14.27935541,24.80139368,-27.54370819,-35.86157712,-33.10150354,713309.5056,788917.53,43:23.8,High Risk
35672,SMARDEX USDN,USDN,TRUE,709734.2816,709734.2816, ,2025-11-11T04:54:23.000Z,2051,0.998781186,3297.166543,0,3297.166543,-0.015782,0.02490852,-0.84291969,-0.13049703,0.00090873,-0.13254863,708869.2477,708869.25,43:23.8,Low Risk
33611,RWA Inc.,RWAINC,FALSE,491565499.5,992540377.4,1000000000,2024-11-25T11:56:00.000Z,2052,0.001439154,17727.31957,17727.31957,0,0.05815972,0.66553823,9.80512082,-26.45088112,-12.39504666,-28.61090766,707438.6984,1439154.5,43:23.8,High Risk
18919,Shiba Predator,QOM,FALSE,5.99886E+14,5.99886E+14,1E+15,2022-03-18T01:52:31.000Z,2054,1.17E-09,0,0,0,0.02200261,3.25776916,4.25216679,-18.31488476,-21.4525041,-24.88931723,703996.0206,1173549.02,43:23.8,High Risk
20848,WeSendit,WSI,FALSE,871280126.1,1242875065, ,2022-07-02T16:21:19.000Z,2055,0.000805044,10769.44812,10769.44812,0,0.00097565,19.31979877,31.41291306,78.87207639,76.028866,54.07595081,701418.4707,1000568.59,43:23.8,High Risk
33340,LABUBU SOL,LABUBU,FALSE,997740721.4,997740721.4,997740721.4,2024-10-08T04:01:50.000Z,2056,0.000703053,2557838.737,2548057.925,9780.812295,1.97202688,3.59680891,12.18810342,-23.19480842,-18.25678097,-34.44322248,701464.9451,701464.95,43:23.8,High Risk
33488,Kima Network,KIMA,FALSE,130066947.7,210000000,210000000,2024-10-16T13:13:54.000Z,2057,0.005373771,0,0,0,-0.01636312,-4.75576457,21.67035565,23.60224134,-25.58582669,-71.33359969,698950.0384,1128491.99,43:23.8,High Risk
36969,END,END,FALSE,128923354.5,500000000,500000000,2025-06-27T07:23:56.000Z,2058,0.005412087,0,0,0,0,0,1.62272204,-28.06096395,-38.29155046,-41.42032169,697744.4001,2706043.46,43:23.8,High Risk
9002,Busy DAO,BUSY,FALSE,125000000,255000000, ,2021-03-29T00:00:00.000Z,2059,0.005571644,8358.421599,8358.421599,0,-0.60322179,28.18454826,115.334876,336.5367563,321.005729,942.4422995,696455.5424,1420769.31,43:23.8,High Risk
28559,bitsCrunch,BCUT,FALSE,603779275.9,1000000000, ,2024-02-20T13:08:06.000Z,2060,0.001151734,123087.33,123087.33,0,0.71849421,3.81080623,-3.72758685,-16.98623972,-9.82878629,-50.00710504,695393.3775,1151734.43,43:23.8,High Risk
7219,Rubic,RBC,FALSE,165283584,169118001, ,2020-09-29T00:00:00.000Z,2061,0.004200459,59902.73426,59902.73426,0,1.56881582,4.05415943,9.28300614,22.07909247,3.49538494,11.5801587,694266.9509,710373.26,43:23.8,High Risk
6930,KIRA,KEX,FALSE,205566065.6,300000000,300000000,2020-09-07T00:00:00.000Z,2062,0.003373408,0,0,0,0,0,1.71814543,2.41237822,-24.41413793,-30.26028885,693458.1669,1012022.34,43:23.8,Low Risk
36350,Bitcoin.ℏ,BTC.ℏ,FALSE,2750641,21000000,21000000,2025-04-28T07:14:58.000Z,2063,0.25140722,1136.685206,249.8258065,886.8593994,1.14508878,0.64071311,1.70796053,-15.70551798,-15.2488344,-31.23003389,691531.0081,5279551.63,43:23.8,Medium Risk
38097,MercadoLibre Tokenized Stock (Ondo),MELIon,FALSE,417.6259727,417.6259727, ,2025-09-03T10:55:16.000Z,2064,1647.687221,821754.2069,820780.3038,973.9030688,0.01682705,2.7807858,2.50903652,6.41193637,-9.72704694,-5.65007499,688116.9784,688116.98,43:23.8,Medium Risk
38026,Shopify Tokenized Stock (Ondo),SHOPon,FALSE,6115.586422,6115.586422, ,2025-09-03T10:55:32.000Z,2065,112.3384256,1904697.573,1904573.148,124.4253177,-0.58902086,1.25737827,0.55378018,12.49295052,-11.9293846,-13.35743335,687015.3504,687015.35,43:23.8,Medium Risk
11871,GameZone,GZONE,FALSE,840117284.9,840117284.9, ,2021-09-14T01:07:06.000Z,2066,0.000817391,780.5780542,780.5780542,0,0.00703319,-3.99731907,2.15265825,-10.14488414,-11.93860791,-8.50655626,686704.4879,686704.49,43:23.8,Medium Risk
2143,Streamr,DATA,FALSE,1263103853,1325023352,2000000000,2017-11-03T00:00:00.000Z,2067,0.000543174,100447.5686,100447.2847,0.28392229,0.59893422,0.53996629,-4.6662798,-24.09918299,-41.60678357,-54.12890051,686084.7933,1086347.4,43:23.8,High Risk
2529,Cashaa,CAS,FALSE,1000000000,1000000000,1000000000,2018-02-15T00:00:00.000Z,2067,0.000684535,0,0,0,0,0.10180545,-4.003285,18.66609545,51.88945142,54.61466164,684535.1527,684535.15,43:23.8,Medium Risk
39435,WAR,WAR,FALSE,1000000000,1000000000,1000000000,2026-01-23T14:41:30.000Z,2053,0.000733373,133202.3359,101664.3876,31537.94829,4.23056362,-3.18398637,-27.24204773,-56.02038171,-80.32838933,-96.53866752,733372.6623,733372.66,43:23.8,High Risk
3750,eXPerience Chain,XPC,FALSE,91090814961,1.13215E+11, ,2019-02-25T00:00:00.000Z,2069,7.50E-06,0,0,0,0,0,0,0,0,0,683050.9211,848954.15,43:23.8,Low Risk
13272,Credefi,CREDI,FALSE,748573880,1000000000,1000000000,2021-10-26T08:23:56.000Z,2070,0.000907197,57785.53898,57785.53898,0,0.14754824,0.21707696,-4.59443529,-18.70666338,-4.74071923,-14.42730155,679104.2149,907197.32,43:23.8,Medium Risk
38079,Intuit Tokenized Stock (Ondo),INTUon,FALSE,2396.501641,2396.501641, ,2025-09-03T10:55:24.000Z,2071,282.978093,860532.7596,860532.7596,0,0.14431249,-0.10466735,-6.71087148,-28.47335392,-28.3353602,-38.58266772,678157.4642,678157.46,43:23.8,High Risk
24591,Suzuverse,SGT,FALSE,10052927,250000000,250000000,2023-04-21T10:12:12.000Z,2072,0.067409958,189269.4779,187267.1897,2002.288257,-0.44162457,-0.63613736,0.67227039,-26.13792791,-31.22587129,-26.56835942,677667.3874,16852489.51,43:23.8,High Risk
3853,MultiVAC,MTV,FALSE,3587369426,10000000000, ,2019-04-11T00:00:00.000Z,2073,0.000187649,146943.1752,146943.1752,0,0.20331085,0.73141947,-1.92681871,-19.97492725,-33.45370046,-15.80226556,673164.5266,1876485.1,43:23.8,Medium Risk
5634,Fuse,FUSE,FALSE,219882167.5,391509817.5, ,2021-02-01T00:00:00.000Z,2074,0.003054202,113902.5816,113902.5816,0,0.03967632,-0.64369558,-0.92902822,-4.03946533,1.92010171,-20.79858073,671564.5549,1195750.07,43:23.8,Low Risk
27195,Neurai,XNA,FALSE,17083636477,17083636477,21000000000,2023-06-27T19:16:51.000Z,2075,3.93E-05,38521.38147,38521.38147,0,-0.5683407,-0.84422327,0.81302386,-9.06436021,-14.97174374,-10.6733674,671071.9164,824912.79,43:23.8,Medium Risk
18795,KOMPETE,KOMPETE,FALSE,750874987,850524987,1000000000,2022-03-14T12:43:58.000Z,2076,0.000891831,0,0,0,0,3.64306819,8.08977738,-12.38789835,-29.76119475,-37.2439493,669653.9249,891831.45,43:23.8,Medium Risk
5919,Meter Governance,MTRG,FALSE,32276310,48890067, ,2020-07-27T00:00:00.000Z,2076,0.020751311,121427.1504,121427.1504,0,-0.36151902,-4.24062777,1.95259504,-6.23950883,5.99976327,-15.39322086,669775.7566,1014533,43:23.8,Medium Risk
30177,LinqAI,LNQ,FALSE,355903057,886694003,1000000000,2024-03-28T11:54:00.000Z,2078,0.001875971,153998.3571,151770.5098,2227.847295,0.98471439,2.06874755,0.93263736,-43.4131515,-4.26638408,-36.55138418,667663.7488,1875970.82,43:23.8,High Risk
27009,UniBot,UNIBOT,FALSE,1000000,1000000,1000000,2023-06-16T05:43:09.000Z,2079,0.667162712,913.1259011,609.2611252,303.8647759,1.29342127,7.13239845,1.83436556,-52.46818656,-29.45597573,-32.65580494,667162.7119,667162.71,43:23.8,High Risk
5640,PointPay,PXP,FALSE,30000000,100000000,100000000,2020-05-28T00:00:00.000Z,2080,0.022163494,196388.9876,196388.9876,0,-0.01153738,-2.32939809,5.34849952,7.22982435,14.94831044,16.98586776,664904.8297,2216349.43,43:23.8,Medium Risk
506,CannabisCoin,CANN,FALSE,321124782.7,335752782.7, ,2014-08-02T00:00:00.000Z,2081,0.002065116,0,0,0,0,0,0,0,0,0,663160.0605,693368.58,43:23.8,Low Risk
24484,Sabai Protocol,SABAI,FALSE,551734603.3,2650000000,2650000000,2023-07-24T10:16:15.000Z,2082,0.001199629,82024.21208,80226.64223,1797.569847,-0.43859139,2.96299586,-16.51813276,-37.86197618,-37.43289512,-40.4224565,661876.8096,3179016.75,43:23.8,High Risk
10562,SubQuery Network,SQT,FALSE,3786738542,10213301979, ,2021-06-22T00:00:00.000Z,2083,0.000174853,80412.84501,75615.69636,4797.148657,-0.01818787,-4.89042415,-10.14978855,-39.94409291,-40.8274501,-60.17069642,662121.2171,1785822.78,43:23.8,High Risk
39261,VanEck Rare Earth and Strategic Metals Tokenized ETF (Ondo),REMXon,FALSE,6829.075014,6829.075014, ,2026-01-08T15:44:34.000Z,2084,96.72041432,916.4455253,0,916.4455253,-0.00512891,1.39479336,10.76153197,0.24198682,-6.13179108,7.53946127,660510.9647,660510.96,43:23.8,Medium Risk
38261,WhiteBridge Network,WBAI,FALSE,355204164.2,1000000000,1000000000,2025-09-02T10:08:42.000Z,2085,0.001858537,207119.1455,197451.2021,9667.943399,-0.34009834,-3.22525881,-5.71447209,49.49703462,21.49661734,-48.786257,660160.2084,1858537.36,43:23.8,High Risk
32915,Strawberry AI,BERRY,FALSE,100000000,100000000,100000000,2024-09-02T09:21:51.000Z,2086,0.006589829,0,0,0,0,-1.86712445,30.14502062,-35.13307318,-49.46693833,-68.67450497,658982.915,658982.92,43:23.8,High Risk
38012,Riot Platforms Tokenized Stock (Ondo),RIOTon,FALSE,24059.65809,24059.65809, ,2025-09-03T10:55:19.000Z,2087,27.29307684,1131552.49,1128562.54,2989.95005,-0.08834954,-2.60344547,5.11640017,16.41687521,62.37498913,85.8425574,656662.0969,656662.1,43:23.8,Medium Risk
3667,Atomic Wallet Coin,AWC,FALSE,10603658.69,100000000, ,2019-01-04T00:00:00.000Z,2088,0.061776915,0,0,0,0,0.48991591,4.58048719,-24.69664205,-24.87791227,-14.90780909,655061.3235,6177691.52,43:23.8,High Risk
11308,Fenerbahçe Token,FB,FALSE,2180000,33781172,183659500,2021-08-19T00:00:00.000Z,2089,0.299913906,283032.3368,283032.3368,0,-0.38462124,0.27139168,-2.91191186,2.40834605,-47.80255581,-16.41615622,653812.3152,55082038.03,43:23.8,Low Risk
35091,Kekius Maximus (kekiusmaximus.army),KM,FALSE,902706682,999413691,1000000000,2025-01-07T12:46:54.000Z,2090,0.000721909,66238.71216,62880.38791,3358.324258,-1.11731068,0.19235872,-8.23654915,-20.83277589,20.90068597,34.28452395,651672.0352,721908.95,43:23.8,High Risk
11129,CryptoZoon,ZOON,FALSE,697097613.1,995870194.5, ,2021-08-02T00:00:00.000Z,2091,0.000927225,9998.420582,9998.420582,0,-0.10594211,-0.45142652,4.56933289,2.16544128,47.92202408,48.53975302,646366.4495,923395.91,43:23.8,Low Risk
7882,Efforce,WOZX,FALSE,527135519.4,1000000000,1000000000,2020-12-07T00:00:00.000Z,2092,0.001229506,170.6859517,0,170.6859517,0.20069123,-1.16930676,-21.99309482,8.75396062,28.54913907,-31.89365209,648116.0214,1229505.5,43:23.8,High Risk
39028,Best Wallet,BEST,FALSE,1670912895,9999999995,10000000000,2025-11-28T20:52:53.000Z,2093,0.000387169,6894.182593,1324.386662,5569.795931,0.28680583,-1.12590292,-25.9930482,-44.14982288,-58.9823651,-57.20725779,646925.8903,3871691.29,43:23.8,High Risk
33441,Dolan Duck,DOLAN,FALSE,98235225,98235225, ,2024-10-14T14:55:24.000Z,2094,0.006571873,84380.30874,84380.30874,0,-0.01052272,0.97099763,12.21260701,-15.91154992,-16.00516668,-28.7340361,645589.4267,645589.43,43:23.8,High Risk
4704,Banano,BAN,FALSE,1622680301,1918844374, ,2020-01-22T00:00:00.000Z,2095,0.000396527,0,0,0,0.01998723,4.67207333,5.11495012,-17.81500967,-19.93834048,-5.44167108,643435.9784,760872.93,43:23.8,High Risk
33963,Sallar,ALL,FALSE,1800038960,2600039960,12000000000,2024-11-14T08:38:08.000Z,2096,0.000357298,286.603059,0,286.603059,4.40489648,5.35451154,-5.17107522,2.12395203,-14.66510953,-30.6378323,643149.4421,4287570.15,43:23.8,Medium Risk
2231,Flixxo,FLIXX,FALSE,84323674.75,196336721.1, ,2017-11-25T00:00:00.000Z,2097,0.007613,1.25E-05,0,1.25E-05,1.25271695,3.36926167,4.4648455,-13.8612083,-8.66011295,-13.5143117,641956.0964,1494711.37,43:23.8,Medium Risk
5471,Ghost,GHOST,FALSE,29350601.54,29350601.54, ,2020-05-26T00:00:00.000Z,2098,0.021765757,0,0,0,0,-1.64860817,9.82275193,-7.42864971,-16.32381397,-6.01150735,638838.0704,638838.07,43:23.8,Medium Risk
29310,Unagi Token,UNA,FALSE,775725274,999700000,1000000000,2024-02-06T22:16:23.000Z,2099,0.000820949,20208.24388,13725.5033,6482.740587,-0.07662419,-32.62159002,63.28199419,-62.72548701,-84.57958788,-84.65113811,636830.7564,820948.83,43:23.8,High Risk
39005,Enigma,ENX,FALSE,64311206.38,100000000,100000000,2025-11-27T07:02:42.000Z,2100,0.009816037,2625.86266,0,2625.86266,1.06856765,-2.65338437,5.40332363,-16.41005952,-49.1233875,-67.21852343,631281.1601,981603.67,43:23.8,High Risk
30950,MON,MON,FALSE,593782391.2,942302582.6,1000000000,2024-05-27T08:12:04.000Z,2101,0.001061904,1266.1522,1266.1522,0,0.50677341,6.40093833,14.70603734,-5.16104979,-57.8252567,-67.98534696,630540.0209,1061904.21,43:23.8,High Risk
39169,You’ll own nothing & be happy,NOTHING,FALSE,999891981.1,999891981.1,1000000000,2025-12-24T09:56:10.000Z,2102,0.000627984,60657.62762,25991.47898,34666.14865,-1.38653322,-2.33676781,2.32310336,-54.61495113,26.0172234,-19.94090069,627916.5436,627984.38,43:23.8,High Risk
36020,SatLayer,SLAY,FALSE,651000000,2100000000,2100000000,2025-03-13T07:48:50.000Z,2103,0.000961986,5010.474185,5010.474185,0,0.02317499,0.04023937,1.89984154,0.53898659,-8.32940105,-31.30554889,626253.1702,2020171.52,43:23.8,Low Risk
35052,Opus Genesis,OPUS,FALSE,999937207,999937207, ,2025-01-06T15:36:33.000Z,2104,0.000621848,5522.628236,2498.515016,3024.11322,1.67388808,11.95161003,23.75573794,-59.62700726,-59.61320994,-76.94651117,621808.9517,621808.95,43:23.8,High Risk
38267,Autonomys Network,AI3,FALSE,95310949,1000000000,1000000000,2025-09-02T16:00:53.000Z,2105,0.006519347,42052.55908,42052.55908,0,0.53511224,2.49685603,5.23874207,11.00091402,20.02166047,-26.80760069,621365.1757,6519347.28,43:23.8,Medium Risk
25715,Minati Coin,MNTC,FALSE,6275000,9100000,9100000,2023-05-23T09:33:34.000Z,2106,0.098744899,52642.64199,52642.64199,0,-0.32421771,-19.97305366,-25.8765702,-64.26100149,-29.92198576,-62.89423039,619624.2388,898578.58,43:23.8,High Risk
5804,DeFiChain,DFI,FALSE,828938979.6,1149750004,1300000000,2020-07-03T00:00:00.000Z,2107,0.000746593,23.55348762,23.55348762,0,-0.00359198,-3.09486269,-12.00421809,-19.95380791,-5.26810149,-13.11543347,618879.9634,970570.78,43:23.8,High Risk
35547,Rift AI,RIFT,FALSE,264914960.5,999999519.8, ,2025-01-30T12:44:41.000Z,2108,0.002331997,0,0,0,0,2.58309983,6.56262229,-25.37622701,-11.97933323,-17.27345385,617780.8407,2331995.68,43:23.8,High Risk
9270,Bitcoin Bam,BTCBAM,FALSE,10276739,21000000,21000000,2021-04-18T00:00:00.000Z,2109,0.059920621,26662.41749,26662.41749,0,0.02128155,1.22751041,0.12403939,6.24019155,6.28710329,2.91563712,615788.5816,1258333.04,43:23.8,Low Risk
35734,CaptainBNB,CaptainBNB,FALSE,860535131.2,860535131.2, ,2025-02-13T06:50:44.000Z,2110,0.000715542,1769.072514,1769.072514,0,-0.00319416,-5.2616492,-30.35801731,-22.45972854,-3.80874218,-53.50852555,615748.9503,615748.95,43:23.8,High Risk
37277,InitVerse,INI,FALSE,546335842,548785387.3,6000000000,2025-07-08T08:09:02.000Z,2111,0.001127533,3682.750867,3682.750867,0,-1.16528379,-5.38678401,-64.72688646,-99.14153456,-98.90458511,-98.97504792,616011.628,6765197.31,43:23.8,High Risk
8894,Deeper Network,DPR,FALSE,3381776377,9967141302,10000000000,2021-03-20T00:00:00.000Z,2112,0.000181062,1985.224177,1902.756194,82.46798303,-0.15028566,1.27094926,0.50524658,-28.24770695,-35.29506879,-29.72301866,612312.4793,1810623.8,43:23.8,High Risk
7461,PlayDapp,PDA,FALSE,656499986,700000000, ,2020-10-20T00:00:00.000Z,2113,0.000928731,0,0,0,-0.12792914,2.33443401,1.98284299,-32.89180425,-34.77391377,-49.14130993,609711.9,650111.71,43:23.8,High Risk
39763,Eaton Tokenized Stock (Ondo),ETNon,FALSE,1478.964749,1478.964749, ,2026-03-24T02:56:03.000Z,2114,411.1952569,751197.3923,739677.876,11519.51626,0.36657107,2.13559811,1.81178896,3.45286657,2.49928394,14.97504682,608143.2899,608143.29,43:23.8,Low Risk
8917,Shyft Network,SHFT,FALSE,2335062791,2520000000,2520000000,2021-03-23T00:00:00.000Z,2115,0.000260413,614.8320053,324.6049885,290.2270168,0.65690956,-0.31065234,1.96952121,-6.29510256,-6.47110694,2.69067178,608080.7956,656240.86,43:23.8,Low Risk
25179,Turbos Finance,TURBOS,FALSE,6620000000,10000000000,10000000000,2023-05-15T16:41:55.000Z,2116,9.14E-05,16375.58323,15243.1048,1132.478424,1.45117255,-0.3627326,0.7039372,-7.77395968,-21.84938216,-23.64127659,604793.6613,913585.59,43:23.8,Medium Risk
38476,Griffin AI,GAIN,FALSE,445000746.8,1000000000,1000000000,2025-09-22T10:11:02.000Z,2117,0.001354525,2390230.501,2356765.416,33465.08484,-0.22234401,3.89052512,-2.30245239,-0.00760822,74.33576152,121.9816367,602764.4461,1354524.57,43:23.8,Low Risk
26680,Neutron,NTRN,TRUE,605925542.2,648133357.2, ,2023-06-13T09:53:47.000Z,2118,0.000990793,935.5393262,138.9095328,796.6297934,0.2974983,8.8657732,-9.18180619,-39.35082372,-63.18259493,-85.06288099,600346.5327,642165.72,43:23.8,High Risk
10744,zkRace,ZERC,FALSE,120000000,120000000,120000000,2021-07-02T00:00:00.000Z,2118,0.005002993,1427.552225,1427.552225,0,0.00192269,1.17901997,-1.21131879,-50.18360876,-56.7035624,-55.01669106,600359.1426,600359.14,43:23.8,High Risk
2847,Abyss,ABYSS,FALSE,229003738.8,508628132,508628133,2018-06-07T00:00:00.000Z,2120,0.00262073,0,0,0,1.12279115,3.48153992,7.11096617,11.8869922,-20.06845447,-18.86792115,600157.0276,1332977.14,43:23.8,Medium Risk
33608,OSCAR,OSCAR,FALSE,893798748,893798748,893798748,2024-10-24T08:45:46.000Z,2121,0.000670569,56509.7151,56509.7151,0,0.67367848,13.68010454,1.25176979,-15.93735158,-24.09646303,-45.00439548,599354.1557,599354.16,43:23.8,High Risk
39789,Global X Uranium Tokenized ETF (Ondo),URAon,FALSE,12421.66404,12421.66404, ,2026-03-24T02:56:15.000Z,2122,48.12473713,736396.5759,718606.5431,17790.03278,-0.12869317,2.50445616,4.04493051,-3.94039525,-13.04992883,3.00893698,597789.3168,597789.32,43:23.8,Medium Risk
38771,Semantic Layer,42,FALSE,148166667,1000000000,1000000000,2025-10-26T16:54:04.000Z,2123,0.004044875,15214.67248,6818.231064,8396.441419,-0.04801995,1.33971187,4.5044496,9.02683131,46.94123421,1.04253013,599315.595,4044874.65,43:23.8,Medium Risk
5798,RingDAO,RING,FALSE,1708107004,2099839892,2099840686,2020-07-02T00:00:00.000Z,2124,0.000349931,909.9195345,909.9195345,0,0.00066142,-0.92917991,-2.28526261,-26.1032537,-31.68763566,-36.36134345,597719.7361,734799.53,43:23.8,High Risk
36391,Buckazoids,Buckazoids,FALSE,999893175,999893175,999893382.7,2025-05-01T15:29:18.000Z,2125,0.000590685,149016.2829,145445.2689,3571.013942,2.30595518,5.05007182,9.36298821,1.27407812,30.41886453,39.62442536,590621.5827,590621.71,43:23.8,Medium Risk
3142,BaaSid,BAAS,FALSE,10000000000,10000000000, ,2018-08-10T00:00:00.000Z,2126,5.89E-05,41282.73262,41282.73262,0,0.12221667,1.67557437,-3.10067349,-16.41836157,-30.1559229,-55.45678809,588622.8705,588622.87,43:23.8,Medium Risk
32103,MAD,MAD,FALSE,9.99978E+11,9.99978E+11,1E+12,2024-07-04T07:58:42.000Z,2127,5.87E-07,66415.11358,62731.77917,3683.334414,-0.38141744,2.42335118,13.95112578,-49.44923095,-4.46241491,-20.25997898,586623.324,586636.16,43:23.8,High Risk
24594,BOB (ETH),BOB,FALSE,6.89128E+11,6.89128E+11,6.9E+11,2023-04-21T01:33:58.000Z,2128,8.52E-07,27584.81192,27584.81192,0,1.63985837,4.79653746,8.21981353,-41.07071718,-35.46983006,-35.86158425,587372.343,588115.89,43:23.8,High Risk
28417,Nutcoin,NUT,FALSE,2.00928E+13,2.0854E+13, ,2023-11-15T05:42:12.000Z,2129,2.92E-08,97894.37732,97894.37732,0,-0.01027,2.7965683,217.1188827,116.5259501,93.11693685,54.84378343,586195.0436,608403.87,43:23.8,High Risk
12532,TTcoin Network,TC,FALSE,4918587317,7634886986,12173162931,2021-10-08T15:42:11.000Z,2130,0.000118986,295720.3068,295523.692,196.6148052,-0.0068747,1.50210091,3.70973153,-2.64540614,-2.88097549,-7.48072806,585244.6172,1448439.89,43:23.8,Low Risk
3874,IRISnet,IRIS,FALSE,1633195019,2144419257, ,2019-04-18T00:00:00.000Z,2131,0.000358637,275.4770064,275.4770064,0,0.0018416,1.28196021,7.94509063,-98.01550286,-91.09815237,-19.00732066,585724.2947,769068.26,43:23.8,High Risk
2070,DomRaider,DRT,FALSE,591500000,1300000000,1300000000,2017-10-19T00:00:00.000Z,2132,0.0009846,0,0,0,0,0,0,0,0,0,582390.8915,1279979.98,43:23.8,Low Risk
39745,Enphase Energy Tokenized Stock (Ondo),ENPHon,FALSE,11056.453,11056.453, ,2026-03-24T02:56:25.000Z,2133,52.61900462,827828.2072,814493.4288,13334.77846,-0.14148655,-8.00408343,-8.88282541,0.24521915,65.53356784,30.56546214,581779.5515,581779.55,43:23.8,Medium Risk
4703,BonusCloud,BXC,FALSE,3352137888,7000000000, ,2019-09-24T00:00:00.000Z,2134,0.000173495,670.8322179,670.8322179,0,0.002605,0.42629217,-0.51529575,3.16746474,-0.67154589,-7.86493974,581577.7363,1214462.02,43:23.8,Low Risk
8985,Efinity Token,EFI,FALSE,86915138.61,2000000000,2000000000,2021-03-29T00:00:00.000Z,2135,0.006683803,0,0,0,0,-1.3263415,6.28858378,-17.52228176,-73.79981381,-77.19288838,580923.7019,13367606.87,43:23.8,High Risk
36171,Retard Finder Coin,RFC,FALSE,961550031,1000000000,1000000000,2025-03-31T16:06:24.000Z,2136,0.000603336,35903.82617,21728.00575,14175.82043,0.19975242,-0.35616641,2.90693677,-7.06605961,-2.03910567,-6.95090989,580137.5862,603335.83,43:23.8,Medium Risk
34110,GOUT,GOUT,FALSE,93002801316,93002801316, ,2024-11-20T10:04:52.000Z,2137,6.22E-06,476.2801619,0,476.2801619,-0.49502557,-0.37050866,2.58692161,-9.33763358,-7.16427299,-12.62765902,578585.9254,578585.93,43:23.8,Medium Risk
29037,GAIMIN,GMRX,FALSE,55089243494,93409038751,1E+11,2024-03-26T04:01:53.000Z,2138,1.05E-05,19871.44612,19871.44612,0,0.45041334,-15.0292731,2.93110472,-19.04935065,-29.44164027,-24.18346715,578092.7814,1049375.06,43:23.8,High Risk
28412,Multibit,MUBI,FALSE,950000000,1000000000,1000000000,2023-11-14T14:18:51.000Z,2139,0.000607214,91949.19442,91949.19442,0,-0.20332388,12.27651015,3.71942539,-20.70277013,-48.81955158,9.4456942,576852.8982,607213.58,43:23.8,High Risk
10974,Tranchess,CHESS,FALSE,206010405,300000000,300000000,2021-07-20T00:00:00.000Z,2140,0.002797806,33431.29775,33431.29775,0,-0.01073132,0.7495593,37.67412365,21.39304156,13.20246457,55.32331369,576377.1817,839341.85,43:23.8,High Risk
2398,SelfKey,KEY,FALSE,5999999954,5999999954,6000000000,2018-01-15T00:00:00.000Z,2141,9.60E-05,6969.599192,6969.599192,0,-0.78450154,1.99506411,-0.61151953,-30.71599454,-28.68067173,-37.77160346,575802.5227,575802.53,43:23.8,High Risk
38784,BitcoinOS,BOS,FALSE,6513800000,21000000000,21000000000,2025-10-26T12:51:56.000Z,2143,8.83E-05,510149.3908,309187.2802,200962.1106,-3.55220198,2.51579077,10.96759995,-45.859776,-76.29388565,-91.90934132,574848.8291,1853269.28,43:23.8,High Risk
38156,META FINANCIAL AI,MEFAI,FALSE,578177633.1,578177633.1,1000000000,2025-08-21T07:19:22.000Z,2142,0.000994531,434862.8616,434862.8616,0,-0.2772618,3.28604722,-2.99623186,-32.92649162,-28.34138029,-39.668634,575015.6526,994531.13,43:23.8,High Risk
29350,Vector Smart Gas,VSG,FALSE,10000000000,10000000000,10000000000,2024-02-09T04:41:41.000Z,2144,5.74E-05,136083.6167,136083.6167,0,-0.18187911,0.19062021,-1.37994268,-19.17200493,-6.43304526,-1.99388277,573646.55,573646.55,43:23.8,Medium Risk
15752,Blockasset,BLOCK,FALSE,312236396,312236396,320000000,2021-12-15T06:05:40.000Z,2145,0.001832166,327.4754945,0,327.4754945,0.03118295,1.61338731,-0.65240575,-10.32738345,-10.91573507,22.56840957,572068.8441,586293.05,43:23.8,Medium Risk
33786,Patriot,PATRIOT,FALSE,10000000000,10000000000,10000000000,2024-11-04T08:10:27.000Z,2146,5.71E-05,71761.53795,71761.53795,0,0.00236856,4.04568338,3.05632374,-32.63142379,-66.75330483,-73.92939543,570661.7841,570661.78,43:23.8,High Risk
32926,MetaCene,MAK,FALSE,521082165,1000000000,1000000000,2024-09-05T13:27:07.000Z,2147,0.001093417,41142.08247,41142.08247,0,-0.27441416,-1.1176917,0.94256688,-33.87249587,-36.99183981,-36.91515091,569759.9517,1093416.72,43:23.8,High Risk
35277,Camino Network,CAM,FALSE,325415728,917499341,1000000000,2025-01-17T09:59:15.000Z,2148,0.001748937,866.0527296,866.0527296,0,0.002605,0.48068773,-53.12471322,43.77376307,45.60878796,66.06919119,569131.6859,1748937.24,43:23.8,High Risk
38597,Xcellar,XCL,FALSE,933000000,950000000,950000000,2025-10-07T07:38:24.000Z,2149,0.000608166,1259.40885,1259.40885,0,0.7425229,6.90563097,5.56482604,-23.79405359,-71.08549084,-55.80409115,567418.5817,577757.4,43:23.8,High Risk
23681,WINR Protocol,WINR,FALSE,712763582,799869795,908286679,2023-02-27T15:40:58.000Z,2150,0.000795141,1133.99052,0,1133.99052,-1.44184603,-6.36321887,-23.99843758,-27.94713602,-18.17356145,-20.52828859,566747.3545,722215.73,43:23.8,High Risk
27894,JetTon Games,JETTON,FALSE,20093457,74687786,100000000,2023-08-25T05:00:01.000Z,2151,0.028065191,68050.97461,65735.21837,2315.75624,0.0046688,-0.57760621,-4.88089148,-31.84049542,-17.80740892,-29.72195874,563926.701,2806519.06,43:23.8,High Risk
35433,Silencio,SLC,FALSE,17427933245,98707325000,98707325000,2025-01-24T02:47:34.000Z,2152,3.23E-05,61554.49812,59395.59462,2158.903492,-0.16258597,0.02549213,-0.57188492,-15.31960853,-34.82532912,-41.81371195,562495.9075,3185831.94,43:23.8,Medium Risk
35241,Hive Intelligence,HINT,FALSE,460375000,999999996.7, ,2025-01-14T14:00:39.000Z,2153,0.001219134,199944.8719,198681.4295,1263.442461,0.06680205,0.71534265,-2.89213732,-11.10305226,45.59195393,25.78590319,561258.7954,1219133.95,43:23.8,Medium Risk
9523,Packet,PKT,FALSE,4245392097,4733616279,6000000000,2021-05-01T00:00:00.000Z,2154,0.000131514,0,0,0,0,4.71673839,7.54161808,-24.22078101,-7.20150696,13.55506293,558329.1535,789084.93,43:23.8,High Risk
27736,Exactly Protocol,EXA,FALSE,5245411.656,10000000,10000000,2023-08-03T05:34:36.000Z,2155,0.106414558,0,0,0,0,9.8816615,14.0126551,-18.97427584,-36.80609883,-49.59101953,558188.1622,1064145.58,43:23.8,High Risk
36772,GPUnet,GPU,FALSE,10169187,200000000,200000000,2025-06-09T13:16:46.000Z,2156,0.054851384,0,0,0,0.86118778,11.04184934,8.79638428,-6.24723066,-26.37608449,-32.50331352,557793.9775,10970276.73,43:23.8,High Risk
30591,Foxy,FOXY,FALSE,5858000000,10000000000,10000000000,2024-04-12T07:44:17.000Z,2157,9.49E-05,302296.4479,302296.4479,0,2.09994217,0.01971315,-6.81958193,-28.54963445,-14.46209941,-72.89129919,556097.02,949295.02,43:23.8,High Risk
34888,KIKICat,KIKI,FALSE,999987629,1000000000,1000000000,2024-12-26T14:06:46.000Z,2158,0.000555112,0,0,0,0.1346297,1367.189592,1243.907123,795.1133673,948.7786444,804.4975648,555105.4756,555112.34,43:23.8,High Risk
37291,Rezerve Money,RZR,TRUE,851583.5,1469994.742, ,2025-07-16T19:47:06.000Z,2159,0.648265965,0,0,0,0,1.0418036,1.21308549,-13.6038027,-15.74963764,-17.05840222,552052.5997,952947.56,43:23.8,Medium Risk
27369,U2U Network,U2U,FALSE,1526009637,9150000000,10000000000,2024-12-10T18:43:50.000Z,2160,0.000361571,225405.9845,225405.9845,0,0.23835984,-5.34923877,1.4812186,-50.05832811,-24.5271618,-39.92535399,551760.3822,3615707.06,43:23.8,High Risk
9741,Solanium,SLIM,FALSE,100000000,100000000, ,2021-05-12T00:00:00.000Z,2161,0.005502546,12017.51702,0,12017.51702,-2.16261479,2.88406215,8.17541071,-22.65075921,-25.28495933,-57.99852312,550254.5646,550254.56,43:23.8,High Risk
37702,Punkvism,PVT,FALSE,2520178619,9804891475,10000000000,2025-08-11T08:13:00.000Z,2162,0.000217726,41216.07247,41216.07247,0,0.96390772,1.58412748,-22.16791584,-48.43170451,-54.79591355,-55.85424935,548708.0652,2177258.63,43:23.8,High Risk
36011,Space Nation Oikos,OIK,FALSE,448059000,1000000000,1000000000,2025-03-13T03:16:13.000Z,2163,0.00122373,79217.99365,14942.83813,64275.15553,-0.30785684,-7.60486931,-7.26959175,-26.00001025,55.74099285,61.07709542,548303.1936,1223729.9,43:23.8,High Risk
28053,Real Smurf Cat,SMURFCAT,FALSE,93809000000,1E+11, ,2023-09-19T09:55:34.000Z,2164,5.81E-06,746606.4356,631546.3206,115060.115,1.14615638,6.77584575,1.8442082,-11.83483302,-16.09952001,-17.97368724,545359.3735,581350.8,43:23.8,Medium Risk
8335,Mdex,MDX,FALSE,950246937.4,1060000000, ,2021-01-27T00:00:00.000Z,2165,0.000575376,2756.779241,2530.548504,226.2307379,0.08978327,19.05669042,12.79192263,-9.24822988,-14.04260329,-18.25018689,546749.5546,609898.86,43:23.8,High Risk
13319,Flamengo Fan Token,MENGO,FALSE,18022368,30000000,30000000,2021-10-26T13:41:45.000Z,2166,0.030228525,86922.50736,80172.70964,6749.797718,0.87055558,-1.68099431,-8.90857682,-25.00638435,-36.33441181,-38.49958308,544789.606,906855.76,43:23.8,High Risk
38480,TMX,TMX,FALSE,517856.9462,20000000,20000000,2025-09-22T14:28:20.000Z,2167,1.049026903,0,0,0,0,-58.14701574,-58.1500131,-58.15874371,-58.17287382,-85.22782729,543245.8683,20980538.05,43:23.8,High Risk
4460,PirateCash,PIRATE,FALSE,27163339,105000000,105000000,2020-08-19T00:00:00.000Z,2168,0.01994599,224104.4424,5562.638904,218541.8035,-0.13306678,-0.1109649,0.18691808,-2.46191355,0.16777907,0.48137164,541799.688,2094328.95,43:23.8,Low Risk
18411,Toto Finance,TOTO,FALSE,300670950.6,953798575.6,1000000000,2022-02-28T04:35:44.000Z,2169,0.001799964,2721.21118,2721.21118,0,0.05942288,0.0536761,-11.16095715,-31.5821873,-34.08913883,-17.12051898,541196.9605,1799964.24,43:23.8,High Risk
39360,黑马,黑马,FALSE,1000000000,1000000000,1000000000,2026-01-13T13:52:44.000Z,2170,0.000541192,725750.9299,606619.2697,119131.6602,-2.59092607,2.73672043,-27.48947194,0.12055399,59.78130558,69.26770813,541192.3311,541192.33,43:23.8,High Risk
19743,MSQUARE GLOBAL,MSQ,FALSE,5990103,25916431,25916431,2022-04-25T06:33:13.000Z,2171,0.090189506,26220.83473,19783.79833,6437.036398,-4.15052503,2.82983219,28.37717199,-86.51971365,-69.19639258,-82.97282215,540244.4317,2337390.11,43:23.8,High Risk
34271,Rizzmas,RIZZMAS,FALSE,4.97318E+11,4.97318E+11,5E+11,2024-11-23T06:05:00.000Z,2172,1.08E-06,114341.2811,55798.46742,58542.81372,2.04338437,-11.007196,5.6316552,-54.63579534,-57.2522915,-62.05439743,536495.537,539389.08,43:23.8,High Risk
15257,EverRise,RISE,FALSE,63879000000,71618033988,71618033988,2021-06-21T00:00:00.000Z,2173,8.40E-06,3.82028827,3.82028827,0,-0.03885,-27.35997876,-29.92546731,-44.38902254,-49.8482871,-55.48151801,536494.1244,601491.17,43:23.8,High Risk
29030,Port3 Network,PORT3,FALSE,692890044.9,1000000000,1000000000,2024-01-15T01:19:42.000Z,2174,0.000772811,58118.82108,58118.82108,0,0.17368282,-1.73754342,-11.7381596,-25.79990419,-64.67672259,-82.622384,535472.8645,772810.73,43:23.8,High Risk
38941,Surge,SURGE,FALSE,490000000,1000000000,1000000000,2025-11-13T15:21:41.000Z,2175,0.001088841,43059.66762,26130.42142,16929.2462,0.41310788,-10.03277364,-23.01716126,-70.09556388,-91.48224605,-93.71539397,533532.3264,1088841.48,43:23.8,High Risk
38028,Spotify Tokenized Stock (Ondo),SPOTon,FALSE,1112.255798,1112.255798, ,2025-09-03T10:55:10.000Z,2176,479.1551411,1242242.108,1242242.108,0,0.33821669,-1.12913666,-4.70744826,9.60323917,-8.14556961,-8.49825504,532943.0838,532943.08,43:23.8,Medium Risk
39253,Constellation Energy Tokenized Stock (Ondo),CEGon,FALSE,2014.255519,2014.255519, ,2026-01-08T15:44:11.000Z,2177,264.4900822,919375.2212,891498.9507,27876.27051,0.01687083,2.04622754,4.33049555,0.35184013,-12.15518087,-15.34341203,532750.6078,532750.61,43:23.8,Low Risk
33227,Vertus,VERT,FALSE,527199617,1200000000,1200000000,2025-01-22T06:18:29.000Z,2178,0.001010083,89764.83698,89764.83698,0,0.15118075,-0.18127066,-9.20017912,-6.50535518,21.45227005,1.5663871,532515.5668,1212100.05,43:23.8,Medium Risk
38551,Cypher,CYPR,FALSE,94833863,1000000000,1000000000,2025-10-02T08:06:13.000Z,2179,0.005598013,83917.45722,33123.3467,50794.11051,-1.10675029,27.43318814,-4.73752107,-38.15350715,-35.69816464,-52.96914409,530881.1728,5598012.74,43:23.8,High Risk
6283,Blocery,BLY,FALSE,999999995.6,1000000000,1000000000,2020-08-07T00:00:00.000Z,2180,0.000530815,55.03769961,55.03769961,0,0.09004177,0.39592179,0.85917198,-83.19034247,1680.971441,-49.45722838,530814.7498,530814.75,43:23.8,High Risk
9638,SingularityDAO,SDAO,FALSE,82733203.76,100000000,100000000,2021-05-07T00:00:00.000Z,2181,0.006407283,0,0,0,0,-13.98668161,-9.41953034,-24.68019593,-16.86389336,-23.47870258,530095.0738,640728.33,43:23.8,High Risk
21704,Carnomaly,CARR,FALSE,1750000000,1750000000,1750000000,2021-03-16T00:00:00.000Z,2182,0.000301492,24006.42726,24006.42726,0,0.12773591,10.9387519,-20.77569224,-45.14077441,-0.69518074,-40.58036499,527610.7631,527610.76,43:23.8,High Risk
35482,AGI ALPHA AGENT,AGIALPHA,FALSE,999996903.8,999996903.8, ,2025-01-25T06:18:51.000Z,2183,0.000525763,0,0,0,0,3.72092427,-0.4917495,-32.48915551,-40.32246274,-85.12509017,525761.802,525761.8,43:23.8,High Risk
38013,MARA Holdings Tokenized Stock (Ondo),MARAon,FALSE,35854.78228,35854.78228, ,2025-09-03T10:55:00.000Z,2184,14.59112895,1976504,1970563.392,5940.607884,0.03828749,-0.73353873,5.60415619,18.07658428,26.48223177,57.5906564,523161.7519,523161.75,43:23.8,Medium Risk
39774,US Natural Gas Fund Tokenized Stock (Ondo),UNGon,FALSE,45833.75959,45833.75959, ,2026-03-24T02:56:20.000Z,2185,11.39968714,739818.1979,739495.4036,322.7943276,0.04019368,3.02561575,-1.09288911,1.1087979,5.39905255,-3.90890048,522490.5196,522490.52,43:23.8,Low Risk
35650,StupidCoin,STUPID,FALSE,994841831,994841831,994841831,2025-02-07T12:35:34.000Z,2186,0.000520884,59843.46908,59843.46908,0,1.23262356,-1.17408893,2.39937661,-14.44695861,-32.22449642,-41.66894871,518196.9484,518196.95,43:23.8,Medium Risk
34783,Ultraround Money,CIRCLE,FALSE,873474,873474,1000000,2024-12-20T06:10:30.000Z,2187,0.592326923,0,0,0,0,0.8851912,7.50322573,-7.88652296,-41.26244953,-41.64590828,517382.1664,592326.92,43:23.8,Medium Risk
2763,Morpheus.Network,MNW,FALSE,47897218,47897218,47897218,2018-05-22T00:00:00.000Z,2188,0.010756286,0,0,0,0,-15.81062151,-11.2678676,-46.456781,-59.36591413,-58.33773555,515196.1927,515196.19,43:23.8,High Risk
31037,Rebel Cars,RC,FALSE,206354380,1000000000,1000000000,2024-07-17T07:56:02.000Z,2189,0.002495845,32770.83902,32770.83902,0,1.03762795,2.59707276,2.65835062,6.85901855,-39.01518213,-36.23269986,515028.5338,2495844.93,43:23.8,Medium Risk
17285,Sperax USD,USDs,FALSE,515101.9399,515101.9399, ,2022-01-14T04:28:57.000Z,2190,0.999798544,967726.0735,964379.1865,3346.88706,-0.00529415,0.0357441,0.03401464,0.07879382,0.0590229,-0.48189689,514998.1696,514998.17,43:23.8,Low Risk
14304,Gamium,GMM,FALSE,48964866146,50000000000,50000000000,2021-11-11T03:50:30.000Z,2191,1.04E-05,4068.854327,3610.809575,458.0447525,0.91953484,-7.05267818,-9.86225546,-34.86688225,-54.56741414,-58.75612707,510603.4395,521397.77,43:23.8,High Risk
17000,Creo Engine,CREO,FALSE,688886709,788886709,1000000000,2022-01-07T16:05:23.000Z,2192,0.000745342,128783.5115,128732.5126,50.99891063,0.01781198,0.36122651,-4.3061208,-11.17410736,-17.62851913,-29.60370731,513456.1012,745341.86,43:23.8,Medium Risk
38707,Astra Nova,RVV,FALSE,2981911651,10000000000,10000000000,2025-10-17T03:41:29.000Z,2193,0.000172111,665360.1994,601950.0221,63410.17734,-1.68883315,5.78552726,2.66157182,-46.60951952,-4.89813295,-6.22562334,513220.3153,1721111.74,43:23.8,High Risk
38659,Anome,ANOME,FALSE,30000000,1000000000,1000000000,2025-10-10T09:38:06.000Z,2194,0.01696972,1010082.068,249092.589,760989.4787,-1.02932819,-9.98762789,-26.589012,-20.53635446,-33.08791544,-52.23863691,509091.5996,16969719.99,43:23.8,High Risk
32217,Aark,AARK,FALSE,604226593.4,680137634,1000000000,2024-07-15T04:17:09.000Z,2195,0.000829518,1370.805538,1300.199618,70.60592044,2.38629699,169.3205485,107.4953342,-36.7589672,-34.27494635,-38.50807727,501217.1367,829518.5,43:23.8,High Risk
35448,BunkerCoin,BUNKER,FALSE,1000000000,1000000000, ,2025-01-24T04:44:45.000Z,2196,0.000500627,0,0,0,0.93461392,4.90863351,13.23204438,-8.0185418,66.90058941,148.6873323,500626.7917,500626.79,43:23.8,High Risk
15134,Aston Villa Fan Token,AVL,FALSE,7614792,10000000,10000000,2021-11-24T14:19:31.000Z,2197,0.0656965,25342.40528,24040.8656,1301.539681,0.35879256,-1.27470252,-1.30970867,-57.88876781,-57.27131543,-46.23389642,500265.1859,656965,43:23.8,High Risk
39753,Franklin High Yield Corporate Tokenized ETF (Ondo),FLHYon,FALSE,20414.31317,20414.31317, ,2026-03-24T02:56:09.000Z,2198,24.44856907,0,0,0,0,0,0.11173647,-0.22385104,1.16171876,1.60081055,499100.7456,499100.75,43:23.8,Low Risk
21473,Dione Protocol,DIONE,TRUE,12139025715,13433600526, ,2022-08-19T09:58:46.000Z,2199,4.11E-05,1562.271142,1562.271142,0,0.73303364,8.2567809,-2.07446264,-17.2934043,-55.94552701,-73.75533791,498982.4097,552196.73,43:23.8,High Risk
33356,MSTR2100,MSTR,FALSE,20645815,21000000,21000000,2024-10-08T07:11:21.000Z,2200,0.024143988,162364.2038,158619.1874,3745.016401,-0.83122807,-0.24759634,9.86020172,-22.26686043,-28.32227441,-37.77963358,498472.3041,507023.74,43:23.8,High Risk
17464,StreamCoin,STRM,FALSE,1492629682,3041407379,3041407379,2022-01-19T08:09:40.000Z,2201,0.000333021,104080.6863,104080.6863,0,0.07703754,-5.74501009,-10.83684332,-16.03761319,6.11847084,-28.97257276,497077.3877,1012853.26,43:23.8,High Risk
5541,Xaya,CHI,FALSE,58422257.39,67564384.39, ,2020-05-05T00:00:00.000Z,2202,0.008447492,0,0,0,0,6.80101635,3.98510723,-20.13392657,-32.93187772,-31.57102131,493521.5681,570749.62,43:23.8,High Risk
24771,WeFi,WEFI,FALSE,41883332,100000000, ,2023-05-22T09:05:40.000Z,2203,0.011762752,1786.866929,1786.866929,0,0.16221924,0.01607209,0.12003623,0.14045265,0.43628605,0.44523165,492663.2652,1176275.24,43:23.8,Low Risk
13914,OBT,OBT,FALSE,1000000000,1000000000,1000000000,2021-11-05T05:18:51.000Z,2204,0.000490707,5066.971803,5066.971803,0,-3.16175513,0.63319823,-9.08641204,-47.0479961,-52.68685173,-61.24105915,490706.7368,490706.74,43:23.8,High Risk
39757,Franklin Focused Growth Tokenized ETF (Ondo),FFOGon,FALSE,10090.26528,10090.26528, ,2026-03-24T02:56:20.000Z,2205,48.59988583,0,0,0,0,0,-6.01991265,-1.96523611,12.12107084,15.72000177,490385.7405,490385.74,43:23.8,Low Risk
31305,MAGA (maga-hat.vip),MAGA,FALSE,3.90259E+11,4.1334E+11,4.2069E+11,2024-05-17T14:17:28.000Z,2206,1.26E-06,115552.6674,115552.6674,0,-0.6738478,-1.92836989,6.37282213,-20.1850567,-1.28645113,-3.79521018,490328.0114,528562.18,43:23.8,High Risk
9967,SafeBlast,BLAST,FALSE,1.7555E+14,1E+15, ,2021-05-20T00:00:00.000Z,2207,2.79E-09,36962.41263,36962.41263,0,0.10801617,7.6646528,0.02682091,40.06455395,40.01294775,40.01149762,489163.1481,2786460.54,43:23.8,High Risk
2245,Presearch,PRE,FALSE,396578435,1000000000,1000000000,2017-12-05T00:00:00.000Z,2208,0.00123327,1385.931672,0,1385.931672,-0.02862387,11.47651503,15.42715807,-26.13968877,-44.07226105,-41.11036285,489088.2802,1233269.98,43:23.8,High Risk
24851,POOH,POOH,FALSE,4.2069E+14,4.2069E+14,4.2069E+14,2023-05-01T18:19:53.000Z,2209,1.16E-09,448.5557664,0,448.5557664,1.52676779,4.87757491,17.45095214,-16.25426585,-10.6633455,-43.1258232,488960.3055,488960.31,43:23.8,High Risk
31401,Eternal AI,EAI,FALSE,318470000,1000000000,1000000000,2024-05-23T09:04:21.000Z,2210,0.001534777,11041.91478,11041.91478,0,1.55513141,4.76356166,6.6416252,-26.0361431,-37.05292351,-42.0337459,488780.5613,1534777.41,43:23.8,High Risk
39716,Akita (new),AKITA,FALSE,33512466.87,100000000,100000000,2021-02-02T00:00:00.000Z,2211,0.014540289,11464.67106,11464.67106,0,0.38989066,0.62496528,-3.84341596,-37.90927112,-8.20265173,232.0211861,487280.9542,1454028.9,43:23.8,High Risk
12198,Boss Token,BOSS,FALSE,3.94668E+14,4.36623E+14,1E+15,2021-09-29T14:01:21.000Z,2212,1.23E-09,0,0,0,0,0.64443962,2.74041862,-7.5448305,-2.35676115,-9.18080794,487090.2943,1234176.83,43:23.8,Medium Risk
19722,SOVRUN,SOVRN,FALSE,184477013,896771567,1000000000,2022-04-22T10:27:28.000Z,2213,0.002631252,640.494396,640.494396,0,0.00705012,4.01444007,3.64716071,-20.04205224,-22.55296098,-21.16017644,485405.4738,2631251.81,43:23.8,High Risk
39796,Western Digital Tokenized Stock (Ondo),WDCon,FALSE,704.8684235,704.8684235, ,2026-03-24T02:56:18.000Z,2214,687.7436827,917850.6347,776636.7632,141213.8714,1.57753166,16.06320548,26.42899857,43.8395727,90.92491004,132.2779066,484768.8054,484768.81,43:23.8,High Risk
31914,Billy,BILLY,FALSE,936137657,982930293,1000000000,2024-06-20T06:10:19.000Z,2215,0.00051651,63371.84198,58350.04542,5021.796563,-0.02285715,-0.76595498,5.75377524,-17.56294716,-18.63154792,-44.12631663,483524.1656,516509.68,43:23.8,Medium Risk
3714,EQTY,EQTY,FALSE,291044699,291044699,291044699,2019-02-05T00:00:00.000Z,2216,0.001655895,9070.605662,9070.605662,0,-0.57048363,-2.28959211,-6.96503425,-34.59846009,-35.22074111,-39.10089567,481939.3485,481939.35,43:23.8,High Risk
29281,Edge Matrix Chain,EMC,FALSE,204489614,979805332.5,1000000000,2024-02-05T08:20:08.000Z,2217,0.002340428,1374.309822,1198.283522,176.0262999,10.87725321,19.91505569,24.5010256,29.49563756,0.38882252,18.59466031,478593.2158,2340427.99,43:23.8,High Risk
6622,Hakka.Finance,HAKKA,FALSE,378002919.8,422083253.7, ,2020-08-17T00:00:00.000Z,2218,0.001266067,0,0,0,0,-0.56864929,-33.29272549,-35.29160657,-37.42870041,-39.60141945,478577.0798,534385.74,43:23.8,High Risk
30767,Funtico,TICO,FALSE,2131867468,10000000000,10000000000,2025-01-28T12:38:00.000Z,2219,0.000223805,346.2155632,346.2155632,0,0.00459649,-2.99374659,-28.18177365,-51.07469992,-43.44010856,-35.44282052,477121.7976,2238046.24,43:23.8,High Risk
28660,Levana Protocol,LVN,FALSE,803015393.7,1000000000,1000000000,2023-12-19T13:25:55.000Z,2220,0.000591948,0,0,0,0,-10.27624282,-1.50845733,-17.68725718,-6.41657497,-9.55148038,475343.0063,591947.56,43:23.8,High Risk
40004,Virl.fun,VIRL,FALSE,999997286,999997286,1000000000,2026-05-15T07:28:30.000Z,2221,0.000478304,436942.4822,112619.0487,324323.4335,0.68848973,-32.52588065,-9.39463121,-48.85218321,-27.30294926,-27.30294926,478302.5835,478303.88,43:23.8,High Risk
21106,Radiant Capital,RDNT,FALSE,1427830790,1499954427,1500016091,2022-07-21T06:25:00.000Z,2224,0.000329918,100378.9388,77375.46619,23003.47265,-3.64302994,-3.12032329,-43.05257709,-81.14667609,-84.19198426,-93.07040235,471066.8884,494882.11,43:23.8,High Risk
7150,Flamingo,FLM,FALSE,566453675,566453675,1000000000,2020-09-29T00:00:00.000Z,2222,0.000834751,56106.51574,56106.51574,0,0.27328186,3.77639563,20.19286837,-23.59600104,-72.45128443,-73.23603234,472848.0047,834751.41,43:23.8,High Risk
39640,Shardeum (New),SHM,TRUE,12914129913,60255009426, ,2022-10-24T05:59:18.000Z,2223,3.65E-05,152036.9365,152036.9365,0,-0.07936251,-1.68060585,-9.50748275,-24.99383175,-40.15318578,-53.28464505,471201.0023,2198539.2,43:23.8,High Risk
39794,Franklin Responsibly Sourced Gold Tokenized ETF (Ondo),FGDLon,FALSE,7957.73102,7957.73102, ,2026-03-24T02:56:25.000Z,2225,59.09369297,0,0,0,0,0,-0.01599353,-6.1776265,-4.31092588,-5.06311805,470251.7137,470251.71,43:23.8,Low Risk
31337,BEERCOIN,BEER,FALSE,5.49761E+11,8.88889E+11, ,2024-05-21T11:16:51.000Z,2226,8.55E-07,47640.91008,38907.33144,8733.578644,-5.57899564,-2.5056594,-6.57787362,-4.48001381,2.49004122,-9.28116957,470182.3719,760220.58,43:23.8,Medium Risk
8132,BiFi,BIFI,FALSE,490695004.7,1000000000,1000000000,2020-12-29T00:00:00.000Z,2227,0.000948555,1384.711011,1213.897643,170.813368,0.40791122,-0.0701184,-5.77572487,-18.46493782,47.76013026,56.2231669,465451.1324,948554.86,43:23.8,Medium Risk
9291,Ternoa,CAPS,FALSE,1287030207,2495986190, ,2021-04-19T00:00:00.000Z,2228,0.000361533,5091.943788,5091.943788,0,2.77872111,8.54266723,1.00078752,-42.91665079,-46.22926337,-37.29850924,465303.6858,902380.98,43:23.8,High Risk
30734,EstateX,ESX,FALSE,948881136.8,7000000000,7000000000,2024-04-17T10:11:50.000Z,2229,0.000487499,32405.05098,9330.324861,23074.72612,0.13016397,7.18145812,-5.92358204,-25.52956968,-37.68422229,-47.0899571,462578.3636,3412491.22,43:23.8,High Risk
36121,Mubarakah,MUBARAKAH,FALSE,1000000000,1000000000,1000000000,2025-03-25T08:05:14.000Z,2230,0.000463923,37469.12983,29411.77117,8057.358665,-0.0647697,0.06986696,-12.35355207,-1.18868565,6.50911662,-5.70432211,463922.7591,463922.76,43:23.8,Medium Risk
18586,3space Art,PACE,FALSE,72171511.66,100000000,100000000,2022-03-07T02:50:16.000Z,2231,0.006424001,1188.385101,1188.385101,0,0.02259364,-6.7327285,-5.70007737,7.26317975,15.81853343,-5.71458874,463629.8904,642400.14,43:23.8,Medium Risk
29516,Alphakek AI,AIKEK,FALSE,237319317.3,237319317.3,256000000,2024-02-23T09:02:40.000Z,2232,0.001947115,378.1841042,0,378.1841042,2.1678349,3.46334148,7.0922126,-40.515123,-55.29294732,-62.85639886,462087.9217,498461.35,43:23.8,High Risk
34587,Frodo the virtual samurai,FROG,FALSE,5000000000,5000000000,5000000000,2024-12-12T22:29:17.000Z,2233,9.17E-05,0,0,0,0,0.77686287,3.35952905,-11.25118732,-13.26594776,-23.69805175,458644.5075,458644.51,43:23.8,Medium Risk
6933,Nuco.cloud,NCDT,FALSE,50000000,50000000,50000000,2020-09-08T00:00:00.000Z,2234,0.009107663,69465.68698,69465.68698,0,-0.06889923,4.27668043,5.12913467,-12.67190193,-20.9556247,-26.9546337,455383.1252,455383.13,43:23.8,Medium Risk
7232,Stella,ALPHA,FALSE,961000000,1000000000,1000000000,2020-09-29T00:00:00.000Z,2236,0.000471051,18101.37791,16473.66664,1627.71126,1.69297822,-15.13305888,-24.3964641,-59.1658218,27.1118454,-81.62209517,452679.8969,471050.88,43:23.8,High Risk
37627,Momo (momocoin.info),MOMO,FALSE,994625584.7,994625584.7,1000000000,2025-08-06T08:48:26.000Z,2237,0.000454971,620234.9588,614711.6694,5523.289403,1.52828958,-5.68745297,-0.30640127,-54.46127558,-64.33348719,-79.42871189,452525.3814,454970.58,43:23.8,High Risk
30156,Sensay,SNSY,FALSE,5205827044,10000000000,10000000000,2024-04-03T14:00:20.000Z,2237,8.68E-05,18346.67209,18346.67209,0,1.14820958,4.74301196,0.93381104,-38.5514193,-54.0682301,-59.44038974,451619.0448,867526.03,43:23.8,High Risk
40026,Peponk,PEPONK,FALSE,873998536.6,984998988.2,984998988.2,2026-05-20T06:33:01.000Z,2235,0.000521746,62500.99338,16100.36168,46400.63171,0.63152006,49.65476366,-14.75509735,60.81749172,119.2775606,304.0675467,456005.6245,513919.71,43:23.8,High Risk
35127,X Money,XMONEY,FALSE,821720011,915286143,915286143,2025-01-09T07:41:43.000Z,2239,0.000546767,4049.781397,0,4049.781397,2.70087377,-0.71606166,45.48846172,18.34037117,-51.76244076,-24.51213304,449289.4525,500448.33,43:23.8,High Risk
4974,EXMO Coin,EXM,FALSE,107375446,1223754723, ,2019-12-04T00:00:00.000Z,2240,0.004152372,2171736.498,2171736.498,0,-0.10825416,3.63436046,2.34272678,-19.50131516,-19.40354649,-21.49290206,445862.7751,5081484.61,43:23.8,High Risk
35942,Nitro,NITRO,FALSE,4.2E+11,4.2E+11,4.2E+11,2025-03-04T12:40:30.000Z,2241,1.06E-06,75981.42761,75981.42761,0,0.1534706,8.56808324,5.78006632,-11.429427,0.27811497,10.61321024,445296.2962,445296.3,43:23.8,High Risk
34794,ISLAND Token,ISLAND,FALSE,157340641.2,922863694.8,1000000000,2024-12-20T09:03:02.000Z,2242,0.002815337,747.1401785,747.1401785,0,0.00093912,2.68191388,14.71386445,-5.04439207,-19.57034322,-26.02880237,442966.9549,2815337.17,43:23.8,Medium Risk
33656,PINO,PINO,FALSE,989758257,989758257,989758257,2024-10-28T02:46:17.000Z,2243,0.000446015,1614.13922,0,1614.13922,2.0266924,6.50023626,20.58432342,-37.52765438,-44.01632206,-28.06081791,441447.3894,441447.39,43:23.8,High Risk
5326,Orbit Chain,ORC,FALSE,681556727.9,937815594.2,1000000000,2020-03-16T00:00:00.000Z,2244,0.000646601,0,0,0,0,6.29269906,10.98715709,5.60917407,-69.50766782,-71.81014926,440695.0651,646600.71,43:23.8,Medium Risk
2700,Celsius,CEL,FALSE,37720111,37720111, ,2018-05-18T00:00:00.000Z,2245,0.01165781,1677.975934,1677.199309,0.77662539,0.0196692,-3.14098263,-20.31599855,-34.17018213,-43.55927376,-47.59855599,439733.9029,439733.9,43:23.8,High Risk
24268,Thala,THL,FALSE,49015380,99796037.22,100000000,2023-04-06T15:05:15.000Z,2246,0.00900548,3297.846363,3277.814019,20.03234361,0.62701952,0.19600502,-5.2024428,-27.36597889,-23.19392174,-46.4034982,441407.0352,900548.02,43:23.8,High Risk
36234,Fair and Free,FAIR3,FALSE,935814213,935814213,935814213,2025-04-10T09:03:16.000Z,2247,0.000468698,11968.90471,11968.90471,0,0.20292088,6.60349165,6.8243156,-16.83462206,-79.03257331,-81.33396804,438614.5383,438614.54,43:23.8,High Risk
16962,XELS,XELS,FALSE,21000000,21000000,21000000,2022-01-06T17:44:29.000Z,2248,0.020850162,76223.64802,76223.64802,0,-0.00393964,-0.03380725,-0.39684271,-10.41304484,-22.65014611,-22.72929232,437853.4021,437853.4,43:23.8,Medium Risk
14977,Mintlayer,ML,FALSE,64198610,503613010,599990190,2021-11-22T12:15:44.000Z,2249,0.0067991,118041.8135,118041.8135,0,-0.01212608,-0.44616892,3.27401051,0.40294727,0.3667574,-3.26137597,436492.777,4079393.37,43:23.8,Low Risk
33892,Happy Cat,HAPPY,FALSE,3333174669,3333174669,3333263251,2024-11-11T17:23:47.000Z,2250,0.00013057,46298.50004,45315.62197,982.878063,0.99472866,6.76263416,9.04770508,-12.98952434,-15.72369533,-34.19867024,435213.5027,435225.07,43:23.8,High Risk
35139,Butthole Coin,BHC,FALSE,999982618,999982618, ,2025-01-09T21:34:45.000Z,2251,0.000435171,274432.1817,263379.9056,11052.27618,1.58295374,22.09192972,9.58341067,-21.33619892,-14.4408267,-21.06632593,435163.7762,435163.78,43:23.8,High Risk
28786,Hemule,HEMULE,FALSE,979998587.9,979998587.9,1000000000,2023-12-21T03:10:43.000Z,2252,0.000438459,0,0,0,0,2.59401701,5.89813198,-25.768596,-22.85599344,-25.96636243,429689.4491,438459.25,43:23.8,High Risk
39601,Lobstar,LOBSTAR,FALSE,999773495.7,999773495.7,999997145.9,2026-02-23T02:28:22.000Z,2253,0.000428974,143117.7872,47115.01535,96002.77185,1.70634753,-16.71205136,-36.60230522,-67.35504783,-86.45221646,-92.38436599,428876.833,428972.77,43:23.8,High Risk
4003,Zenon,ZNN,FALSE,6330750.418,7102886.418, ,2019-06-12T00:00:00.000Z,2254,0.06770442,0,0,0,-0.01973628,-0.83025877,-22.35246301,-58.52663275,-74.02075183,-80.52987133,428619.7852,480896.81,43:23.8,High Risk
39339,Owlto Finance,OWL,FALSE,330000000,2000000000,2000000000,2026-01-13T09:19:57.000Z,2255,0.001291421,1260830.678,1189758.986,71071.69196,-5.91190253,9.09423708,2.24371957,-68.17382599,-67.85165538,-77.36866471,426168.9479,2582842.11,43:23.8,High Risk
29015,Solama,SOLAMA,FALSE,653868075,676584793.3,676584793.3,2024-01-12T10:05:51.000Z,2256,0.000650629,19337.92422,17666.1591,1671.765121,0.32589877,5.53294596,8.4860691,-30.16578313,-19.98495996,-34.87279058,425425.3559,440205.51,43:23.8,High Risk
32543,HahaYes,RIZO,FALSE,4.20631E+11,4.20631E+11,4.2069E+11,2024-08-02T21:35:16.000Z,2257,1.01E-06,18589.58029,0,18589.58029,0.92319978,1.48914817,46.11412379,-39.04275736,-43.05446557,-38.07638137,424751.9863,424811.24,43:23.8,High Risk
21916,ISKRA Token,ISK,FALSE,616467106.7,996852899.7,1000000000,2022-09-22T10:29:08.000Z,2258,0.000686673,14961.11307,14961.11307,0,0.00703319,1.22198671,0.16689134,-17.41531217,-27.19526287,-32.21551231,423311.0589,686672.58,43:23.8,Medium Risk
7396,r/CryptoCurrency Moons,MOON,TRUE,106776318,107887754, ,2020-10-14T00:00:00.000Z,2259,0.003945819,0,0,0,0,5.0993139,-87.94598738,-84.45266585,-84.18013554,-83.02516121,421320.0171,425705.54,43:23.8,High Risk
39290,MP Materials Tokenized Stock (Ondo),MPon,FALSE,7151.86423,7151.86423, ,2026-01-08T15:44:37.000Z,2260,58.86608253,1555316.03,1541755.276,13560.75388,0.13899295,-1.58131791,0.4757347,-3.91615059,-5.31923911,-0.8049588,421002.23,421002.23,43:23.8,Low Risk
34573,CryptoAutos,AUTOS,FALSE,785188814,1000000000,1000000000,2024-12-11T13:00:00.000Z,2261,0.000534353,3421.758992,0,3421.758992,0.29755328,-1.15611515,8.11946861,-2.6504288,9.68257414,-41.84514818,419567.8902,534352.86,43:23.8,Medium Risk
37997,GameStop Tokenized Stock (Ondo),GMEon,FALSE,18945.58504,18945.58504, ,2025-09-03T10:54:57.000Z,2262,22.13207605,1209965.393,1209317.289,648.1040769,-0.00120898,-0.21735395,-1.6230196,0.50244831,-13.49046088,-7.82027562,419305.1288,419305.13,43:23.8,Low Risk
5865,FIO Protocol,FIO,FALSE,915134903.1,974922709.5,1000000000,2020-07-19T00:00:00.000Z,2263,0.000457629,595866.6894,595866.6894,0,1.45045404,-5.39832085,-50.13820712,-48.53312265,-78.78036089,-94.20668635,418792.2901,457629.02,43:23.8,High Risk
32019,Crash,CRASH,FALSE,978237337,1000000000,1000000000,2024-06-27T10:08:47.000Z,2264,0.000427768,0,0,0,0,2.54436323,-4.25949665,-35.85841107,-44.94086797,-33.11045878,418458.6784,427768.05,43:23.8,High Risk
5667,Bitgesell,BGL,FALSE,16157930.36,16414415.37,21000000,2020-06-08T00:00:00.000Z,2265,0.025842056,150.3009782,0,150.3009782,0.23629191,0.49976239,-8.42391866,-23.84695365,-19.99099309,-24.72131621,417554.1332,542683.17,43:23.8,High Risk
15131,Everton Fan Token,EFC,FALSE,7693183,10000000,10000000,2021-11-24T14:03:12.000Z,2267,0.054125801,101188.3016,100834.1679,354.1337512,0.35048723,0.71374631,-2.29765635,-28.59593507,-33.19700285,-39.00308138,416399.6939,541258.01,43:23.8,High Risk
28948,Cakepie,CKP,FALSE,673296.1202,7446563.102,10000000,2024-01-04T08:37:56.000Z,2267,0.617593055,29102.61563,9218.531397,19884.08423,-1.3514343,-1.60145527,-8.72707093,19.25299089,11.86757925,17.73811583,415823.008,6175930.55,43:23.8,High Risk
38949,Datagram Network,DGRAM,FALSE,2090570000,10000000000,10000000000,2025-11-14T10:44:03.000Z,2266,0.000199564,478677.0548,196391.2754,282285.7794,-0.38726593,-0.70343096,109.0398452,-6.19353781,148.4369495,296.0940082,417201.9764,1995637.44,43:23.8,High Risk
33694,LUCE,LUCE,FALSE,999999996,999999996,1000000000,2024-10-29T12:10:36.000Z,2269,0.000414932,41103.6813,37998.01819,3105.663113,-2.7876617,1.63799899,5.8006874,-14.06326441,-19.33596613,-15.78812618,414931.8379,414931.84,43:23.8,Medium Risk
22766,AS Monaco Fan Token,ASM,FALSE,6420240,10000000,10000000,2022-11-23T11:48:04.000Z,2270,0.064630437,141442.7457,140572.3459,870.3997935,1.11010987,-0.11605023,0.42578088,-21.16876709,-22.66675133,-29.31238828,414942.9167,646304.37,43:23.8,Medium Risk
21400,Little Rabbit v2 (old),LTRBT,FALSE,3.34132E+14,3.59851E+14,1E+15,2021-05-25T00:00:00.000Z,2271,1.24E-09,6589.454492,0,6589.454492,1.51934715,-1.2420533,-2.82118554,1204.524612,1069.4221,1447.901159,414513.9439,1240569.94,43:23.8,High Risk
36499,LayerEdge,EDGEN,FALSE,290000000,1000000000, ,2025-06-02T10:20:06.000Z,2274,0.001418678,2938531.745,2938531.745,0,2.75232061,3.00447697,9.98058636,-28.6950505,-39.48225188,-34.57497105,411416.5355,1418677.71,43:23.8,High Risk
29621,Rabi,RABI,FALSE,610986725.2,1000000000,1000000000,2024-03-05T12:30:26.000Z,2272,0.000674028,56025.69867,56025.69867,0,0.59485038,1.80624755,4.21030961,-13.93641609,-9.77390606,-13.89438643,411822.1831,674028.04,43:23.8,Medium Risk
37371,OFFICIAL K-POP,KPOP,FALSE,6484200010,8000000000,8000000000,2025-07-15T15:14:53.000Z,2273,6.35E-05,0,0,0,0,0,25.8077115,4.54377764,-16.74106495,-21.77344786,411780.1942,508041.32,43:23.8,High Risk
2092,NULS,NULS,FALSE,114245634.7,133448598.9,210000000,2017-10-25T00:00:00.000Z,2275,0.003597684,0,0,0,-0.01073141,0.01331996,-0.01817027,-0.03246041,-0.07845821,-0.0698761,411019.7195,755513.69,43:23.8,Low Risk
35849,spinning cat,OIIAOIIA,FALSE,999807328,999390566.4, ,2025-02-21T07:16:06.000Z,2276,0.000409723,60824.23629,54509.62123,6314.615056,0.29432332,6.14710414,9.42902386,-44.40319041,-39.9564647,-31.01557018,409644.1701,409473.41,43:23.8,High Risk
31847,LandWolf (SOL),WOLF,FALSE,9997678352,9997678352,9999999174,2024-06-17T02:21:40.000Z,2276,4.10E-05,0,0,0,0.0039615,0.02134744,-0.01099541,272.6384407,272.4634976,272.4883864,409655.8813,409750.98,43:23.8,High Risk
31442,Waffles Davincij15's Cat,$WAFFLES,FALSE,894466543,998378465.5,1000000000,2024-05-27T02:25:41.000Z,2278,0.000457788,0,0,0,0,7.91679286,19.04574904,-18.88088238,-2.28039664,-1.8363682,409476.4853,457788.49,43:23.8,High Risk
39454,Kindred Labs,KIN,FALSE,147187500,1000000000,1000000000,2026-01-27T08:25:03.000Z,2279,0.00278002,51211.22184,18131.82272,33079.39912,0.77654519,-2.82523765,-10.23509839,-31.6912895,-42.02298945,-85.24311312,409184.1875,2780019.96,43:23.8,High Risk
29494,DUKO,DUKO,FALSE,9663955990,9999609598, ,2024-02-21T19:59:18.000Z,2280,4.22E-05,31308.12397,31308.12397,0,0.66700239,4.43983818,24.66288255,-6.68001416,-12.88386769,-39.92969503,408275.003,422455.43,43:23.8,High Risk
9507,Göztepe S.K. Fan Token,GOZ,FALSE,4364000,7000000,7000000,2021-04-30T00:00:00.000Z,2281,0.093520701,62623.40662,62499.27563,124.1309883,-0.2251197,-0.04273853,3.93225941,-15.84163056,-20.32645797,-28.64961302,408124.3396,654644.91,43:23.8,Medium Risk
10891,LIKE,LIKE,FALSE,331159918,500000000,500000000,2021-07-14T00:00:00.000Z,2282,0.001204769,197621.6775,187200.3057,10421.3718,-6.00201264,-1.27134213,-16.24402614,-7.62644999,-21.10269578,-34.07596235,398971.1788,602384.46,43:23.8,High Risk
23037,Hifi Finance,HIFI,FALSE,141983852.3,141983852.3, ,2018-07-05T00:00:00.000Z,2282,0.002834152,207.7069126,207.7069126,0,0.08388215,19.61949617,-5.97819144,-31.65633401,-56.58230181,-73.13563745,402403.7852,402403.79,43:23.8,High Risk
39389,IDNGold,IDNG,FALSE,104166,100000000,100000000,2026-01-18T22:05:15.000Z,2283,3.851945338,35735.4888,35735.4888,0,-1.39915761,18.95754392,41.67583548,35.67736408,-22.0001084,-96.2242576,401241.7381,385194533.8,43:23.8,High Risk
7866,Monavale,MONA,FALSE,10456.12757,11300,11300,2020-12-06T00:00:00.000Z,2284,38.29890943,2.58741088,0,2.58741088,0.00194845,-3.61136245,-0.54251111,-14.38060577,-22.16491933,-27.57251188,400458.2827,432777.68,43:23.8,Medium Risk
38222,Midas The Minotaur,MIDAS,FALSE,8888888888,8888888888,8888888888,2025-08-28T06:42:25.000Z,2285,4.49E-05,42.68110839,42.68110839,0,-0.00040354,5.28241171,3.64189927,-25.79874801,-37.22160203,-54.51701879,399074.2262,399074.23,43:23.8,High Risk
35188,Hive AI,BUZZ,FALSE,999867160,999867160, ,2025-01-13T05:40:35.000Z,2287,0.000398364,88343.54862,88343.54862,0,-0.01182482,4.20675914,9.0591549,-34.69868256,-48.01339459,-35.63684094,398311.4445,398311.44,43:23.8,High Risk
39308,Rigetti Computing Tokenized Stock (Ondo),RGTIon,FALSE,17465.77327,17465.77327, ,2026-01-08T15:44:38.000Z,2288,22.77829541,852942.9017,837358.0168,15584.88491,0.10584436,1.52971627,2.11353676,27.14704113,17.64089267,39.4006809,397840.5432,397840.54,43:23.8,High Risk
7535,Keep3rV1,KP3R,FALSE,425178,425178, ,2020-10-28T00:00:00.000Z,2289,0.935047097,4753.909393,4364.314379,389.5950137,0.02220866,5.2689397,0.07264678,-4.45849496,-19.63159314,-18.97915581,397561.4547,397561.45,43:23.8,Low Risk
25479,Bad Idea AI,BAD,FALSE,6.18734E+14,8.2949E+14,8.31041E+14,2023-05-21T04:41:05.000Z,2290,6.42E-10,1049.251377,1049.251377,0,0.00029153,12.11570935,20.48729915,-9.17824122,-47.334048,-50.71852306,397204.3772,533498.04,43:23.8,High Risk
638,Trollcoin,TROLL,FALSE,592810145,592810145, ,2014-09-30T00:00:00.000Z,2291,0.000667391,0,0,0,0.60655874,1.66994764,6.44208319,-14.53397004,-11.88571974,-9.95678833,395636.4227,395636.42,43:23.8,Medium Risk
37471,Lnfi Network,LN,FALSE,86633229.55,150000000,1000000000,2025-07-23T05:18:03.000Z,2292,0.004564536,1365.48997,1365.48997,0,0.00413075,12.35598043,6.67619081,-38.47509651,-38.21007982,-36.68635353,395440.516,4564536.24,43:23.8,High Risk
7976,Venus DOT,vDOT,FALSE,16649243,16649243, ,2020-12-14T00:00:00.000Z,2293,0.023613854,0,0,0,1.31892753,2.91272627,6.53562061,-19.37892961,-21.65491769,-36.55823698,393152.7926,393152.79,43:23.8,High Risk
22892,Atlas Navi,NAVI,FALSE,161706684,300000000,300000000,2022-12-06T10:29:10.000Z,2294,0.002421728,80165.79061,80165.79061,0,-1.50427832,-2.01263361,-26.44105064,-32.23846417,-38.1225243,-62.80279778,391609.6669,726518.52,43:23.8,High Risk
9263,Unizen,ZCX,FALSE,679372670,884544965.3,1000000000,2021-04-16T00:00:00.000Z,2296,0.000574994,46645.63312,46645.63312,0,0.02383363,0.32792634,-1.82862163,-26.22560191,-80.81567737,-80.95957849,390635.3402,574994.19,43:23.8,High Risk
15721,MagicCraft,MCRT,FALSE,5038275907,7199999993,10000000000,2021-12-07T06:40:50.000Z,2296,7.76E-05,58159.16851,58159.16851,0,0.00420934,0.06638272,0.9507188,-23.86960009,-23.61385948,-38.85468417,390826.1344,775714.04,43:23.8,Medium Risk
8271,Poolz Finance,POOLX,FALSE,5500000,5500000,5500000,2021-01-18T00:00:00.000Z,2298,0.070963363,58158.12797,57208.34662,949.7813523,-1.34798775,-1.36034666,-7.75823882,-23.70385105,-23.07516827,-21.15494518,390298.4966,390298.5,43:23.8,High Risk
8458,Peanut,NUX,FALSE,50000000,50000000,50000000,2021-02-14T00:00:00.000Z,2297,0.007806274,1427.951798,1427.951798,0,0.02929971,-3.58296416,7.46970922,23.15662774,70.64286556,130.2685254,390313.6945,390313.69,43:23.8,High Risk
38776,Petro Penguins,PENGO,FALSE,999994907,999994907,999994907,2025-10-24T06:03:31.000Z,2299,0.000388717,20329.66494,0,20329.66494,-0.90551978,-6.89078281,18.793996,-37.4730203,-64.98320052,-71.3782709,388714.6229,388714.62,43:23.8,High Risk
36271,THORWallet,TITN,FALSE,42500000,1000000000,1000000000,2025-04-15T14:28:29.000Z,2300,0.009144561,355834.5902,328807.5648,27027.0254,0.00884675,-1.66896764,-10.10698335,-25.59690521,-55.67736894,-59.97417348,388643.8477,9144561.12,43:23.8,High Risk
31160,Plearn,PLN,FALSE,86063705,343969593.3,700000000,2024-05-09T12:22:29.000Z,2301,0.004496507,86152.60285,86152.60285,0,0.15125751,3.20010354,1.04732029,-27.68240101,-18.06722,-35.5543125,386986.0561,3147554.93,43:23.8,High Risk
15469,Sipher,SIPHER,FALSE,89745088,410406611,1000000000,2021-12-01T20:24:50.000Z,2302,0.004296054,0,0,0,0,6.23012688,-2.31954793,-30.40345795,-44.97890966,-34.86153583,385549.7469,4296054.03,43:23.8,High Risk
9172,Professional Fighters League Fan Token,PFL,FALSE,2399894,5000000,5000000,2021-04-08T00:00:00.000Z,2303,0.159225061,0,0,0,0,-1.5056266,-1.6560077,-15.81424468,-15.81424468,-15.81424468,382123.2682,796125.3,43:23.8,Medium Risk
23846,LayerAI,LAI,FALSE,5499308275,6100000000,9000000000,2023-03-10T11:17:02.000Z,2304,6.94E-05,0,0,0,0,2.04223397,-19.13825632,-30.80436433,-42.58853629,81.81580534,381767.3132,624788.73,43:23.8,High Risk
39408,Ucan fix life in1day,1,FALSE,1000000000,1000000000,1000000000,2026-01-20T18:42:30.000Z,2305,0.000381506,68387.87913,40664.02094,27723.85819,0.00178449,-0.61269116,4.90223052,-22.04390461,22.93049937,11.80747241,381505.9762,381505.98,43:23.8,High Risk
4804,ROOBEE,ROOBEE,FALSE,4102063740,5400000000, ,2019-10-17T00:00:00.000Z,2306,9.30E-05,78767.17597,78767.17597,0,0.00973627,-0.42479689,-1.1477067,-10.33380138,-11.21481513,-22.64957534,381305.1171,501954.08,43:23.8,Medium Risk
23806,Humanode,HMND,FALSE,226771488.6,400000000,400000000,2023-03-30T15:02:38.000Z,2307,0.001672113,58917.13177,58917.13177,0,-0.09117899,1.00208115,5.23415897,-37.34061099,-42.52485326,-50.99821408,379187.5152,668845.13,43:23.8,High Risk
31569,Trog,TROG,FALSE,4.2069E+11,4.2069E+11,4.2069E+11,2024-06-01T10:59:33.000Z,2308,8.99E-07,0,0,0,0,10.18686233,12.68631502,-27.65949062,-18.00119126,-16.59519308,378313.8241,378313.82,43:23.8,High Risk
23009,Overlay,OVL,FALSE,49296406.16,83263550.21, ,2025-08-12T09:47:39.000Z,2309,0.007671636,96363.4702,96363.4702,0,-0.04232488,0.02763519,5.56874781,3.02475179,-65.39365042,-67.85920292,378184.0953,638767.67,43:23.8,Low Risk
30584,BasedAI,BASEDAI,FALSE,34599420,35669420,35669420,2024-04-12T06:46:15.000Z,2310,0.010901037,1065.418734,37.52649493,1027.892239,-9.97469874,-2.9533179,0.0730449,-28.31304265,-29.00908461,-65.00314457,377169.5501,388833.66,43:23.8,High Risk
35298,DuckChain,DUCK,FALSE,7154878330,9454878330,10000000000,2025-01-17T01:57:07.000Z,2311,5.27E-05,626336.9208,626336.9208,0,1.52948909,-2.69499174,-1.95391979,-37.88727789,-32.11553861,-94.91182891,376934.4351,526821.59,43:23.8,High Risk
9639,Pussy Financial,PUSSY,FALSE,1.64757E+11,2.18E+11, ,2021-05-07T00:00:00.000Z,2312,2.29E-06,0,0,0,0,0,-0.66845603,-24.43029613,-32.90703127,-33.9645182,376793.8414,498558.85,43:23.8,High Risk
35064,SwarmNode.ai,SNAI,FALSE,999998658.4,999998658.4, ,2025-01-07T06:45:57.000Z,2313,0.000374318,76375.49128,76375.49128,0,-0.82335372,2.65822272,15.26254775,-45.961439,-57.89402321,-49.79741141,374317.9794,374317.98,43:23.8,High Risk
35963,PepeMusk,PEPEMUSK,FALSE,1000000000,1000000000,1000000000,2025-03-07T06:11:44.000Z,2314,0.000373709,633.9554042,0,633.9554042,0.35716042,-0.26845094,1.60658933,-2.80819801,5.2304534,1.28268325,373708.5209,373708.52,43:23.8,Low Risk
38775,COMMON,COMMON,FALSE,2336466752,10000000000,12418259242,2025-10-24T03:26:34.000Z,2315,0.000159848,356722.1411,351999.0353,4723.105743,-0.04312892,5.70617412,-2.53925987,-29.31083242,-42.29157949,-31.69181626,373479.5051,1985033.73,43:23.8,High Risk
24554,Bazaars,BZR,FALSE,6227,10000000,10000000,2023-04-19T13:22:57.000Z,2316,59.39946124,819252.1983,819252.1983,0,1.36969832,4.73870504,7.54896348,-6.0486475,-12.63969499,-1.80498731,369880.4451,593994612.4,43:23.8,Medium Risk
9198,Hord,HORD,FALSE,88615986,320000000,320000000,2021-04-12T00:00:00.000Z,2317,0.00417084,0,0,0,0,0.40610559,7.68881576,11.43129459,70.30635973,285.9399273,369603.1217,1334668.88,43:23.8,Medium Risk
14336,TRVL (Dtravel),TRVL,FALSE,416648589.4,1000000000,1000000000,2021-11-11T08:14:53.000Z,2318,0.000886011,93042.58541,93042.58541,0,1.83827624,5.1180834,0.1957456,-11.30217451,-8.57648219,-24.47731758,369155.3967,886011.39,43:23.8,Medium Risk
31297,Bubble,BUBBLE,FALSE,3920463909,10000000000,10000000000,2024-05-17T08:44:16.000Z,2319,9.41E-05,914.6607705,914.6607705,0,-0.03502477,5.38564912,3.06591707,-22.36035297,-29.82236852,-33.31830845,369085.4733,941433.16,43:23.8,High Risk
39184,VK Token,VK,FALSE,10898258847,28000000000,28000000000,2025-12-29T01:41:23.000Z,2320,3.38E-05,0,0,0,0,0.13399911,-61.9682021,-71.15317158,-85.89645542,-93.75384958,368262.3174,946146.08,43:23.8,High Risk
8495,Everest,ID,FALSE,116700000,800000000,800000000,2021-02-17T00:00:00.000Z,2321,0.003155607,0,0,0,0,5.18812774,23.4916838,49.7858011,-15.21471324,-27.91777292,368259.2814,2524485.22,43:23.8,High Risk
2475,Garlicoin,GRLC,FALSE,68888130.86,68888130.86,69000000,2018-01-27T00:00:00.000Z,2322,0.005339132,0.88629585,0.88629585,0,0.60655874,1.66994764,21.55598607,-24.03586154,-29.50857579,3.99595888,367802.7968,368400.08,43:23.8,High Risk
35292,BullDogito,BDOGITO,FALSE,317721483,1102072374,5000000000,2025-01-16T14:02:00.000Z,2323,0.001147815,0,0,0,0,1.03633106,4.73753176,-5.22003953,-7.04449916,-12.55493415,364685.5696,5739076.35,43:23.8,Medium Risk
29106,TypeAI,TYPE,FALSE,10000000,10000000,10000000,2024-01-22T05:48:02.000Z,2324,0.036453843,0,0,0,0,6.78483249,22.20525005,12.49697701,-10.0930627,-15.93449749,364538.4342,364538.43,43:23.8,High Risk
31598,Toad,$TOAD,FALSE,4.07085E+14,4.20574E+14, ,2024-06-04T05:51:31.000Z,2325,8.94E-10,3159.805635,0,3159.805635,-0.25945927,7.00131019,16.44068431,-16.10875794,-18.65127535,-22.31061429,363732.4439,375785.39,43:23.8,High Risk
8972,Seedify.fund,SFUND,FALSE,88545914.54,100000000,100000000,2021-03-29T00:00:00.000Z,2326,0.004097509,1296.834729,1296.834729,0,-9.32550685,-0.95143671,-11.04089913,-84.36466429,-80.4638593,-89.90459106,362817.6695,409750.89,43:23.8,High Risk
26413,NuriTopia,NBLU,FALSE,2450171723,5000000000,5000000000,2023-05-31T03:23:12.000Z,2327,0.000147572,22834.73374,22834.73374,0,0.10181805,1.72669221,4.52360159,-33.77136855,-61.53200206,-60.74765964,361575.6,737857.67,43:23.8,High Risk
21418,Minted,MTD,FALSE,185207721,921912442, ,2022-08-17T07:35:41.000Z,2328,0.001949962,220.4444832,70.632875,149.8116082,-0.24066467,-0.0226755,-0.0164283,-13.35040153,-16.45396681,-30.32487447,361148.108,1797694.68,43:23.8,Medium Risk
33160,XYRO,XYRO,FALSE,532042955.5,1000000000,1000000000,2024-09-25T06:01:58.000Z,2327,0.000679915,6992.629966,3843.01635,3149.613617,-0.32430021,8.83272892,22.08908912,155.5463312,178.2394558,213.8827739,361743.7399,679914.54,43:23.8,High Risk
31708,HOME3,HTS,FALSE,96500000,96500000,100000000,2024-06-10T00:38:58.000Z,2330,0.003710007,1168.773387,0,1168.773387,3.49430448,5.02247174,11.25186418,-32.24534568,-15.14494555,-25.57889188,358015.6344,371000.66,43:23.8,High Risk
4757,Robonomics.network,XRT,FALSE,2135344.036,2346218.412, ,2019-10-07T00:00:00.000Z,2331,0.167414314,1149.513424,874.1774799,275.3359443,-9.01896804,-47.83714899,-14.83116166,-54.05835297,2.03112243,-78.47110876,357487.1572,392790.55,43:23.8,High Risk
30544,BlackCardCoin,BCCOIN,FALSE,10000000,70000000,150000000,2024-04-11T10:13:05.000Z,2332,0.035745047,177810.3351,177810.3351,0,-1.81156698,-25.40616146,1.02623297,-20.58247666,-30.89285773,-30.93941825,357450.4732,5361757.1,43:23.8,High Risk
31752,Baby Pepe,BABYPEPE,FALSE,4.2069E+11,4.2069E+11,4.2069E+11,2024-06-11T07:38:07.000Z,2333,8.49E-07,0,0,0,0,-1.82361625,13.5315765,-10.09613714,-29.94189502,-33.99824309,357265.2995,357265.3,43:23.8,High Risk
30943,michi (SOL),$MICHI,FALSE,271344684.2,999998300, ,2024-04-26T07:32:25.000Z,2334,0.00131579,37621.16671,26559.6816,11061.48511,-0.48883161,-44.50182288,72.78908074,-33.96617524,27.1579901,4.33385634,357032.6713,1315787.94,43:23.8,High Risk
34165,ORA,ORA,FALSE,36666666,333333333,333333333,2024-11-22T08:21:55.000Z,2335,0.009710594,637.9395854,0,637.9395854,-0.44896633,0.74569798,-24.48719974,10.69719502,-20.80787724,28.10751488,356055.101,3236864.61,43:23.8,High Risk
35282,Woman Yelling At Cat,WYAC,FALSE,989975296,989975296, ,2025-01-16T12:31:29.000Z,2336,0.000359068,0,0,0,0,19.03471665,33.88583521,-20.93954791,16.66699637,3.70000801,355468.6925,355468.69,43:23.8,High Risk
11420,Tune.FM,JAM,FALSE,29709130676,30000000000,92233720368,2021-08-26T16:25:17.000Z,2337,1.19E-05,252006.3393,239876.1819,12130.15742,0.99602522,-5.19338597,15.78388046,0.16300609,-29.89730321,-50.9316435,354096.2191,1099312.26,43:23.8,Medium Risk
39194,JINDOGE,JINDO,FALSE,999999533.8,999999533.8,999999533.8,2025-12-30T06:42:59.000Z,2338,0.000353565,2927.76823,0,2927.76823,-0.07632366,8.30516536,0.55641366,-62.78182048,-73.85892943,-75.96484258,353565.0653,353565.07,43:23.8,High Risk
7096,Bridge AI,BRG,FALSE,8002167205,10000000000,10000000000,2020-09-18T00:00:00.000Z,2339,4.40E-05,6.99532155,6.99532155,0,-0.14298799,10.74293932,5.67966061,-10.1159335,-10.76422508,-24.47580522,351966.5241,439839,43:23.8,High Risk
11528,Valencia CF Fan Token,VCF,FALSE,6756542,10000000,10000000,2021-09-01T06:30:09.000Z,2340,0.052055232,151708.7584,150942.8986,765.8597998,0.00156395,0.79123706,-1.6342462,-26.36165074,-34.63006239,-40.23120507,351713.3606,520552.32,43:23.8,High Risk
32615,Smoking Chicken Fish,SCF,FALSE,999910648.1,999910648.1,999915963.7,2024-08-09T03:53:41.000Z,2341,0.000351544,1346.594745,329.2867479,1017.307997,0.01816752,-11.18802221,14.40747506,-20.38527728,-26.15809419,-31.17567667,351512.9098,351514.78,43:23.8,High Risk
33350,ICB Network,ICBX,FALSE,19292413946,1E+11,1E+11,2024-10-08T05:47:03.000Z,2342,1.82E-05,678.4405576,678.4405576,0,-0.43163637,-1.32527581,1.73521384,-5.70607704,-16.27889589,-11.89719625,351318.7526,1821020.19,43:23.8,Low Risk
36518,Gasspas,GASS,FALSE,4.2069E+14,4.2069E+14,4.2069E+14,2025-05-15T14:18:33.000Z,2343,8.34E-10,25320.43563,25320.43563,0,1.31743216,4.04185919,2.78057036,-14.53414681,5.31495188,-12.63280743,350852.8219,350852.82,43:23.8,Medium Risk
18353,ritestream,RITE,FALSE,861338655.9,1000000000, ,2022-02-24T10:20:47.000Z,2344,0.000406053,1837.327354,1837.327354,0,0.12582161,9.47918498,-9.13546731,-8.51280032,-1.7306963,7.61457833,349749.3675,406053.26,43:23.8,High Risk
39340,Ranger,RNGR,FALSE,10192188,25124998.2,25625000,2026-01-12T00:28:00.000Z,2345,0.03430038,62037.27513,62037.27513,0,0.09754443,0.32353588,-2.88863442,-60.72643143,-77.58549717,-90.10581858,349595.9237,878947.24,43:23.8,High Risk
29104,DecideAI,DCD,FALSE,488677471,981473305.2,1000000000,2024-01-25T10:35:51.000Z,2346,0.000714536,135.5434024,0,135.5434024,1.28746026,-3.10478617,15.23523814,-5.25040935,-25.3258933,-7.72378852,349177.5561,714535.82,43:23.8,Medium Risk
36264,COCORO,COCORO,FALSE,4.2069E+11,4.2069E+11,4.2069E+11,2025-04-15T09:22:45.000Z,2347,8.29E-07,28460.579,25343.48435,3117.09465,1.24748099,5.45882217,-1.55006515,-50.9480745,-52.02218016,-17.68507546,348676.4169,348676.42,43:23.8,High Risk
35167,Jambo,J,FALSE,161007935,1000000000,1000000000,2025-01-10T11:16:10.000Z,2348,0.002150027,70613.43381,55201.03006,15412.40375,2.52809008,20.72403879,145.7294782,-73.21921022,-77.97615797,-80.45171328,346171.4548,2150027.29,43:23.8,High Risk
8376,MASQ,MASQ,FALSE,34379475,37500000,37500000,2021-02-02T00:00:00.000Z,2349,0.010031826,0,0,0,0,-0.67386092,1.9578349,-27.06914762,-30.95843434,-39.13278198,344888.9242,376193.49,43:23.8,High Risk
39810,JunoCash,JUNO,FALSE,2553875,2553875,21000000,2026-03-26T08:26:08.000Z,2350,0.134425547,21933.52184,21933.52184,0,0.06185079,9.12997524,-0.65065962,-42.58788134,-53.28067218,-71.69560702,343306.0438,2822936.49,43:23.8,High Risk
6682,Pollux Coin,POX,FALSE,43121837.84,43121837.84, ,2020-08-24T00:00:00.000Z,2351,0.00793261,436.2366198,436.2366198,0,-0.09704227,29.69503276,23.70854997,-13.91927532,-58.23819431,-32.60707757,342068.7385,342068.74,43:23.8,High Risk
23359,BlueMove,MOVE,FALSE,217500000,300000000,300000000,2023-02-14T03:21:38.000Z,2352,0.001559742,0,0,0,0,2.93382875,8.56988219,-0.83917828,5.39466036,-8.81766168,339243.8318,467922.53,43:23.8,Medium Risk
39341,CharacterX,CAI,FALSE,16860416,100000000,100000000,2026-01-12T01:10:21.000Z,2353,0.020101025,179205.0561,74839.1194,104365.9367,-3.47194149,-0.87575993,4.2076538,-15.07291442,33.56814167,-33.90136337,338911.6353,2010102.45,43:23.8,Medium Risk
37506,Delabs Games,DELABS,FALSE,750300000,3000000000,3000000000,2025-07-25T10:52:19.000Z,2354,0.000451231,1235.440819,1235.440819,0,-0.02856685,5.84103642,10.02261619,-65.93849475,-66.2116635,-72.40260214,338558.9752,1353694.42,43:23.8,High Risk
34126,Super Champs,CHAMP,FALSE,947914988,1000000000,1000000000,2024-11-20T08:00:00.000Z,2355,0.000354268,602532.6992,601853.2402,679.4590175,0.41288313,8.79282816,5.07356429,-15.098181,43.35047274,-5.88365495,335816.0935,354268.15,43:23.8,High Risk
36853,U,U,FALSE,993349996,1000000000,1000000000,2025-06-18T06:43:01.000Z,2356,0.000336651,45436.32353,45436.32353,0,1.84971149,5.06526723,-17.78131137,-36.48023181,-50.30797943,-46.92889743,334412.745,336651.48,43:23.8,High Risk
29727,StarHeroes,STAR,FALSE,241805384.4,495573964.4,700000000,2024-03-12T11:24:00.000Z,2357,0.001381139,35443.76453,34094.69567,1349.068864,-0.2117135,-3.8644975,5.00472381,4.0376274,-3.96402104,-11.77878758,333966.9587,966797.62,43:23.8,Medium Risk
13632,Genopets,GENE,FALSE,94033561.25,100000000, ,2021-11-18T07:46:00.000Z,2358,0.003542124,418.9821414,0,418.9821414,0.46929005,7.7806421,17.94503856,26.10880116,54.4936318,84.64758728,333078.5668,354212.43,43:23.8,High Risk
32157,XRADERS,XR,FALSE,66561506,100000000, ,2024-07-09T11:42:10.000Z,2359,0.004998661,397071.3308,396964.1829,107.1479363,0.47524911,0.37477134,0.10786091,-5.22658932,-2.05138964,-3.79596677,332718.4228,499866.13,43:23.8,Low Risk
18706,Football World Community,FWC,FALSE,4.23E+16,2.00E+17,2.00E+17,2022-03-10T07:19:55.000Z,2360,7.86E-12,56896.97342,56770.32393,126.649499,-0.00155203,-0.35733698,4.65009652,21.81260178,18.43665133,0.41605994,331976.1121,1571124.01,43:23.8,High Risk
8660,BSCPAD,BSCPAD,FALSE,79211621,175600000, ,2021-03-03T00:00:00.000Z,2361,0.004187328,1526.726823,0,1526.726823,0.32741368,0.66514829,2.22000417,-9.96057443,-9.91990462,-17.69903883,331685.0191,735294.75,43:23.8,Medium Risk
8378,Akita Inu [Old],AKITA,FALSE,6.80715E+13,1E+14,1E+14,2021-02-02T00:00:00.000Z,2362,4.87E-09,2064.021856,0,2064.021856,0.60963356,3.20894263,-3.81701104,-42.24640632,42.88579528,-39.26954731,331228.0679,486588.17,43:23.8,High Risk
38087,"SharpLink Gaming, Inc Tokenized Stock (Ondo)",SBETon,FALSE,57035.53108,57035.53108, ,2025-09-03T10:55:25.000Z,2363,5.79751307,1301060.938,1298625.667,2435.271596,1.57729716,1.09676104,5.73682113,-13.27592806,-25.23624348,-30.20236062,330664.2369,330664.24,43:23.8,Medium Risk
6588,Etherisc DIP Token,DIP,FALSE,239742108,1000000000,1000000000,2020-08-14T00:00:00.000Z,2364,0.001373675,3.32731016,0,3.32731016,1.25271695,3.35909694,2.7115467,-12.04266585,-8.63032839,-41.31732025,329327.6289,1373674.54,43:23.8,Medium Risk
29157,ApeBond,ABOND,FALSE,637172928,650000000,650000000,2024-01-24T06:24:38.000Z,2365,0.000514484,0,0,0,0,1.1776615,0.25423443,-41.0602997,-33.40079172,-47.21481817,327815.0149,334414.33,43:23.8,High Risk
33999,First Convicted Raccon Fred,FRED,FALSE,999817667.3,999817667.3, ,2024-11-15T09:14:10.000Z,2366,0.000326899,2690.219781,881.3070955,1808.912685,0.53544069,11.09910685,3.75212259,-19.93267181,-37.21786325,-24.3125696,326839.7732,326839.77,43:23.8,High Risk
7229,Gelato,GEL,FALSE,282022321.3,420690000, ,2020-09-29T00:00:00.000Z,2367,0.001158787,0,0,0,0,-0.36514687,3.23423437,-32.85407328,-42.5872369,-42.71370043,326803.9132,487490.27,43:23.8,High Risk
35407,E Money,EMYC,FALSE,227826177.1,399999990, ,2025-01-22T10:44:08.000Z,2368,0.001422122,85433.86863,85433.86863,0,0.08528797,0.75939771,-8.68000377,-62.49525446,-72.29450078,-72.34294953,323996.5323,568848.63,43:23.8,High Risk
19118,Lumerin,LMR,FALSE,606615000,1000000000, ,2022-03-28T05:43:33.000Z,2369,0.000532856,776.3892798,0,776.3892798,2.19017001,4.60562736,15.60329164,-34.8200685,7.98021317,-12.50528077,323238.1689,532855.55,43:23.8,High Risk
31440,WLTH,WLTH,FALSE,527015797.8,590015797.8,1000000000,2024-05-27T01:48:44.000Z,2370,0.000612917,0,0,0,0,-1.84913383,-21.53375975,-39.55257824,-52.5774597,-50.83130484,323017.0059,612917.12,43:23.8,High Risk
39532,JW Token,JWT,FALSE,1404200,2000000,2000000,2026-02-03T09:08:32.000Z,2371,0.229764006,46218.8958,46218.8958,0,-0.01515306,0.11596396,-47.70627644,-86.0704614,-87.75601391,-91.00751013,322634.6168,459528.01,43:23.8,High Risk
32964,Tron Bull,TBULL,FALSE,999999997.2,1000000000,1000000000,2024-09-09T04:49:58.000Z,2373,0.000321862,0,0,0,0,-0.71746747,218.8478016,-15.76131471,-15.54570864,-13.43725109,321861.8526,321861.85,43:23.8,High Risk
33154,Blum,Blum,FALSE,172214930,969730405.1,971347724,2025-06-27T13:15:32.000Z,2374,0.001865793,3820845.139,3816345.59,4499.549038,0.59330142,2.8922779,-30.78221749,-42.38918594,-48.20816093,-50.70210654,321317.4865,1812334.21,43:23.8,High Risk
38816,Nubila Network,NB,FALSE,184000000,1000000000,1000000000,2025-10-28T12:25:34.000Z,2374,0.001751817,3285931.838,1653878.014,1632053.825,-8.84261446,22.32686468,167.9092338,58.15286565,292.0974979,204.0705675,322334.2995,1751816.84,43:23.8,High Risk
29766,MILLI,MILLI,FALSE,2.63E+11,2.99792E+11,2.99792E+11,2024-03-11T14:05:20.000Z,2375,1.22E-06,33162.60632,33162.60632,0,-0.01140215,-1.43959255,19.380209,-10.90544935,-24.54094512,-33.10497339,320674.7785,365535.59,43:23.8,High Risk
7857,Mirror Protocol,MIR,FALSE,77742679.93,370575000, ,2020-12-04T00:00:00.000Z,2376,0.004122757,1079.876969,1079.876969,0,0.02327714,0.42414988,-7.04124755,-25.6621905,-21.66168935,-11.08421976,320514.1934,1527790.75,43:23.8,High Risk
29145,BNB LION,BNBLION,FALSE,9.58E+16,9.58E+16,9.58E+16,2024-01-23T10:12:34.000Z,2377,3.34E-12,0,0,0,-7.00E-08,-4.06920798,1.83961744,12.39336549,87.69443181,117.7285801,320236.4698,320236.47,43:23.8,Medium Risk
36151,Ghiblification,Ghibli,FALSE,999831596.8,999831596.8,999875722.6,2025-03-27T01:47:03.000Z,2378,0.000318957,257593.5832,156603.5295,100990.0536,3.63322351,-12.16809743,5.60152819,-25.98408127,-43.39547705,-29.96772907,318903.0414,318917.12,43:23.8,High Risk
19907,Biometric Financial,BIOFI,FALSE,3914323139,10000000000,10000000000,2022-05-03T04:01:40.000Z,2379,8.13E-05,79361.84439,79361.84439,0,0.71294858,-1.98895194,1.23824231,-1.91558618,-1.68222724,-0.60431348,318177.1393,812853.53,43:23.8,Low Risk
8579,Polkamarkets,POLK,FALSE,92009791.12,100000000,100000000,2021-02-24T00:00:00.000Z,2379,0.003454581,4231.19132,4231.19132,0,0.33030179,5.15239245,20.58783114,-10.22675301,-17.71793405,-15.74634944,317855.2327,345458.05,43:23.8,High Risk
13856,Vulcan Forged (LAVA),LAVA,FALSE,245895290,1000000000,1000000000,2021-11-03T09:52:13.000Z,2380,0.00128939,0,0,0,0,0,0,0,-25.91388565,268.3803159,317054.8384,1289389.64,43:23.8,Low Risk
3628,MXC,MXC,FALSE,3240887722,3240887722,3.20918E+11,2018-12-06T00:00:00.000Z,2381,9.78E-05,11834.54527,11834.54527,0,0.01685848,17.93750371,12.4462019,-40.23905453,-83.41031527,-86.51653344,316931.4185,31383069.05,43:23.8,High Risk
29153,Honk,HONK,FALSE,919818677.2,999985895, ,2024-01-23T14:34:06.000Z,2382,0.000344048,0,0,0,0,0.04538116,1.86002084,-15.30121828,-37.26249357,-32.93487394,316461.5602,344042.91,43:23.8,Medium Risk
7784,BLink,BLINK,FALSE,184347125,999999999,999999999,2020-11-26T00:00:00.000Z,2383,0.001715804,0,0,0,0,-0.06359975,1.62481779,-5.89918353,-3.32841573,-13.57795902,316303.5691,1715804.19,43:23.8,Low Risk
17208,Chihuahua,HUAHUA,FALSE,93550000000,1.03E+11, ,2022-01-12T18:39:29.000Z,2384,3.38E-06,91.7996145,0,91.7996145,0.28188178,7.56135682,21.21349986,-3.20053355,-3.50103777,9.83030778,316201.5249,348142.78,43:23.8,High Risk
8,Feathercoin,FTC,FALSE,236600238,336000000,336000000,2013-05-03T00:00:00.000Z,2385,0.001334783,80.4767307,80.4767307,0,0.49128688,103.3559539,108.2719309,-17.50050678,-11.88571974,-11.25660266,315809.9522,448487.05,43:23.8,High Risk
10222,Vodra,VDR,FALSE,143144036,2000000000,2000000000,2021-06-02T00:00:00.000Z,2387,0.00220026,2425.252983,2425.252983,0,-0.3107501,40.17560014,97.39095748,28.54624803,-10.60559744,-32.23752166,314954.0444,4400519.27,43:23.8,High Risk
33901,Aipocalypto,AIPO,FALSE,139500000,500000000,500000000,2024-11-12T06:06:48.000Z,2388,0.00225152,110216.5405,110216.5405,0,-0.05644133,0.18984804,72.49501338,148.8702106,123.784598,110.0188859,314087.0858,1125760.16,43:23.8,High Risk
38808,Emperor,EMPI,FALSE,29108660,100000000,100000000,2025-10-28T04:38:11.000Z,2389,0.010768455,336.7915562,0,336.7915562,0.89752189,2.30091876,3.61020621,-6.90934475,-4.90057655,-13.89263504,313455.3013,1076845.52,43:23.8,Medium Risk
7616,Lattice Token,LTX,FALSE,28653895.88,100000000,100000000,2020-11-09T00:00:00.000Z,2390,0.010835555,21675.64054,21675.64054,0,0.42450568,1.65135683,2.65681706,-4.55596092,-8.53683211,-7.63042265,310480.8752,1083555.54,43:23.8,Low Risk
32611,nomnom,NOMNOM,FALSE,967206795,1000000000,1000000000,2024-08-08T14:35:21.000Z,2391,0.00032043,102655.8061,92361.72025,10294.08588,-7.84484818,-5.70554997,-2.28321962,-20.06786443,0.79482789,-21.67079771,309922.198,320430.13,43:23.8,High Risk
28132,Boba Cat,BOBA,FALSE,612879401,1000000000,1000000000,2023-09-20T17:54:39.000Z,2392,0.000505252,105.4939821,23.32385754,82.17012457,-0.4818002,1.72916012,-5.95749965,-28.99938782,-39.11087415,-45.33929553,309658.8469,505252.5,43:23.8,High Risk
27103,FACTOR,FACT,FALSE,1183700.767,1183700.767, ,2023-08-17T08:04:25.000Z,2393,0.261428193,522.4008845,522.4008845,0,-0.01208112,0.93800668,-16.21556009,-37.83792108,10.50728938,-41.1058121,309452.7521,309452.75,43:23.8,High Risk
14188,Plugin Decentralized Oracle,PLI,FALSE,151365659,500000000,500000000,2021-11-09T15:42:40.000Z,2394,0.002044316,64886.76946,64886.76946,0,0.42502726,1.23161489,-3.70401492,-18.34243087,-30.44587637,-43.35871558,309439.2155,1022157.92,43:23.8,Medium Risk
9180,myDID,SYL,FALSE,7728437007,9819130576,10000000000,2021-04-08T00:00:00.000Z,2395,4.00E-05,23574.32611,23574.32611,0,0.2477987,0.21239472,1.51191128,-7.86376577,-22.98778489,-33.60193199,308934.4523,399737.3,43:23.8,Low Risk
2041,BitcoinZ,BTCZ,FALSE,12604351724,21000000000,21000000000,2017-10-12T00:00:00.000Z,2396,2.45E-05,0,0,0,-1.93E-05,-2.26679534,-3.4180909,-14.2460099,12.9909924,4.05056793,308521.916,514025.66,43:23.8,Medium Risk
10793,Alfa Romeo Racing ORLEN Fan Token,SAUBER,FALSE,2860933,10000000,10000000,2021-07-08T00:00:00.000Z,2397,0.107001708,133850.4776,133850.4776,0,0.06557073,0.25118064,1.39474352,-26.51460329,-21.39251582,-34.73630717,306124.7188,1070017.08,43:23.8,High Risk
27008,0xGasless,0XGAS,FALSE,9528635,11000000,11000000,2023-06-16T05:41:43.000Z,2398,0.032106368,0,0,0,0,7.10972989,6.67856226,-38.74604346,-26.65467156,-43.59886857,305929.8656,353170.05,43:23.8,High Risk
8730,Belt Finance,BELT,FALSE,9550122,9550122, ,2021-03-09T00:00:00.000Z,2399,0.031933731,0,0,0,0,0.40785424,2.81867916,-6.34367341,-3.14135876,-10.02313236,304971.0297,304971.03,43:23.8,Low Risk
10704,Binamon,BMON,FALSE,194244898.8,228619895.8,300000000,2021-06-29T00:00:00.000Z,2400,0.0015675,233.9549761,2.45924044,231.4957356,0.02614477,0.05351054,-0.22247039,-8.72746454,-9.49703007,-12.49591035,304478.7915,470249.87,43:23.8,Low Risk
30525,Boop,BOOP,FALSE,99597706590,99597706590,1E+11,2024-04-11T05:22:29.000Z,2401,3.04E-06,2825.425261,2825.425261,0,0.00387296,1.89715102,14.82233759,-31.42180712,-31.64523359,-27.51668299,303070.4424,304294.6,43:23.8,High Risk
4680,FYDcoin,FYD,FALSE,613982926.2,649496615.9,650000000,2020-02-24T00:00:00.000Z,2402,0.000491316,0,0,0,0,0,0,0,0,0,301659.6423,319355.41,43:23.8,Low Risk
1556,Chrono.tech,TIME,FALSE,710113,710113,710113,2017-02-26T00:00:00.000Z,2403,0.423854151,2178.564601,2023.391642,155.1729584,-0.31967802,3.88725775,39.56139989,8.37548653,-86.06811494,-85.75668924,300984.3424,300984.34,43:23.8,High Risk
16679,AgeOfGods,AOG,FALSE,103474429,270000000,270000000,2021-12-30T10:00:02.000Z,2404,0.002899428,10519.91056,7195.942126,3323.968433,-5.88927246,14.69882792,53.77082771,36.89689796,277.8890552,602.9886445,300016.6116,782845.44,43:23.8,High Risk
31210,LEGION,LEGION,FALSE,274066308.3,997193224.2,1000000000,2024-05-13T05:42:58.000Z,2405,0.001094099,1928.24915,1928.24915,0,-5.39884581,16.31255627,2.10630448,12.84749565,62.76782351,117.5508957,299855.6677,1094098.98,43:23.8,High Risk
29324,CHONKY,CHONKY,FALSE,999999984.3,999999984.3,999999984.3,2024-02-07T09:49:38.000Z,2406,0.000299574,0,0,0,0,1.63413447,10.52397996,335465.5045,293410.7719,244146.1096,299574.3491,299574.35,43:23.8,High Risk
9205,K21,K21,FALSE,18385349.38,21000000,21000000,2021-04-13T00:00:00.000Z,2407,0.016239891,727.4091601,727.4091601,0,-0.2385335,2.21804677,4.35897451,-17.95307787,-28.47019101,-24.20643085,298576.0786,341037.72,43:23.8,Medium Risk
21345,4EVERLAND,4EVER,FALSE,3232552084,10000000000,10000000000,2022-08-10T13:05:15.000Z,2408,9.23E-05,203074.7842,203074.7842,0,1.31056309,5.03405127,18.81371869,-39.81790878,-41.35240217,-41.62467688,298255.6965,922663.24,43:23.8,High Risk
16016,Portuma,POR,FALSE,3784748038,9864463555,10000000000,2021-12-14T02:22:53.000Z,2409,7.77E-05,7059.286708,7059.286708,0,-0.01208112,0.65887788,-3.12257615,-10.19055601,-20.02019999,-12.54799319,294260.0132,777489.04,43:23.8,Medium Risk
10336,Hamster,HAM,FALSE,2.38423E+15,1.00E+16,1.00E+16,2021-06-08T00:00:00.000Z,2410,1.23E-10,55829.4465,55829.4465,0,-2.07516553,2.24905961,6.25315858,-15.15760495,-2.22169622,-7.14980469,294021.135,1233191.16,43:23.8,High Risk
35743,FAFO,FAFO,FALSE,999586614,999586614,999991102.7,2025-02-13T13:37:20.000Z,2411,0.000293274,561.4217336,0,561.4217336,1.17733013,4.87887442,20.41822318,-8.77888896,-37.92942031,-15.82937042,293152.9176,293271.54,43:23.8,High Risk
39262,Vanguard Total Stock Market Tokenized ETF (Ondo),VTIon,FALSE,781.9321883,781.9321883, ,2026-01-08T15:44:35.000Z,2412,374.3444082,11119.43596,0,11119.43596,0.07672631,0.40409361,1.77397213,2.91319616,7.57025778,12.43303157,292711.9423,292711.94,43:23.8,Low Risk
32838,SUNCAT,SUNCAT,FALSE,1000000000,1000000000,1000000000,2024-08-27T09:36:19.000Z,2413,0.000292371,64902.28326,64902.28326,0,0.21471108,0.42328783,-5.34718936,-14.70388517,-13.5592107,-20.84692778,292371.0609,292371.06,43:23.8,Medium Risk
39101,DOYR,DOYR,FALSE,1000000000,1000000000,1000000000,2025-12-10T07:35:21.000Z,2414,0.000291857,264144.421,244701.9417,19442.47932,-0.67283858,4.24337674,-16.0957001,-1.58139114,9.85148969,24.71836835,291856.7365,291856.74,43:23.8,Medium Risk
10622,XCarnival,XCV,FALSE,790640622,1000000000,1000000000,2021-10-21T00:00:00.000Z,2415,0.000368876,648.4672495,648.4672495,0,-0.24064458,-0.20053056,0.81763401,-4.64805363,-7.19676662,2.82162012,291648.2309,368875.85,43:23.8,Low Risk
5601,STAKE,STAKE,FALSE,8460044.341,8537500,8537500,2020-05-19T00:00:00.000Z,2416,0.034393847,5.88827197,0,5.88827197,0.70174052,3.67223292,4.25990933,-11.12134043,-15.83354594,-11.68169824,290973.4739,293637.47,43:23.8,Medium Risk
33190,Dynachain,DYNA,FALSE,41056494.28,399999998,500000000,2024-09-29T17:24:24.000Z,2417,0.007065135,0,0,0,0,-1.13501269,-4.32893686,-47.8091252,-42.06165933,-42.96519781,290069.6548,3532567.26,43:23.8,High Risk
14020,Samsunspor Fan Token,SAM,FALSE,2211909,5500000,5500000,2021-11-08T03:07:53.000Z,2418,0.131117142,52855.68768,52359.06597,496.6217104,0.33943214,1.49311308,3.01632215,-22.79991453,-27.23595175,-45.33794792,290019.1856,721144.28,43:23.8,High Risk
28453,BEFE,BEFE,FALSE,93201825078,99999998095,1E+11,2023-11-20T05:07:58.000Z,2419,3.10E-06,52924.36929,52924.36929,0,0.12095889,0.27435908,0.3083197,-28.68971772,-8.01407355,-35.25613919,289306.6551,310408.79,43:23.8,High Risk
28580,VinuChain,VC,FALSE,970217040.5,970217040.5, ,2023-12-04T10:33:19.000Z,2420,0.000298092,107156.816,92583.61317,14573.20286,0.02057973,6.15882852,12.10259608,-15.49111757,-52.74413592,-25.97448411,289213.9423,289213.94,43:23.8,High Risk
38905,MetaArena,TIMI,FALSE,398248611,2100000000,2100000000,2025-11-09T04:28:11.000Z,2421,0.00072618,19301.46291,7851.645557,11449.81736,0.99765788,-1.09944029,-3.33905691,-30.78745922,-23.88058724,36.6203944,289199.9968,1524977.05,43:23.8,High Risk
39282,Oscar Health Tokenized Stock (Ondo),OSCRon,FALSE,10160.31299,10160.31299, ,2026-01-08T15:44:35.000Z,2422,28.2387144,0,0,0,0,0,3.31319672,21.06680059,80.48182402,108.938654,286914.1768,286914.18,43:23.8,Medium Risk
3831,Safe Haven,SHA,FALSE,3005855396,8500000000,8500000000,2019-04-02T00:00:00.000Z,2425,9.53E-05,0,0,0,0,-0.5737085,-2.14072471,-10.12070124,49.92499782,4.99361708,286366.445,809791.05,43:23.8,Medium Risk
18775,Walken,WLKN,FALSE,1608559784,2000000000, ,2022-03-14T07:59:43.000Z,2424,0.000178062,1095.614734,14.41182667,1081.202907,1.95351584,5.23387851,6.61839846,-9.26440125,-1.55024366,3.40003856,286423.8804,356124.63,43:23.8,Medium Risk
26914,Statter Network,STT,FALSE,50344589,99994281,100000000,2023-06-15T10:03:33.000Z,2426,0.005679465,52495.97404,52495.97404,0,2.75537328,-11.6881811,-39.19813099,-76.75672787,-86.92415135,-71.42557241,285930.3219,567946.48,43:23.8,High Risk
38533,Holy coin,HOLY,FALSE,999959950,999959950,1000000000,2025-09-30T05:38:15.000Z,2423,0.000286594,186.7792793,0,186.7792793,0.60739297,5.37179152,-1.48562507,861.7439242,521.0175277,173.7728747,286582.4723,286593.95,43:23.8,High Risk
38986,TrainCoin,TRAIN,FALSE,6592218.99,9999941168,10000000000,2025-11-24T21:37:03.000Z,2431,0.042840825,14341.64002,0,14341.64002,-15.80839735,133.731018,-62.93180499,-66.69787177,-68.56492903,-71.41906563,282416.102,428408252.9,43:23.8,High Risk
36417,Donkey (DONKEY_BSC_MEME),DONKEY,FALSE,1000000000,1000000000,1000000000,2025-05-06T03:16:07.000Z,2427,0.000283902,78967.10337,76276.2225,2690.880868,0.7942222,2.53260227,-3.78111418,-14.23839069,-71.28984618,-76.15213826,283902.4245,283902.42,43:23.8,Medium Risk
28613,PIKACHU INU,PIKACHU,FALSE,9.36E+16,9.36E+16,9.77E+16,2023-12-07T06:27:45.000Z,2429,3.03E-12,0,0,0,-1.00E-07,2.2852494,-1.43280377,-17.27083279,-38.13017805,20.03885857,283421.8983,295724.41,43:23.8,Medium Risk
38438,Rage Guy,RAGE,FALSE,984031503,984031503,1000000000,2025-09-19T06:48:16.000Z,2429,0.000287983,9974.649034,0,9974.649034,3.37604124,-10.01355371,-21.32583262,-61.7723962,-42.26112715,44.15236269,283384.4931,287983.15,43:23.8,High Risk
28106,zkSwap Finance,ZF,FALSE,633881199.2,1000000000,1000000000,2023-09-20T17:42:26.000Z,2430,0.000446561,68883.53053,21478.8946,47404.63593,2.128595,3.30440185,9.51682101,-20.23338104,-32.40532553,-44.85374361,283066.4701,446560.76,43:23.8,High Risk
10275,catgirl,CATGIRL,FALSE,3.10E+16,3.21E+16,1.00E+17,2021-06-03T00:00:00.000Z,2432,9.10E-12,0,0,0,0,-3.07601113,13.37656624,-8.56486909,18.25472225,25.46949853,282078.6997,910316.26,43:23.8,High Risk
31320,Sekuya Multiverse,SKYA,FALSE,549910712.2,599910712.2,1000000000,2024-05-21T08:13:43.000Z,2433,0.00051138,70094.54349,69087.76323,1006.780254,-0.02132683,0.16739449,-3.07292386,-20.96149353,-19.24150166,-38.81471109,281213.3759,511380.07,43:23.8,Medium Risk
36347,Let's BONK,LetsBONK,FALSE,68986750.89,68986750.89,68999957.83,2025-04-26T02:26:56.000Z,2434,0.004075708,76693.8703,71791.34216,4902.528142,1.53356331,3.79345283,-12.70059649,-33.4163625,-34.8262248,-40.18582536,281169.8459,281223.67,43:23.8,High Risk
25033,Orbofi AI,OBI,FALSE,1433951599,2000000000,2000000000,2023-05-30T09:36:03.000Z,2435,0.000195848,12787.96875,11312.63669,1475.332066,-0.90757128,-7.39433934,-3.49291777,-33.35347294,-53.22848043,-65.07146256,280836.9782,391696.59,43:23.8,High Risk
33452,TheStandard USD,USDS,FALSE,280943.21,280943.21, ,2024-10-15T07:12:13.000Z,2436,0.998096601,5215.215919,5215.215919,0,0.12723056,-0.1077392,0.0556216,-0.17721331,-0.98445578,-0.42254376,280408.463,280408.46,43:23.8,Low Risk
34328,QSTaR,Q*,FALSE,9596124336,10000000000,10000000000,2024-11-29T11:58:32.000Z,2437,2.92E-05,0,0,0,0,0,-8.80485985,-32.29828139,-37.26750974,-26.97364841,280007.7371,291792.53,43:23.8,High Risk
32415,Skibidi Toilet,SKBDI,FALSE,70038672,74927562,75000000,2024-07-25T21:05:24.000Z,2438,0.00399766,704335.4219,702147.9754,2187.446525,2.55391114,5.28559913,8.10457041,-25.95098291,-9.16272387,-20.05050246,279990.8074,299824.51,43:23.8,High Risk
34854,yesnoerror,YNE,FALSE,999998467,999998467,999998467,2024-12-24T12:15:59.000Z,2439,0.000277289,46168.84356,45682.26672,486.5768408,-0.53781075,3.42571806,5.49305491,-43.14229811,-53.99861236,-68.92864848,277289.0152,277289.02,43:23.8,High Risk
9200,Revomon,REVO,FALSE,30254745.03,46000000,46000000,2021-04-12T00:00:00.000Z,2440,0.009233239,0,0,0,0,0.6303332,2.85051471,-7.11448338,-13.06384033,-25.42354391,279349.2918,424728.99,43:23.8,Medium Risk
9686,My Crypto Heroes,MCHC,FALSE,27355706,31252420,50000000,2021-05-11T00:00:00.000Z,2441,0.010173789,0,0,0,0,1.20056742,1.36037873,-16.71099043,-18.07088058,-20.72258727,278311.1857,508689.46,43:23.8,Medium Risk
34152,Didi Bam Bam,DDBAM,FALSE,21000000,21000000,21000000,2024-11-22T03:33:28.000Z,2442,0.013162993,16695.22099,16070.98997,624.2310165,-0.03231139,1.01907575,0.8942416,-3.31632098,-34.78201664,-35.76623131,276422.8506,276422.85,43:23.8,Low Risk
24793,MongCoin,$MONG,FALSE,5.81196E+14,6.9E+14,6.9E+14,2023-04-28T06:50:35.000Z,2443,4.74E-10,78.51000395,0,78.51000395,-0.03807107,4.39542951,8.29445915,-18.13276995,-83.31165296,-23.05670812,275321.3918,326863.48,43:23.8,High Risk
8508,PoolTogether,POOL,FALSE,6768510,10000000,10000000,2021-02-18T00:00:00.000Z,2444,0.040659104,0,0,0,0,0,4.20852389,-17.79377944,-13.29727545,-35.1420926,275201.5537,406591.04,43:23.8,Medium Risk
38016,AppLovin Tokenized Stock (Ondo),APPon,FALSE,522.9925471,522.9925471, ,2025-09-03T10:55:09.000Z,2445,525.4353771,97560.14276,97359.32021,200.8225551,0.68972171,3.85541638,-6.98685163,5.5544129,11.45916693,12.82811239,274798.7862,274798.79,43:23.8,Medium Risk
39280,Exxon Mobil Tokenized Stock (Ondo),XOMon,FALSE,1934.78842,1934.78842, ,2026-01-08T15:44:33.000Z,2446,142.0094329,1939174.586,1927048.119,12126.4679,-0.20676608,-2.12887207,-6.76523283,-10.46310037,-7.06095889,-10.76869625,274758.2064,274758.21,43:23.8,Medium Risk
10763,Aston Martin Cognizant Fan Token,AM,FALSE,2770219,10000000,10000000,2021-07-05T00:00:00.000Z,2447,0.098935566,50560.6615,49387.37667,1173.284829,-0.21712836,0.19295622,0.71342083,-17.37630368,-12.90021314,-25.49526889,274073.185,989355.66,43:23.8,Medium Risk
37463,Alt.town,TOWN,FALSE,801500002,2000000000,2000000000,2025-07-22T10:10:22.000Z,2448,0.000340943,228480.5538,196813.1293,31667.42446,-0.96077396,6.30072593,-5.96214638,-41.6435211,0.17245804,-18.09921555,273265.5425,681885.32,43:23.8,High Risk
35689,Tevaera,TEVA,FALSE,489913207,4000000000, ,2025-02-10T16:43:33.000Z,2449,0.000553996,9718.617766,8359.88969,1358.728077,0.1529341,1.35139531,-14.11538294,-24.80422522,1.50201749,-28.89997295,271410.098,2215985.15,43:23.8,High Risk
27112,Penpie,PNP,FALSE,1505920.01,10000000, ,2023-06-21T14:39:00.000Z,2450,0.179220154,0,0,0,0.40071103,4.41155334,25.87987384,-38.49659061,-47.66909603,-54.40657844,269891.2154,1792201.54,43:23.8,High Risk
32412,Non-Playable Coin Solana,NPCS,FALSE,969714773,999991308.8,999991308.8,2024-07-25T17:01:35.000Z,2451,0.000277826,0,0,0,0,2.89058915,16.75391759,-23.98835141,-29.65279526,-56.95080414,269412.1684,277823.78,43:23.8,High Risk
3908,Decimated,DIO,FALSE,543259848,1000000000,1000000000,2019-05-03T00:00:00.000Z,2452,0.000495395,821.3067838,189.2943102,632.0124736,-0.31734471,3.59314217,7.41260602,-5.25670772,-2.76110988,-19.73854656,269128.2984,495395.16,43:23.8,Medium Risk
32368,Fefe,FEFE,FALSE,420690000,420690000,420690000,2024-07-24T04:31:07.000Z,2453,0.000639626,53483.44,53483.44,0,1.5781905,-1.50497608,4.22631336,-14.45984715,16.57843786,-9.11578676,269084.1663,269084.17,43:23.8,Medium Risk
37221,America Party,AP,FALSE,1000000000,1000000000,1000000000,2025-07-06T14:40:58.000Z,2454,0.000269049,0,0,0,0,8.23641901,20.29169747,-27.40739318,77.32965202,22.03174791,269049.4993,269049.5,43:23.8,High Risk
28179,Wall Street Memes,WSM,FALSE,1882798483,1897127120,2000000000,2023-09-26T13:54:45.000Z,2455,0.000142614,0,0,0,0,1.39442096,3.26791737,-6.21662666,-2.03434273,-17.49120262,268512.5044,285227.02,43:23.8,Medium Risk
9468,Spore,SPORE,FALSE,3.01E+16,3.01E+16,1.00E+17,2021-04-28T00:00:00.000Z,2456,8.90E-12,8.07747503,0,8.07747503,0.89361981,0.2419452,3.98326667,-11.40218659,-7.81458228,-15.73036433,268265.7627,890380.66,43:23.8,Medium Risk
35526,R0AR,1R0R,FALSE,413782197,10000000000,10000000000,2025-06-04T07:49:43.000Z,2457,0.000646054,55087.0999,55087.0999,0,1.46302527,2.04580892,4.3712089,-22.27036662,-29.92790003,-7.867213,267325.7376,6460542.27,43:23.8,High Risk
19621,Cosplay Token,COT,FALSE,394359177,1000000000,1000000000,2022-04-19T15:40:25.000Z,2458,0.000677197,81109.98753,81109.98753,0,-0.35489391,0.00044544,-0.50461542,-4.79641794,-9.16425036,-24.89069032,267058.7379,677196.71,43:23.8,Low Risk
12653,ROCO FINANCE,ROCO,FALSE,17298805,99982729, ,2021-10-12T09:37:16.000Z,2459,0.015404304,714.3753923,0,714.3753923,2.16097543,6.22947003,8.38078545,38.18907688,67.58981103,66.27172674,266476.051,1540164.35,43:23.8,High Risk
28916,Any Inu,AI,FALSE,4.20346E+11,4.2035E+11,4.2035E+11,2024-01-02T09:09:13.000Z,2460,6.34E-07,52770.14928,52766.12983,4.01944801,1.40187777,1.7355238,2.14502408,-37.1675724,-32.97932301,-42.49514814,266421.916,266423.93,43:23.8,High Risk
38653,Fleek,FLK,FALSE,20000000,100000000,100000000,2025-10-10T07:10:25.000Z,2461,0.013320583,77223.98897,77223.98897,0,1.34522025,1.8778023,4.02373269,-58.3198271,-37.0947699,-64.35093798,266411.6538,1332058.27,43:23.8,High Risk
6194,Geeq,GEEQ,FALSE,38522222,100000000,100000000,2020-08-04T00:00:00.000Z,2462,0.00686687,181875.001,181875.001,0,-0.43104232,-0.26261845,-11.34529984,-30.21495895,-40.81844615,-60.3735482,264527.0845,686686.98,43:23.8,High Risk
20236,Green Satoshi Token (BSC),GST,FALSE,212412666.6,212412666.6, ,2021-12-22T01:37:42.000Z,2463,0.001243293,0,0,0,0,-1.65174955,-0.74826945,-17.40996551,-17.23930024,-1.32411455,264091.122,264091.12,43:23.8,Medium Risk
34583,Mystery,MYSTERY,FALSE,4.2069E+14,4.2069E+14,4.2069E+14,2024-12-12T22:19:36.000Z,2465,6.26E-10,25477.38518,25477.38518,0,1.35024814,12.69103854,-2.18265914,-30.2498477,24.66794002,30.13178264,263336.3119,263336.31,43:23.8,High Risk
23769,Rejuve.AI,RJV,FALSE,769066651,1000000000,1000000000,2023-03-06T04:01:48.000Z,2464,0.000342544,15491.39507,15491.39507,0,0.05024012,-26.473668,-36.60974039,-51.75008123,-67.44918877,-76.81576847,263438.8889,342543.64,43:23.8,High Risk
35484,Alpha,ALPHA,FALSE,999998635,999998635, ,2025-01-26T05:08:48.000Z,2466,0.00026287,248.1532498,0,248.1532498,0.72069851,4.14512171,10.7372356,-22.8332609,-29.68011616,-28.79059334,262869.3366,262869.34,43:23.8,High Risk
36547,KoKoK The Roach,KOKOK,FALSE,199996434.8,199996434.8,199997903,2025-05-19T14:24:13.000Z,2467,0.001303288,5421.398263,4997.013613,424.3846505,0.44377075,3.17962288,2.2420924,-40.9742091,-56.61468052,-50.47156859,260652.8745,260654.79,43:23.8,High Risk
36415,moonpig,MOONPIG,FALSE,999931280,999931280,999932362,2025-05-05T13:27:17.000Z,2468,0.000260586,25290.19798,25290.19798,0,1.11193294,1.08503359,6.96331291,-9.49344537,-17.91308658,-37.90659498,260567.7868,260568.07,43:23.8,Medium Risk
38655,MasterBOT,BOT,FALSE,1000000000,1000000000,1000000000,2025-10-10T07:13:10.000Z,2469,0.000259226,0,0,0,0,-0.23677715,16.63747317,-26.03362339,-26.48143059,-35.25285392,259226.4731,259226.47,43:23.8,High Risk
1814,Metrix Coin,MRX,FALSE,16946391308,18356111771,30000000000,2017-07-15T00:00:00.000Z,2470,1.53E-05,0.0038461,0.0038461,0,-0.010006,0.01000801,1.37136163,-23.50765459,-41.20091837,-46.35873255,259098.2912,458678.7,43:23.8,Medium Risk
36034,Pell Network,PELL,FALSE,1092339090,2100000000,2100000000,2025-03-14T10:24:06.000Z,2471,0.000235557,224.6784739,224.6784739,0,0.002605,-0.27482406,-0.30707114,-32.82673157,-18.43567482,-41.04075846,257307.9679,494669.41,43:23.8,High Risk
39309,Trip.com Group Tokenized Stock (Ondo),TCOMon,FALSE,5458.385229,5458.385229, ,2026-01-08T15:44:39.000Z,2472,47.10743147,9361.526251,2.99794123,9358.528309,0.69513504,0.06092378,-0.47643738,-4.98243708,-14.19300978,-10.95643499,257130.5081,257130.51,43:23.8,Low Risk
38877,Aria Protocol,ARIAIP,FALSE,333000000,1000000000,1000000000,2025-11-05T03:48:38.000Z,2473,0.000771287,8.36308877,8.36308877,0,0.01022326,-5.92912911,25.09905148,-29.5979578,-67.67734954,-81.1348235,256838.525,771286.86,43:23.8,High Risk
32224,CYBRO,CYBRO,FALSE,132398785.7,499999745,1000000000,2024-07-15T06:04:09.000Z,2474,0.001936576,39583.89223,38446.20036,1137.691866,-0.03118162,1.87936175,-0.78179544,-23.76153109,-21.67015099,-26.92960329,256400.3384,1936576.21,43:23.8,High Risk
39305,abrdn Physical Palladium Shares Tokenized ETF (Ondo),PALLon,FALSE,2078.569328,2078.569328, ,2026-01-08T15:44:35.000Z,2475,123.0533169,1231483.234,1229690.224,1793.010409,0.96455991,1.38154535,10.21328621,-4.21467524,-12.8004714,-14.19845654,255774.8501,255774.85,43:23.8,Medium Risk
2837,0xBitcoin,0xBTC,FALSE,9706750,20999984,21000000,2018-06-04T00:00:00.000Z,2476,0.026332492,0,0,0,0,-28.37694513,-12.43541385,-26.02753733,-22.38423667,-21.77052182,255602.9139,552982.33,43:23.8,High Risk
28817,Aki Network,AKI,FALSE,2000000000,2000000000,2000000000,2023-12-22T09:23:08.000Z,2477,0.000127518,0.91765837,0.91765837,0,-0.01073141,0.0169364,-0.02372065,-66.53176257,136.1100641,-86.24084509,255035.8384,255035.84,43:23.8,High Risk
32888,LIQUIDIUM•TOKEN,LIQ,FALSE,21827261,100000000,100000000,2024-09-02T04:39:03.000Z,2478,0.011660467,56976.2151,56976.2151,0,-0.09689973,-1.81424499,-31.85120562,-56.70160733,-57.7059638,-69.15356215,254516.0495,1166046.67,43:23.8,High Risk
31601,SelfieDogCoin,SELFIE,FALSE,983717932,999857174.7, ,2024-06-03T14:28:34.000Z,2479,0.000254051,5624.857218,5624.857218,0,-1.06266683,0.54209663,8.67093855,-30.23934419,-10.3431109,-22.869436,249914.8641,254015.06,43:23.8,High Risk
9865,Ispolink,ISP,FALSE,8089561783,10000000000, ,2021-05-17T00:00:00.000Z,2480,3.14E-05,120681.1326,119408.3261,1272.806509,-0.49640744,9.53336698,3.28481726,-41.31453759,-34.34276339,-49.89268633,253862.4342,313814.82,43:23.8,High Risk
30648,Young Peezy AKA Pepe,PEEZY,FALSE,1000000000,1000000000,1000000000,2024-04-15T09:29:13.000Z,2481,0.000253474,0,0,0,0,2.93086084,5.22551578,-23.73140462,-40.42347385,-33.92408027,253474.4224,253474.42,43:23.8,High Risk
29734,Zero1 Labs,DEAI,FALSE,91221244,1000000000,1000000000,2024-03-11T04:04:07.000Z,2482,0.002775515,74397.08672,68348.90808,6048.17864,-5.42933123,6.13072964,-16.24837397,-36.59649051,9.65755426,-28.30136878,253185.8893,2775514.54,43:23.8,High Risk
9760,Stratos,STOS,FALSE,38800874,100000000, ,2021-06-13T00:00:00.000Z,2483,0.006502747,54348.97283,53818.35565,530.6171809,-1.49534539,-1.67752522,-38.87583438,-57.12240492,-63.5617295,-78.67321266,252312.2786,650274.73,43:23.8,High Risk
24289,Limoverse,LIMO,FALSE,143091080.4,10000000000,10000000000,2023-04-07T07:02:30.000Z,2484,0.001759676,9173.767839,1741.217811,7432.550028,0.43051395,-0.63759071,-4.41509516,-19.32405485,-8.3827702,-24.98955141,251793.9544,17596761.01,43:23.8,Medium Risk
34025,Dasha,VVAIFU,FALSE,993228660.1,993228660.1,999904308.9,2024-11-17T22:52:06.000Z,2485,0.000250943,683.4371037,488.3317751,195.1053286,-0.17086215,2.98372348,15.91028612,-8.21764143,-9.18610675,-7.38164488,249243.9327,250919.14,43:23.8,High Risk
39776,Seagate Tokenized Stock (Ondo),STXon,FALSE,233.9574552,233.9574552, ,2026-03-24T02:56:24.000Z,2486,1064.107968,778328.4263,745450.0821,32878.34423,2.96845587,8.13674027,19.10634586,33.92502202,103.5855483,151.5242584,248955.9923,248955.99,43:23.8,High Risk
7672,Unifi Protocol DAO,UNFI,FALSE,9548650.104,9548651.104,10000000,2020-11-21T00:00:00.000Z,2487,0.026042868,4451.555071,4451.555071,0,0.01394972,-0.30425584,-7.60546471,-39.77712297,-36.45388105,-59.3367357,248674.2373,260428.68,43:23.8,High Risk
39742,Galaxy Digital Tokenized Stock (Ondo),GLXYon,FALSE,7305.536487,7305.536487, ,2026-03-24T02:56:27.000Z,2488,33.61062553,549.7859926,0,549.7859926,0.12889251,-4.23396523,9.04279008,13.60726643,36.61211445,56.1387867,245543.6511,245543.65,43:23.8,High Risk
11533,UFC Fan Token,UFC,FALSE,2421572,20000000,20000000,2021-09-01T07:00:15.000Z,2489,0.101319602,520.9648005,0,520.9648005,1.3725434,-5.16329171,-9.42626465,-56.2037351,-63.8313863,-63.8313863,245352.7124,2026392.05,43:23.8,High Risk
28094,Prisma mkUSD,MKUSD,FALSE,245227.5674,245227.5674, ,2023-09-20T17:40:27.000Z,2490,1.000144684,1815.466599,0,1815.466599,0.22383203,0.04241654,0.23960241,0.07315719,0.06913379,0.19231501,245263.0479,245263.05,43:23.8,Low Risk
37537,Spheron Network,SPON,FALSE,213504166.6,995937500,1000000000,2025-07-29T10:23:23.000Z,2491,0.001138229,57174.7468,56716.36448,458.3823184,-0.12606467,-1.52989957,-39.5830343,-41.02223408,-44.11934844,-45.80495407,243016.657,1138229.11,43:23.8,High Risk
10269,Cheems,CHEEMS,FALSE,2550834901,2550834901, ,2021-06-03T00:00:00.000Z,2492,9.57E-05,176.1029439,0,176.1029439,0.09758589,-0.96886566,0.01020338,-25.27860826,33.22391383,-18.83387376,244141.717,244141.72,43:23.8,High Risk
36236,Privasea AI,PRAI,FALSE,337596658,1000000000,1000000000,2025-04-10T11:34:34.000Z,2493,0.000723098,58547.06654,58115.88253,431.1840115,-0.04536117,0.63524892,-2.59155949,-26.1160702,-58.11251992,-55.33442562,244115.5172,723098.15,43:23.8,High Risk
2363,Zap,ZAP,FALSE,236144465,520000000, ,2018-01-11T00:00:00.000Z,2494,0.001032246,0,0,0,0,8.72913299,11.43587199,-1.80017986,-41.99846683,-15.53728404,243759.2399,536768.05,43:23.8,Medium Risk
32992,CBPAY Global,CBPAY,FALSE,3680656565,40000000000,40000000000,2024-09-11T18:46:53.000Z,2495,6.61E-05,0,0,0,0,2.59660218,4.04053362,-13.45710608,-20.69791862,-22.66302895,243281.1044,2643888.12,43:23.8,Medium Risk
1817,VGX Token,VGX,FALSE,916741574.6,916741574.6, ,2017-07-18T00:00:00.000Z,2496,0.000265025,4374.130167,4374.130167,0,0.00244869,2.42483711,-21.08170305,-21.24184676,23.85812997,-3.47521603,242959.135,242959.13,43:23.8,High Risk
9828,Nafter,NAFT,FALSE,997653480.6,997653480.6,1000000000,2021-05-15T00:00:00.000Z,2497,0.000242945,236.2654776,236.2654776,0,0.00216494,0.20983042,3.6086077,-3.20162187,-4.9234878,2.75346125,242374.8201,242944.89,43:23.8,Low Risk
27686,Hatom,HTM,FALSE,16667457,100000000,100000000,2023-07-26T05:52:30.000Z,2498,0.01449182,10359.53149,6144.548779,4214.982714,0.74433082,4.65205181,7.95957851,-9.61094667,-6.20190085,-28.96468744,241541.7801,1449181.96,43:23.8,Medium Risk
9348,Crowny,CRWNY,FALSE,462191889.2,813097988.2, ,2021-04-20T00:00:00.000Z,2499,0.000520329,1201.635093,0,1201.635093,0.10577429,-2.75324164,-15.56651527,-41.4702426,-56.52402236,-60.01389265,240491.9774,423078.7,43:23.8,High Risk
9052,Bware,INFRA,FALSE,4130897,100000000,100000000,2021-03-31T00:00:00.000Z,2500,0.058113827,266.4706955,266.4706955,0,0.00703319,-2.90987007,2.1706564,-1.80211567,7.13124266,6.119037,240062.2337,5811382.7,43:23.8,Low Risk
17207,Giveth,GIV,FALSE,383521553.4,1000000000,1000000000,2022-01-12T18:36:06.000Z,2501,0.000623886,62.9486737,0,62.9486737,0.35270696,3.17076661,8.97983033,-18.55969199,18.56016355,1.17552946,239273.9024,623886.46,43:23.8,High Risk
38532,Pockemy,PKM,FALSE,999943061,999943061,1000000000,2025-09-30T05:36:19.000Z,2502,0.000239101,0,0,0,0,1.22855733,-5.85534856,797.863011,443.2520873,36.85371368,239087.1898,239100.8,43:23.8,High Risk
2921,OneLedger,OLT,FALSE,506936797,1000000000, ,2018-07-12T00:00:00.000Z,2503,0.000466712,143215.974,143215.974,0,0.42209326,0.01607209,-4.30849139,86.01647991,70.93276219,71.58342766,236593.708,466712.44,43:23.8,High Risk
39178,Atlas (AtlasOfUSA),ATLAS,FALSE,9.86149E+14,1E+15,1E+15,2025-12-25T15:01:06.000Z,2504,2.39E-10,0,0,0,0,7.87717355,17.42198776,29.09427732,280.6793115,262.3039467,235789.558,239101.3,43:23.8,High Risk
38098,Figma Ord Shs Tokenized Stock (Ondo),FIGon,FALSE,12626.44351,12626.44351, ,2025-09-03T10:55:42.000Z,2505,18.63810082,805348.251,798888.1736,6460.077453,0.49160618,-2.28882168,-11.64475144,-17.39334605,-8.79260899,-32.23364013,235332.9271,235332.93,43:23.8,High Risk
38700,SavannaSurvival,SVSA,FALSE,191805555.3,1000000000,1000000000,2025-10-16T10:11:51.000Z,2506,0.001221131,0,0,0,0,0.00030795,-22.06145593,4.55855432,6.5274737,-2.90569499,234219.7767,1221131.35,43:23.8,High Risk
13916,Omax Coin,OMAX,FALSE,8667996990,9000000000, ,2021-11-05T05:32:20.000Z,2507,2.70E-05,6606.612441,6606.612441,0,8.85788404,11.1215452,-8.80997668,-1.50185501,-11.2632537,-22.69431565,233860.7038,242818.07,43:23.8,High Risk
29386,LandX Finance,LNDX,FALSE,14155381.05,71295341.43,80000000,2024-02-13T04:48:34.000Z,2508,0.016515678,9509.771319,9509.771319,0,-0.05699939,0.1674386,-1.14825111,3.26109585,11.70446804,4.64840758,233785.7154,1321254.24,43:23.8,Low Risk
31504,Ultiverse,ULTI,FALSE,7611112209,10000000000,10000000000,2024-06-03T15:53:14.000Z,2509,3.05E-05,6650.378817,6299.018964,351.3598528,-8.96240405,-2.29707899,-4.89845528,-62.0644624,-56.66770349,-41.98205535,232342.4291,305267.38,43:23.8,High Risk
29968,Karlsen,KLS,FALSE,2910534251,2910534011,4961000000,2024-03-19T12:04:23.000Z,2510,7.98E-05,0,0,0,-14.70543894,-14.07176389,-4.89164448,223.0840838,291.9729012,45.82428231,232285.7475,395930.61,43:23.8,High Risk
10746,Biswap,BSW,FALSE,686321919,655492486.5,700000000,2021-07-02T00:00:00.000Z,2511,0.000337225,3205.321044,79.24805593,3126.072988,-0.29868618,4.88033987,2.59146549,-62.88678943,-80.3505402,-81.90888202,231445.1412,236057.74,43:23.8,High Risk
37623,Xeleb Protocol,XCX,FALSE,108300000,999768673.2,1000000000,2025-08-06T08:14:06.000Z,2512,0.002127146,239415.5479,230286.2208,9129.327123,0.17146745,-4.38976565,-22.9498936,-41.18371659,-64.59571809,-25.61674879,230369.9619,2127146.46,43:23.8,High Risk
23633,HAVAH,HVH,FALSE,5214434424,8243997533,10000000000,2023-02-23T04:38:35.000Z,2513,4.42E-05,43947.85965,43947.85965,0,-0.00613004,-0.42900844,-8.86925762,-35.23111078,-49.84901606,-49.99269939,230340.3422,441736,43:23.8,High Risk
11945,My Master War,MAT,FALSE,97814790.88,100000000,100000000,2021-09-17T09:28:46.000Z,2514,0.002354807,0,0,0,0,0,5.92652359,-4.93041383,108.9152174,60.35461479,230334.9727,235480.72,43:23.8,Medium Risk
9643,Don-key,DON,FALSE,95549867.71,100000000,100000000,2021-05-08T00:00:00.000Z,2515,0.002409716,0,0,0,0,-0.69424272,1.86674091,-6.75332626,1199.555127,1061.667333,230248.0408,240971.6,43:23.8,Low Risk
6597,Degenerator Meme,MEME,FALSE,28000,28000,28000,2020-08-16T00:00:00.000Z,2516,8.192334301,0,0,0,0,7.60607949,7.23270683,-21.98651061,-83.96899606,-83.96899606,229385.3604,229385.36,43:23.8,High Risk
15188,DappRadar,RADAR,FALSE,960096177,10000000000, ,2021-11-25T18:40:38.000Z,2517,0.000237905,2339.557962,2339.557962,0,0.00941865,-0.12507516,5.35613337,-24.01666197,-26.89582357,-34.16011427,228411.5755,2379048.9,43:23.8,High Risk
10973,PureFi Protocol,UFI,FALSE,58422831,100000000,100000000,2021-07-20T00:00:00.000Z,2518,0.003905677,0,0,0,0,2.70222814,3.85123221,-25.78453372,-9.85298962,49.73917697,228180.7003,390567.69,43:23.8,High Risk
22556,PlayZap,PZP,FALSE,111258479,144472499,150000000,2022-11-04T16:46:56.000Z,2519,0.002048021,72832.07147,72832.07147,0,-0.12040844,6.63112954,39.81589053,-10.02251265,-10.63815531,-46.31209492,227859.7002,307203.15,43:23.8,High Risk
29478,Solchat,CHAT,FALSE,8043460,8999983, ,2024-02-21T06:59:39.000Z,2520,0.028214836,8569.108676,0,8569.108676,0.24420231,-2.00200703,-14.05832152,-11.13345667,-25.89558913,-37.10822102,226944.9039,253933.04,43:23.8,High Risk
6537,RioDeFi,RFUEL,FALSE,344550837.9,358029580, ,2020-08-11T00:00:00.000Z,2521,0.000656817,4457.891391,4457.891391,0,-0.00783571,5.39701488,3.20568434,-7.88457326,-11.78631722,-9.86398861,226306.7968,235159.86,43:23.8,Medium Risk
39733,Kimchi (CTO),KIMCHI,FALSE,1E+12,1E+12,1E+12,2026-03-23T00:26:53.000Z,2522,2.24E-07,0,0,0,0.00081631,1.27861595,-3.57928394,-39.39314818,-77.19913822,-83.22689506,224370.2238,224370.22,43:23.8,High Risk
30968,Long,LONG,FALSE,7.83714E+11,7.86905E+11,1E+12,2024-04-29T08:37:45.000Z,2523,2.86E-07,0.21827593,0,0.21827593,0.7148586,3.44770376,6.45816591,-19.85692839,-24.93085059,-26.0590865,224070.0307,285907.97,43:23.8,High Risk
4411,TenUp,TUP,FALSE,105371800.3,191998848.9,191998848.9,2019-09-03T00:00:00.000Z,2524,0.002118608,19975.23944,19975.23944,0,-0.01208112,-4.06091573,-12.04159443,-19.72279621,-14.92469875,-13.17636215,223241.5049,406770.24,43:23.8,High Risk
34591,Reploy,RAI,FALSE,10000000,10000000,10000000,2024-12-12T22:38:20.000Z,2525,0.022215241,129182.0776,129182.0776,0,0.89354883,-27.06878505,-36.90024813,-22.22140144,-41.52814504,-38.57656242,222152.4126,222152.41,43:23.8,High Risk
31770,Pepoclown,HONK,FALSE,4.1518E+14,4.2069E+14,4.2069E+14,2024-06-11T19:57:02.000Z,2526,5.31E-10,686.7887057,0,686.7887057,0.19910879,3.41274971,3.33489459,-30.35799783,-33.76169548,-30.87501366,220341.6514,223265.93,43:23.8,High Risk
14489,CheckDot,CDT,FALSE,7745635.25,9897864.25,10000000,2021-11-15T05:18:48.000Z,2527,0.028278617,22.35650165,0,22.35650165,0.65324112,1.2326566,3.71308459,-17.03344687,-19.07684963,-20.8759202,219035.8515,282786.17,43:23.8,Medium Risk
38596,ZERA,ZERA,FALSE,963443634,999375033,999375033,2025-10-07T07:09:54.000Z,2528,0.000227017,187112.7266,51854.9198,135257.8067,0.10524605,-39.84655528,-87.77988922,-93.19968625,-93.30636045,-95.04583421,218718.3107,226875.36,43:23.8,High Risk
11663,Elemon,ELMON,FALSE,644908310,2000000000,2000000000,2021-09-06T09:21:51.000Z,2529,0.000339123,0,0,0,0,0,2.18269529,-5.45223505,-2.74021061,-6.30572168,218703.3993,678246.49,43:23.8,Low Risk
3388,FREEdom Coin,FREE,FALSE,9.939E+12,1E+13,1E+13,2018-10-04T00:00:00.000Z,2530,2.19E-08,91779.58712,91442.25515,337.3319744,0.91412115,4.50008176,-4.78988099,-20.67538562,-25.82755908,-56.20958166,217527.7052,218862.77,43:23.8,High Risk
7262,extraDNA,XDNA,FALSE,1190020231,3000000000,3000000000,2020-10-01T00:00:00.000Z,2531,0.000182251,0,0,0,0,6.50973709,6.10884075,-11.73676762,21.13948315,44.05762405,216882.2402,546752.65,43:23.8,Medium Risk
37451,ZKWASM,ZKWASM,FALSE,102222222,1000000000,1000000000,2025-07-21T10:29:37.000Z,2533,0.002116544,76787.72846,76787.72846,0,-0.12137358,0.54552476,-4.8903707,-30.49414539,-40.95915589,-57.42900141,216357.7891,2116543.59,43:23.8,High Risk
17569,MoonDAO,MOONEY,FALSE,1375119250,2528240625,2528240625,2022-01-23T15:31:06.000Z,2534,0.000157286,2213.203964,1345.572576,867.6313885,-2.61158965,4.38671847,2.64593587,-16.35084222,-14.2474388,-14.20325456,216287.0039,397656.85,43:23.8,High Risk
8519,Xend Finance,RWA,FALSE,107033500.3,200000000, ,2021-02-19T00:00:00.000Z,2532,0.002023919,4208.051049,3534.304459,673.7465902,-0.03521581,-2.43408912,-4.468401,35.74118261,-14.61712181,-15.10335168,216627.0813,404783.7,43:23.8,High Risk
38168,Multiple Network,MTP,FALSE,880000000,1000000000,1000000000,2025-08-22T10:00:40.000Z,2535,0.00024532,461036.6332,407213.846,53822.78723,2.11503496,4.19070079,-7.61086435,-40.36513501,6.37548877,-30.71909266,215881.9901,245320.44,43:23.8,High Risk
35230,Tajir Tech Hub,TJRM,FALSE,644953436.6,749953436.6,750000000,2025-01-14T08:39:43.000Z,2536,0.000333336,102033.659,102033.659,0,-0.07451996,1.11572252,11.48789934,62.33659053,5.6525607,-26.75175514,214986.3759,250002.21,43:23.8,High Risk
23396,Houdini Swap,LOCK,FALSE,90790012.43,90790012.43,100000000,2023-02-04T22:41:32.000Z,2537,0.002355854,0,0,0,0,11.22806456,20.62077738,-40.95938407,-97.44660471,-97.79168252,213888.0185,235585.41,43:23.8,High Risk
31284,SAD HAMSTER,HAMMY,FALSE,941901250,999909499,1000000000,2024-05-16T10:22:35.000Z,2538,0.0002268,1811.45155,0,1811.45155,0.73310456,3.56038216,7.31389192,-21.59009328,-12.84282003,-19.01503317,213623.1833,226799.98,43:23.8,High Risk
2638,Cortex,CTXC,FALSE,238266710.8,299792458,299792458,2018-04-16T00:00:00.000Z,2539,0.000896111,52107.41312,52107.41312,0,24.45172879,8.49350766,10.14918668,-32.55499139,-58.55246727,-36.16126548,213513.4411,268647.35,43:23.8,High Risk
37149,enfineo,ENF,FALSE,40631723,109999605.4,110000000,2025-07-04T03:02:13.000Z,2540,0.005252355,18421.90906,18421.90906,0,0.03506707,1.47792652,-14.93336112,-29.21098403,-48.80128121,-46.62942194,213412.2238,577759.02,43:23.8,High Risk
5522,SENSO,SENSO,FALSE,70269127,715280000,715280000,2020-05-04T00:00:00.000Z,2541,0.003028365,47509.38246,47509.38246,0,-0.22118763,-0.08947312,-0.17924973,-1.54116626,-6.68721834,-0.54476306,212800.5922,2166129.2,43:23.8,Low Risk
7064,BakeryToken,BAKE,FALSE,289770083.3,289770083.3, ,2020-09-15T00:00:00.000Z,2542,0.000729887,92795.30845,90460.58616,2334.722292,-1.33662246,-1.29245298,0.02034568,-3.93238848,11.62792464,-49.50754315,211499.5429,211499.54,43:23.8,Low Risk
72,Deutsche eMark,DEM,FALSE,158230418.8,165212394.9, ,2013-12-15T00:00:00.000Z,2543,0.001334783,4.16652483,4.16652483,0,0.49128688,1.67797694,-29.09234146,-43.02689615,-11.88571974,-10.02823752,211203.2575,220522.68,43:23.8,High Risk
7812,SYNC Network,SYNC,FALSE,211055698.4,235733913.7, ,2020-11-30T00:00:00.000Z,2544,0.000997569,0,0,0,0,0,0,0,0,0,210542.6632,235160.89,43:23.8,Low Risk
8715,Taraxa,TARA,FALSE,6108240010,10972691560,12000000000,2021-03-08T00:00:00.000Z,2545,3.44E-05,57802.62601,57802.62601,0,14.0644539,-0.0673365,45.10439068,-24.04886188,-58.52294322,-13.8880549,210428.2242,413398.73,43:23.8,High Risk
34512,Everclear,CLEAR,FALSE,852870222,1000000000,1000000000,2025-01-27T14:25:00.000Z,2546,0.000246014,4158.961822,4158.961822,0,0.01361071,-3.68995005,59.53312283,-19.14507428,-70.26982213,-84.33582594,209817.8506,246013.81,43:23.8,High Risk
8911,Strike,STRK,FALSE,5681328.763,6540888,6540888,2021-03-22T00:00:00.000Z,2547,0.036915303,0,0,0,2.46075086,0.04634171,7.24819156,-14.27297574,2.12082013,-7.79368391,209727.9742,241458.86,43:23.8,Medium Risk
39296,Vanguard Value Tokenized ETF (Ondo),VTVon,FALSE,939.3503993,939.3503993, ,2026-01-08T15:44:33.000Z,2548,222.5474875,2436.051817,0,2436.051817,-0.00512891,1.67449683,3.99677437,7.09127663,9.25194012,10.97219095,209050.0712,209050.07,43:23.8,Medium Risk
17081,LooksRare,LOOKS,FALSE,999941673,1000000000,1000000000,2022-01-10T10:44:52.000Z,2549,0.000208494,34.90685223,34.90685223,0,-0.04540108,-8.05477914,-5.69866762,-64.7545935,-47.24586442,-56.4848855,208481.5249,208493.69,43:23.8,High Risk
9808,RIBBIT,RBT,FALSE,4.07187E+11,4.07187E+11, ,2021-05-14T00:00:00.000Z,2550,5.12E-07,6999.073888,0,6999.073888,1.69090526,6.61732795,0.01653667,-23.06434254,-20.30195719,-41.29821009,208376.8101,208376.81,43:23.8,High Risk
39741,GE Vernova Tokenized Stock (Ondo),GEVon,FALSE,210.5597883,210.5597883, ,2026-03-24T02:56:10.000Z,2551,983.9139979,1125267.464,710946.4727,414320.9915,0.36780758,1.28909062,5.399193,-7.15410556,0.0191475,11.9801794,207172.7231,207172.72,43:23.8,Medium Risk
36389,Shadow Exchange,SHADOW,FALSE,362660.4315,3882629.664,10000000,2025-05-01T06:06:06.000Z,2553,0.569517629,19552.85023,8672.154247,10880.69598,2.29425779,1.76235104,7.65959037,-17.01164937,-23.49961248,-47.01859382,206541.5093,5695176.29,43:23.8,High Risk
11529,Clube Atlético Mineiro Fan Token,GALO,FALSE,6208558,10000000,10000000,2021-09-01T06:35:10.000Z,2553,0.033273519,254.3664592,254.3664592,0,0.018756,-0.52404508,-3.7213346,-12.71239807,-9.69092165,-7.34676473,206580.5708,332735.19,43:23.8,Medium Risk
11446,S.C. Corinthians Fan Token,SCCP,FALSE,6999098,20000000,20000000,2021-08-27T08:52:02.000Z,2554,0.029488622,55829.14837,55829.14837,0,0.97468138,-0.29844509,-14.59439788,-16.05526731,-13.25965885,-10.98794369,206393.7547,589772.44,43:23.8,High Risk
39244,NIO Tokenized Stock (Ondo),NIOon,FALSE,40000.70585,40000.70585, ,2026-01-08T15:44:37.000Z,2555,5.151137276,4574.570138,0,4574.570138,-0.31251601,-2.68159682,-6.78876603,-15.83834279,-25.08665566,-13.90807575,206049.127,206049.13,43:23.8,High Risk
25612,Emorya Finance,EMR,FALSE,837613136,999999985,999999985,2023-12-11T07:44:12.000Z,2556,0.000245514,135258.9716,130238.571,5020.400634,-0.12867444,-6.95039736,-18.53014301,-34.1051158,-48.88045664,-62.31754997,205645.9995,245514.29,43:23.8,High Risk
36508,FooDriver,FDC,FALSE,9861974,2000000000,2000000000,2025-05-15T07:19:53.000Z,2557,0.020783758,82135.46363,82135.46363,0,0.02413489,-0.39217417,-0.51753482,-8.16247343,-28.46156744,-47.3476104,204968.8859,41567516.98,43:23.8,Low Risk
28836,Kimbo,KIMBO,FALSE,69420000000,69420000000,69420000000,2023-12-25T04:51:45.000Z,2558,2.95E-06,54653.94583,54185.41268,468.5331492,1.72445843,3.23689956,20.66954212,-21.08630064,-8.11596727,-23.5462008,204825.4888,204825.49,43:23.8,High Risk
38250,Make CRO Great Again,MCGA,FALSE,1000000000,1000000000,1000000000,2025-09-01T13:11:16.000Z,2559,0.000204515,0,0,0,0,2.3526618,-2.87901202,-32.91048128,-41.87432236,-29.97017549,204515.1034,204515.1,43:23.8,High Risk
38383,OUTLAW Crypto Games,OUTLAW,FALSE,995399582,995399582,995399582,2025-09-12T14:34:19.000Z,2566,0.000200948,12787.4636,0,12787.4636,-1.61894044,0.80877242,-54.05219499,-73.41833214,-11.61390519,-40.02958992,200023.9445,200023.94,43:23.8,High Risk
29396,CryptoTradingFund,CTF,FALSE,4719019.667,119899962.9, ,2024-02-14T05:31:40.000Z,2560,0.0429555,64.21627496,0,64.21627496,0.92976418,17.69400265,13.91948631,-4.77146392,22.01600937,-27.65593602,202707.8494,5150362.86,43:23.8,High Risk
30979,eloncoin,eloncoin,FALSE,6.8522E+11,6.9042E+11,6.9042E+11,2024-04-29T12:35:44.000Z,2561,2.95E-07,2778.475874,0,2778.475874,2.0335781,6.57889196,31.84892539,-5.66934202,-14.26179414,-1.5802572,202457.165,203993.64,43:23.8,High Risk
17545,Cipher,CPR,FALSE,6467585726,10800000000,10800000000,2019-09-13T00:00:00.000Z,2563,3.13E-05,170207.1154,169836.7399,370.3754893,0.07917274,3.74387466,112.0448728,98.39500102,-88.55352952,-83.7223408,202421.4873,338016.71,43:23.8,High Risk
34276,BIAO,BIAO,FALSE,999999994,999999994,999999994,2024-11-28T08:07:30.000Z,2563,0.000201195,38726.7903,37060.14919,1666.641115,0.91925014,8.89036493,13.34345799,-5.46854788,-2.62592148,5.96568273,201194.9684,201194.97,43:23.8,High Risk
37521,Mindfak By Matt Furie,MINDFAK,FALSE,690000000,690000000,690000000,2025-07-28T11:45:15.000Z,2564,0.00029144,327076.1279,316087.3285,10988.79931,-0.77428375,2.34691759,12.26751923,-12.79139408,-9.04869961,-7.4688645,201093.7307,201093.73,43:23.8,High Risk
28868,GameGPT,DUEL,FALSE,8390692732,9979000000,9948538414,2023-12-29T01:09:12.000Z,2565,2.39E-05,65.74017273,65.74017273,0,-0.01208112,-4.08490595,-6.38101453,-41.16672224,-45.79439964,-46.19703388,200238.1484,237415.07,43:23.8,High Risk
39805,R2 Protocol,R2,FALSE,104000000,1000000000,1000000000,2026-03-27T05:18:44.000Z,2567,0.001919421,268074.8992,236938.6983,31136.20097,-2.65539246,-3.42416774,-10.16244664,-35.6613477,-39.75038563,-95.13078356,199619.766,1919420.83,43:23.8,High Risk
29282,Whales Market,WHALES,FALSE,26034330,97672086.84,100000000,2024-02-05T08:34:58.000Z,2568,0.007659696,0,0,0,0,-15.40471774,-17.59898451,-39.18548384,-39.13484149,-49.84524128,199415.0572,765969.61,43:23.8,High Risk
12131,Fruits,FRTS,FALSE,21066845547,1E+11, ,2021-09-24T10:50:39.000Z,2569,9.46E-06,115673.1102,115673.1102,0,0.99793892,1.49803753,-1.13488597,-6.76074685,-23.24106481,4.39419181,199395.2234,946488.28,43:23.8,Medium Risk
39227,Bilibili Tokenized Stock (Ondo),BILIon,FALSE,11405.15927,11405.15927, ,2026-01-08T15:44:38.000Z,2570,17.38671152,1551131.284,1527885.504,23245.7795,0.32998195,-2.72682263,-2.25633831,-9.03570012,-30.18617643,-35.02745327,198298.214,198298.21,43:23.8,Medium Risk
7245,Stobox Token,STBU,FALSE,150000000,250000000,250000000,2020-09-30T00:00:00.000Z,2571,0.001318946,806.1147018,700.9617844,105.1529174,-0.81645497,27.16481942,44.86134183,33.42099524,-28.4872203,-51.86022128,197841.9074,329736.51,43:23.8,High Risk
31530,Lets Fuckin Go,LFGO,FALSE,999841248,999841248, ,2024-05-30T08:07:00.000Z,2572,0.000197768,0,0,0,0,5.05505894,0.02816076,-30.57603658,-11.62000469,13.08685123,197736.493,197736.49,43:23.8,High Risk
16975,Tradetomato,TTM,FALSE,80638601,996200000,1000000000,2022-01-07T01:37:40.000Z,2573,0.002433461,738.0950456,133.4759952,604.6190504,0.81182829,0.87492367,0.52817888,0.31871052,-5.05501932,-9.45678785,196230.8957,2433461.06,43:23.8,Low Risk
34089,Rifampicin,RIF,FALSE,999241978.9,999241978.9,1000000000,2024-11-20T04:16:52.000Z,2574,0.000195975,1245.403084,0,1245.403084,0.94721675,5.60303606,10.28511346,-20.6746174,-32.21307234,-29.31862906,195826.3734,195974.93,43:23.8,High Risk
38516,Priceless,PRICELESS,FALSE,1000000000,1000000000,1000000000,2025-09-29T02:30:10.000Z,2575,0.00019572,28157.9609,25270.18425,2887.776648,3.08868309,-2.53076592,6.99017797,-7.64119876,1.65454313,5.37771771,195720.3629,195720.36,43:23.8,Medium Risk
12278,Playermon,PYM,FALSE,427072302,990848000, ,2021-11-22T02:33:51.000Z,2576,0.000457622,10123.114,10123.114,0,0.55158724,2.7920553,7.09933381,-9.33455573,-8.66747525,-14.31421506,195437.6476,453433.77,43:23.8,Medium Risk
4279,Solar,SXP,FALSE,673393198.7,673393198.7, ,2019-08-26T00:00:00.000Z,2577,0.0002889,1008.204471,1008.204471,0,-7.46590926,-38.66571027,-31.79995402,-76.00195261,-79.86399622,-97.0726713,194543.0405,194543.04,43:23.8,High Risk
35761,Broccoli (broccolibnb.org),BROCCOLI,FALSE,184260922.8,184260922.8,1000000000,2025-02-14T12:24:55.000Z,2578,0.001053778,59077.20276,57190.33277,1886.869991,-0.72467139,1.89152598,-4.44599506,-17.10388819,-6.68817839,-12.86581826,194170.1134,1053778.04,43:23.8,Medium Risk
7422,PlotX,PLOT,FALSE,66318562,200000000,200000000,2020-10-15T00:00:00.000Z,2579,0.002922263,1539.58946,0,1539.58946,0.46069856,3.91072418,4.76118768,-13.91757396,-19.1059782,-20.31288818,193800.297,584452.65,43:23.8,Medium Risk
5836,Idena,IDNA,FALSE,100532299.7,154594286, ,2020-08-11T00:00:00.000Z,2580,0.001923613,708.0737998,0,708.0737998,-3.88006953,-2.62750276,2.16425498,-4.05435624,6.33720534,-28.90486882,193385.2541,297379.6,43:23.8,Medium Risk
33162,Mars,MARS,FALSE,4.2069E+11,4.2069E+11,4.2069E+11,2024-09-25T13:25:35.000Z,2582,4.59E-07,25998.54399,25998.54399,0,1.25402736,4.47875852,29.57140008,-23.17289269,31.88450578,59.8033169,192936.2864,192936.29,43:23.8,High Risk
8867,DeHive,DHV,FALSE,4019375,5614361,10000000,2021-03-18T00:00:00.000Z,2581,0.048006119,1130.393585,1130.393585,0,0.00703319,6.34602079,11.26846567,9.17097345,75.83838126,104.3226615,192954.5928,480061.19,43:23.8,High Risk
20719,OpenLeverage,OLE,FALSE,188630573,1000000000,1000000000,2022-06-22T16:05:53.000Z,2583,0.001017104,1188.035739,1188.035739,0,1.62643304,-3.36875801,-5.60644689,-17.56751665,-14.53846383,-19.6642404,191856.9072,1017103.98,43:23.8,High Risk
29605,GAM3S.GG,G3,FALSE,663578215.2,1000000000, ,2024-03-01T06:28:15.000Z,2584,0.000288947,1799.879306,1799.879306,0,0.8374681,-0.68184626,2.2268704,-3.07183995,-7.73343383,16.98239715,191739.1755,288947.36,43:23.8,Low Risk
31464,Groyper (groypereth.vip),GROYPER,FALSE,93000000,93000000,100000000,2024-05-27T09:21:15.000Z,2585,0.002058722,0,0,0,0,10.16885969,6.56811889,-15.07188093,16.90197261,0.81655998,191461.169,205872.22,43:23.8,High Risk
8801,Light,LIGHT,FALSE,64269692,100000000,100000000,2021-03-15T00:00:00.000Z,2586,0.002976816,0,0,0,0,0,7.89241023,-5.5905148,-0.3804137,-12.18547743,191319.0301,297681.57,43:23.8,Medium Risk
8862,Rage Fan,RAGE,FALSE,56719937.58,400000000,400000000,2021-03-31T00:00:00.000Z,2587,0.00336594,0,0,0,0,0,0,0,29063.6683,13627.77789,190915.9087,1346376.01,43:23.8,Low Risk
28610,Inspect,INSP,FALSE,798366803,1000000000,1000000000,2023-12-06T15:15:40.000Z,2588,0.000237432,128996.4398,128996.4398,0,0.10981681,-12.67492613,-28.08609122,-70.53289364,-77.72489852,-84.56334324,189557.8743,237432.06,43:23.8,High Risk
29930,IVPAY,IVPAY,FALSE,963618520.2,1000000000,1000000000,2024-03-19T05:01:47.000Z,2589,0.000196697,4406.605132,4406.605132,0,-5.42866199,-10.37293303,-10.14874024,-37.69824821,-59.42949093,-68.90131367,189540.4937,196696.61,43:23.8,High Risk
34563,sci-hub,SCIHUB,FALSE,999970725,1000000000,1000000000,2024-12-12T04:55:15.000Z,2590,0.000188718,1300.257765,1300.257765,0,-0.00314606,5.28741077,10.3988002,-13.60306468,40.26088106,115.6541886,188712.0468,188717.57,43:23.8,High Risk
3843,BOLT,BOLT,FALSE,957427533,999000000,999000000,2019-04-05T00:00:00.000Z,2591,0.000195672,2098.900113,0,2098.900113,4.91851231,38.33640886,-12.84321789,-59.81788131,13.33194397,21.6576832,187341.4574,195476.01,43:23.8,High Risk
8509,XMON,XMON,FALSE,1494.91777,10000,10000,2021-02-18T00:00:00.000Z,2593,125.1993352,0,0,0,0,16.32618753,19.21935475,-6.16476281,-6.85142922,-16.19675193,187162.711,1251993.35,43:23.8,High Risk
39432,DisclaimerCoin,DONT,FALSE,1.27759E+11,3.98637E+11,4.2E+11,2026-01-23T06:44:42.000Z,2594,1.46E-06,224728.7584,209282.2909,15446.46752,0.84667477,14.64508811,18.22095056,-33.92360556,3.21856851,12.5871399,186557.9518,613299.84,43:23.8,High Risk
34855,Luigi Mangione,LUIGI,FALSE,999948924,999948924,999955159,2024-12-24T20:03:40.000Z,2595,0.000186366,522.6873703,37.18007485,485.5072955,3.08105726,7.97572688,13.89984818,2.96962632,11.37438617,-3.59316609,186355.9991,186357.16,43:23.8,High Risk
38461,Dust,DUST,FALSE,1000000000,1000000000,1000000000,2025-09-20T16:24:00.000Z,2591,0.000188617,33202.38722,25432.9123,7769.474919,1.60895507,9.17012537,-1.66464817,0.86242965,11.83592115,-33.63918762,188617.1784,188617.18,43:23.8,Medium Risk
13039,zkLink,ZKL,FALSE,557694444,1000000000,1000000000,2021-10-23T11:19:26.000Z,2596,0.000332895,118909.6808,118909.6808,0,0.2214979,-3.20826814,-9.9651312,-42.29607523,-45.04837681,-64.62902255,185653.4533,332894.57,43:23.8,High Risk
29370,Ta-da,TADA,FALSE,676832023,1000000000,1000000000,2024-02-19T09:52:52.000Z,2597,0.000272227,2853.825874,2446.673339,407.1525353,0.20955957,-0.4862425,5.04369327,-47.36871075,-44.99478817,-50.59788765,184252.1697,272227.32,43:23.8,High Risk
39667,Nebula3 GameFi,SN3,FALSE,365300000,1000000000,1000000000,2026-03-09T07:09:05.000Z,2598,0.000504,195161.3274,184261.4143,10899.91317,4.6898849,-0.3946723,2.76490331,-42.06804301,-34.13505105,-79.6777939,184111.0198,503999.51,43:23.8,High Risk
35566,Robinhood,HOOD,FALSE,44547590451,44547590451, ,2025-01-31T14:24:15.000Z,2599,4.12E-06,5882.280573,5036.989722,845.2908512,0.01576435,7.61843232,18.80911455,-15.95252043,-32.03415772,-29.48315781,183447.0798,183447.08,43:23.8,High Risk
23300,AIPAD,AIPAD,FALSE,194289019.3,199049334.3,200000000,2023-03-01T03:12:00.000Z,2600,0.000943182,0,0,0,0,1.08676192,5.4271915,-6.03151063,-14.94402768,-40.68430743,183249.8228,188636.31,43:23.8,Medium Risk
9493,Reflexer Ungovernance Token,FLX,FALSE,193796,999715,1000000,2021-04-29T00:00:00.000Z,2601,0.943260828,0,0,0,0,6.21469292,-9.15326206,-45.64368263,-58.53312457,-60.20750907,182800.1754,943260.83,43:23.8,High Risk
12722,Cryowar,CWAR,FALSE,260000000,1000000000, ,2021-10-14T08:48:55.000Z,2602,0.000701874,2835.108491,2835.108491,0,0.002605,2.02192262,-3.72584564,-38.1448085,81.81424604,68.12619125,182487.11,701873.5,43:23.8,High Risk
9562,Coldstack,CLS,FALSE,23514168,49763520,50000000,2021-05-04T00:00:00.000Z,2603,0.007739766,21704.95163,21704.95163,0,-0.19962814,-0.88268707,-3.29528942,-6.02789312,-16.97332654,-16.45513506,181994.1639,386988.31,43:23.8,Medium Risk
39232,AMC Entertainment Tokenized Stock (Ondo),AMCon,FALSE,79492.84942,79492.84942, ,2026-01-08T15:44:31.000Z,2604,2.284863719,20728.37427,0,20728.37427,-0.00512891,-2.44627688,26.73766801,78.77917971,41.32724835,110.0098059,181630.3276,181630.33,43:23.8,High Risk
15744,Prism,PRISM,FALSE,577152438,1913428598, ,2021-12-23T01:58:10.000Z,2605,0.000314261,2.22844941,0,2.22844941,0.03886814,0.05247123,1.15798751,2.48527043,-3.74369348,-35.60471722,181376.2861,601315.27,43:23.8,Low Risk
24968,Elmo,ELMO,FALSE,264607591,294851808, ,2023-05-05T16:34:10.000Z,2606,0.000685136,0,0,0,0,-0.66176081,-6.45750669,-35.46298295,-44.68638895,-30.43036144,181292.3124,202013.73,43:23.8,High Risk
17073,Affyn,FYN,FALSE,254033788,1000000000,1000000000,2022-01-10T08:05:26.000Z,2607,0.000713162,1603.007722,645.6629383,957.3447841,0.29588192,1.75873428,2.93034523,0.50243231,-2.28617955,-4.23149874,181167.1818,713161.75,43:23.8,Low Risk
37278,FCK925,FCK925,FALSE,999992431,999992431,999992431,2025-07-08T08:43:07.000Z,2608,0.000181104,0,0,0,0,7.88594294,35.92772158,-4.26431263,-20.74603679,-26.42013299,181102.5385,181102.54,43:23.8,High Risk
2444,CRYPTO20,C20,FALSE,40366813.54,40656081.98, ,2018-01-22T00:00:00.000Z,2609,0.004482631,0,0,0,0,0,0,0,0,0,180949.5153,182246.2,43:23.8,Low Risk
24050,Pomerium,PMG,FALSE,231844120.7,999395720.8,999600000,2023-03-22T15:26:58.000Z,2610,0.000778583,27433.3697,26990.14014,443.2295632,-4.28976819,-0.37793869,21.66859166,2.78190229,-29.01887588,-35.34134091,180509.9422,778271.79,43:23.8,High Risk
8567,HAPI Protocol,HAPI,FALSE,732248.4234,750779.2067,1000000,2021-02-23T00:00:00.000Z,2611,0.243828334,0,0,0,0,-7.11107863,-10.02056508,-41.04855102,-36.48765973,-45.54029046,178542.9133,243828.33,43:23.8,High Risk
38932,MattleFun,MATTLE,FALSE,17499362,49754933.12,50000000,2025-11-12T06:31:29.000Z,2612,0.010189075,3413.295029,0,3413.295029,0.72603668,5.63818455,22.47358173,6.41904018,-6.30220986,-23.04255272,178302.3119,509453.75,43:23.8,High Risk
33110,Solana Swap,SOS,FALSE,999999999,1000000000,1000000000,2024-09-23T09:54:45.000Z,2613,0.000178302,1852.014816,0,1852.014816,1.95983444,12.66456174,10.71669885,-45.11783725,-59.75258964,-84.03033669,178301.5451,178301.55,43:23.8,High Risk
8075,Rally,RLY,FALSE,6049260557,15000000000, ,2020-12-22T00:00:00.000Z,2614,2.94E-05,332.0709966,0,332.0709966,1.18264709,2.1866764,2.92547047,-14.72718507,1.14958873,-7.15264216,177952.5719,441258.66,43:23.8,Medium Risk
34994,Degen Spartan AI,DEGENAI,FALSE,999949997,999949997, ,2025-01-02T14:25:13.000Z,2615,0.000176886,7519072.719,7517870.076,1202.643202,0.55798934,3.52641435,8.56348166,-39.60973803,-44.20721528,-59.43041624,176877.439,176877.44,43:23.8,High Risk
29672,What's Updog,UPDOG,FALSE,999961831,999961930.6, ,2024-03-06T11:15:59.000Z,2617,0.000176762,0,0,0,0,4.32334663,7.51500655,-0.10073899,40.11603184,58.11870888,176755.7084,176755.73,43:23.8,Medium Risk
20048,Wonderman Nation,WNDR,FALSE,14215495,500000000, ,2022-05-06T13:05:24.000Z,2618,0.012338763,491.4247194,491.4247194,0,0.0144019,-0.24242426,-11.15241355,-13.86177804,-4.91842776,5.05924486,175401.617,6169381.26,43:23.8,High Risk
26,Junkcoin,JKC,FALSE,17843261,17843261, ,2013-06-14T00:00:00.000Z,2621,0.009765066,5770.411387,5770.411387,0,0.06540787,-3.40891621,6.72848633,-20.80525919,-15.21287629,17.60633216,174240.6243,174240.62,43:23.8,High Risk
22680,DinoLFG,DINO,FALSE,312948493,333333333, ,2022-11-16T09:46:44.000Z,2619,0.000556493,0,0,0,0,5.43834933,50.75609142,21.16190363,52.12599102,28.39377806,174153.5897,185497.61,43:23.8,High Risk
24996,KEK,KEKE,FALSE,7.42804E+13,7.77778E+13,7.77778E+13,2023-05-06T11:28:15.000Z,2620,2.34E-09,0,0,0,0,3.21081926,5.22761335,-27.74151687,-19.38108601,-23.67828484,173799.3054,181982.39,43:23.8,High Risk
33468,SEED,SEED,FALSE,355821572,1000000000,1000000000,2024-10-15T17:47:39.000Z,2621,0.000486686,0,0,0,0,8.48133732,6.321197,3.36723113,3.11104915,2.37748624,173173.477,486686.28,43:23.8,Medium Risk
39811,Triadmarkets,TRIAD,FALSE,268772893.4,911871196.2,1000000000,2024-12-02T01:44:55.000Z,2623,0.000643472,988.277824,0,988.277824,2.20489775,9.78312833,11.00594045,-21.9940295,230.3519466,245.2477158,172947.7939,643471.86,43:23.8,High Risk
12799,Internet of Energy Network,IOEN,FALSE,317051435,1000000000,1000000000,2021-10-16T12:20:56.000Z,2624,0.000544868,0,0,0,0,3.80789886,3.10575736,-15.22159015,-46.68296162,35.83987175,172751.0634,544867.63,43:23.8,Medium Risk
12398,Spain National Fan Token,SNFT,FALSE,22903472,22903472,100000000,2021-10-06T16:26:43.000Z,2625,0.007521503,59119.26437,59119.26437,0,-0.41181028,-8.43772698,-59.08104829,-71.93030917,-79.56983626,-81.66632711,172268.5351,752150.31,43:23.8,High Risk
6942,Juggernaut,JGN,FALSE,150000000,150000000,150000000,2020-09-08T00:00:00.000Z,2625,0.00114447,0,0,0,0,1.80142257,3.08345737,-15.29004719,-20.22398828,-24.20633978,171670.4395,171670.44,43:23.8,Medium Risk
29787,Peng,PENG,FALSE,99999979,99999979, ,2024-03-12T08:30:30.000Z,2627,0.001710943,27105.85232,26550.80924,555.0430762,0.60397815,7.70746066,5.21318465,-42.91616434,-34.23352772,-59.97081592,171094.2157,171094.22,43:23.8,High Risk
10893,Brokoli Network,BRKL,FALSE,53472622,125000000,125000000,2021-07-14T00:00:00.000Z,2628,0.003201155,860.7950787,860.7950787,0,-3.16304341,-2.75401212,-3.49834109,1.01288975,6.5616857,32.0238692,171174.1653,400144.41,43:23.8,Medium Risk
8708,Big Data Protocol,BDP,FALSE,52859597.09,64923252.85,80000000,2021-03-07T00:00:00.000Z,2629,0.003230726,0,0,0,0,6.04913989,11.96147093,-59.19068716,-65.38036633,-83.8994659,170774.8844,258458.09,43:23.8,High Risk
39301,Arista Networks Tokenized Stock (Ondo),ANETon,FALSE,1012.74085,1012.74085, ,2026-01-08T15:44:09.000Z,2630,167.8116803,1201632.828,1183056.863,18575.96576,0.18674887,-0.04718377,6.56996872,17.9571225,4.57958738,25.34808947,169949.7437,169949.74,43:23.8,Medium Risk
37989,EDENA,EDENA,FALSE,7548255,1000000000,1000000000,2025-10-22T07:38:25.000Z,2630,0.022482953,157730.3279,157730.3279,0,0.07475714,14.21623521,4.6924879,-31.54897754,-64.26203637,-79.19285631,169707.0609,22482952.8,43:23.8,High Risk
39218,Applied Materials Tokenized Stock (Ondo),AMATon,FALSE,287.2694252,287.2694252, ,2026-01-08T15:44:06.000Z,2631,589.6372901,1780702.137,1764897.686,15804.45123,-0.15317946,-0.12753824,17.51762472,34.918186,49.86181884,65.31864536,169384.7654,169384.77,43:23.8,High Risk
33489,Speedy,SPEEDY,FALSE,1000000000,1000000000,1000000000,2024-10-16T13:18:06.000Z,2633,0.000168864,0,0,0,0,14.90125472,-12.07578607,-1.79884837,-14.64311712,-18.72037282,168863.7081,168863.71,43:23.8,High Risk
21158,EARNM,EARNM,FALSE,3252978336,5000000000,5000000000,2022-07-28T19:54:34.000Z,2634,5.18E-05,0,0,0,0,5.1866448,5.91908401,-58.94218694,-63.23318219,-49.80444495,168655.4987,259232.43,43:23.8,High Risk
38318,Switchboard Protocol,SWTCH,FALSE,171606373,1000000000,1000000000,2025-09-09T04:27:22.000Z,2616,0.001042069,1094341.122,1083166.922,11174.19993,6.32309634,-30.30320643,-12.25425561,-43.72573149,-69.04896987,-67.50011357,178825.5983,1042068.52,43:23.8,High Risk
35774,The Next Bitcoin,BUTTCOIN,FALSE,999151679.4,999151679.4,1000000000,2025-02-17T07:15:00.000Z,2635,0.000166897,25934.5204,25159.68299,774.8374069,0.65513805,7.74174701,12.83072388,-20.51269774,-14.43990017,-24.49672103,166755.6111,166897.19,43:23.8,High Risk
2530,Fusion,FSN,FALSE,78234755.51,78234755.51, ,2018-02-16T00:00:00.000Z,2636,0.002135561,0,0,0,0,0,-0.38667937,-86.64000869,-87.43965413,-84.98158993,167075.0756,167075.08,43:23.8,High Risk
24381,Octokn,OTK,FALSE,489529439,1199955822, ,2023-04-13T09:59:16.000Z,2637,0.000340551,4928.24398,4452.449719,475.7942609,-0.18165692,20.73909543,5.75106036,-15.37691757,-7.78635793,-25.93352799,166709.732,408646.14,43:23.8,High Risk
15564,DEXGame,DXGM,FALSE,632959612.2,1000000000,1000000000,2021-12-04T04:08:09.000Z,2638,0.00026288,1197.593664,1197.593664,0,8.60728827,-3.34809437,14.35264247,9.77055128,11.16207788,57.60981531,166392.5864,262880.26,43:23.8,High Risk
30285,Mumu the Bull (SOL),MUMU,FALSE,2.2832E+12,2.32992E+12,2.32992E+12,2024-04-01T12:34:23.000Z,2639,7.28E-08,14925.11141,10494.92125,4430.190159,0.69345079,-60.02318035,-94.15360957,-94.02229099,-87.30152052,-88.81359532,166179.4495,169579.22,43:23.8,High Risk
31016,Mode,MODE,FALSE,2500000009,10000000000, ,2024-05-07T07:52:50.000Z,2640,6.65E-05,58250.11962,58167.60309,82.51652991,0.01532632,-0.18752116,2.20814906,-32.71061086,-49.74480026,-63.94002238,166174.6663,664698.66,43:23.8,High Risk
36720,Fly.trade,FLY,FALSE,16177178.49,98579463.38,137500000,2025-06-04T09:38:12.000Z,2641,0.010267366,2082.858122,1656.392773,426.4653488,-1.42967457,6.16098718,6.37765809,-19.7464294,-23.70627811,-28.6313876,166097.0182,1411762.87,43:23.8,High Risk
12813,Sinverse,SIN,FALSE,920944168.6,1000000000,1000000000,2021-10-17T13:16:59.000Z,2642,0.00018032,115958.0872,115845.508,112.579226,0.03909984,2.17952904,22.644004,-48.82813134,10.11727912,-29.89115483,166064.5173,180319.85,43:23.8,High Risk
36460,Strawberry In Bloom,BERRY,FALSE,420683816.4,420683816.4,420690000,2025-05-11T10:51:00.000Z,2643,0.000393005,24904.01575,24904.01575,0,1.21829078,4.09877941,1.7310116,-4.11476154,-31.12377949,-42.70124143,165330.8082,165333.24,43:23.8,Medium Risk
5906,NerveNetwork,NVT,FALSE,276983684,1122857486,2100000000,2020-07-27T00:00:00.000Z,2644,0.000596917,0,0,0,0,0.46359175,-1.77425546,-6.47230472,-2.19732664,2.27164514,165336.3532,1253526.33,43:23.8,Low Risk
34090,Urolithin A,URO,FALSE,999103638.7,999103638.7,1000000000,2024-11-20T04:20:56.000Z,2645,0.000164651,1061.522981,0,1061.522981,1.7561049,4.72790861,11.98289747,-9.28445648,-4.22387541,-0.17437756,164503.8771,164651.46,43:23.8,High Risk
36747,Skate,SKATE,FALSE,160569957.6,999999976.6,1000000000,2025-06-09T09:29:49.000Z,2646,0.0010243,98268.00984,98226.86004,41.14980354,-0.61338633,5.50249755,-6.91203342,-46.09388547,-53.22214783,-69.21224879,164471.8045,1024299.98,43:23.8,High Risk
11714,Brazil National Football Team Fan Token,BFT,FALSE,28772500,28772500,100000000,2021-09-07T10:39:11.000Z,2647,0.00569126,3854540.915,3854540.915,0,-0.34455757,-0.72020765,-57.06509674,-74.0863905,-72.03657104,-74.77501812,163751.7718,569125.98,43:23.8,High Risk
9071,Chainge,XCHNG,FALSE,474046128,1200000000,1200000000,2021-04-01T00:00:00.000Z,2648,0.000344422,69.08611615,69.08611615,0,-0.47365052,0.83624993,-17.66195318,-39.37405212,7.72096632,-5.77766778,163271.7995,413306.11,43:23.8,High Risk
4850,LINKA,LINKA,FALSE,694150020,2000000000, ,2019-11-01T00:00:00.000Z,2649,0.000233486,496.4869519,496.4869519,0,0.44185648,1.63407489,6.64513066,-14.57724364,-11.97813882,-14.92074183,162074.4161,466972.3,43:23.8,Medium Risk
11130,Plant Vs Undead,PVU,FALSE,296947519,299999999,300000000,2021-08-02T00:00:00.000Z,2650,0.000544878,3894.834661,3175.921124,718.9135364,0.32035073,2.87695552,-6.07367343,-6.32774271,-11.30832245,-10.31030848,161800.0826,163463.31,43:23.8,Medium Risk
11925,Monsta Infinite,MONI,FALSE,220571136.3,270000000,270000000,2021-09-16T17:17:14.000Z,2651,0.000732744,0,0,0,-0.00060489,4.99528654,7.445875,-8.3435857,-0.85582729,-52.93912433,161622.1499,197840.85,43:23.8,Medium Risk
36017,PAWS,PAWS,FALSE,53051455948,53051455948,1E+11,2025-03-13T07:43:46.000Z,2652,3.05E-06,259553.7261,248792.5135,10761.21262,-16.07120019,22.80743088,45.66469594,-5.46468967,1.45664333,-37.33548943,161604.1824,304617.81,43:23.8,High Risk
28930,OneMillionDollars,OMD,FALSE,1273753283,1499976845,1488218593,2024-01-03T09:59:00.000Z,2653,0.000126362,75509.69394,75509.69394,0,-0.70308339,0.77727381,1.22818288,4.22323974,-25.8307055,-32.52104911,160954.1609,188054.45,43:23.8,Low Risk
7931,Forj (Bondly),BONDLY,FALSE,983620759,983620759,983620759,2020-12-09T00:00:00.000Z,2654,0.000163597,0,0,0,0,-0.44099985,0.09080985,-40.05544394,-43.69120375,-53.87716591,160917.3217,160917.32,43:23.8,High Risk
32790,ETHEREUM IS GOOD,EBULL,FALSE,10000000000,10000000000,10000000000,2024-08-22T12:43:06.000Z,2655,1.61E-05,182.8235888,0,182.8235888,0.0058097,3.89068695,8.67805877,-21.56802764,-41.18526255,-20.71262213,160712.9133,160712.91,43:23.8,High Risk
9693,DOGGY,DOGGY,FALSE,2250595564,2250595564,5000000000,2021-05-11T00:00:00.000Z,2656,7.14E-05,0,0,0,0,-0.27041402,1.06151355,-7.7693603,-3.29348199,-9.34357579,160585.9055,356763.13,43:23.8,Low Risk
27194,Gemach,GMAC,FALSE,500000000,500000000,500000000,2023-06-26T05:12:22.000Z,2657,0.000319332,0,0,0,0,4.90532372,12.0758343,-24.61647922,-33.0357208,-37.72020728,159665.93,159665.93,43:23.8,High Risk
34498,Ithaca Protocol,ITHACA,FALSE,79786095,1000000000,1000000000,2024-12-19T11:10:30.000Z,2658,0.00199811,50386.19321,50386.19321,0,-0.14133094,-0.10937333,3.43556139,-18.56366967,-25.40178556,-38.98081489,159421.4009,1998110.08,43:23.8,Medium Risk
39193,AI Avatar,AIAV,FALSE,58381931,404404404,404404404,2026-01-02T02:47:35.000Z,2659,0.002725803,151162.1221,105844.7832,45317.33891,0.99680458,-5.74460912,-7.93877067,-59.6658294,91.72146449,-26.47329734,159137.6184,1102326.57,43:23.8,High Risk
7440,BarnBridge,BOND,FALSE,7910262.291,10000000,10000000,2020-10-19T00:00:00.000Z,2660,0.020105993,0.86725181,0,0.86725181,0.03021571,-1.07512455,-33.42370047,-46.44721677,-52.66448732,-62.82696282,159043.6812,201059.93,43:23.8,High Risk
30011,Success Kid,SKID,FALSE,86742698,88884580, ,2024-03-20T14:25:00.000Z,2661,0.00183286,0,0,0,0,15.15049136,28.42894995,-17.91913482,16.36866206,0.37814999,158987.2283,162913,43:23.8,High Risk
37238,Fragmetric,FRAG,FALSE,185448167.8,999992853.5,1000000000,2025-07-07T07:22:10.000Z,2662,0.000855355,9634.064186,9634.064186,0,0.38413588,1.28468468,0.65448969,-43.50644733,-55.67878322,-62.10761688,158624.0682,855355.27,43:23.8,High Risk
22355,Vertex Protocol,VRTX,FALSE,528361752.4,996996475.9,1000000000,2022-10-24T05:59:35.000Z,2663,0.000299635,0,0,0,0,0,0,-25.10940306,36.26655162,66.46979718,158315.6414,299634.94,43:23.8,High Risk
10046,Dotmoovs,MOOV,FALSE,731180094,1000000000, ,2021-05-25T00:00:00.000Z,2664,0.000215666,3180.998843,3180.998843,0,0.00703319,1.94502391,2.08589657,-20.18591975,-31.03867178,-35.66394145,157690.5098,215665.76,43:23.8,Medium Risk
32797,Invest Zone,IVfun,FALSE,940218906,1000000000,1000000000,2024-08-22T15:01:04.000Z,2665,0.000167683,0,0,0,0,0,-1.35164808,-12.58223607,-9.07156767,-2.2828784,157658.978,167683.27,43:23.8,Medium Risk
39251,Terawulf Tokenized Stock (Ondo),WULFon,FALSE,5598.219359,5598.219359, ,2026-01-08T15:44:18.000Z,2666,28.13052,2628.627413,0,2628.627413,-0.00512891,7.95210684,8.85824228,26.07044469,45.78514431,75.38222798,157480.8217,157480.82,43:23.8,High Risk
39241,Li Auto Tokenized Stock (Ondo),LIon,FALSE,11021.33437,11021.33437, ,2026-01-08T15:44:32.000Z,2667,14.28744403,2754.063439,0,2754.063439,-0.00512891,-1.13038125,0.01833014,-22.75036456,-21.60429893,-16.72978645,157466.698,157466.7,43:23.8,Medium Risk
38368,OpenxAI Network,OPENX,FALSE,10003175.99,100000000,100000000,2025-09-11T16:29:33.000Z,2668,0.015778012,115724.8788,105788.8346,9936.044182,-1.3941296,-5.38094317,26.57242758,-31.62947424,-21.03556095,-42.11429287,157830.2317,1577801.21,43:23.8,High Risk
28479,The Root Network,ROOT,FALSE,3872651753,12000000000,12000000000,2023-11-21T04:58:56.000Z,2669,4.06E-05,7894.186479,7728.418604,165.7678749,-8.02838397,-38.21344303,-14.47345916,-14.5468454,-33.54747157,-42.84292254,157339.5461,487540.5,43:23.8,High Risk
8387,Auto,AUTO,FALSE,76665.8106,78173.31405,80638.18933,2021-02-03T00:00:00.000Z,2670,2.044787321,0,0,0,0,-0.16538729,2.04536044,-5.8230592,-3.6929227,-15.42741115,156765.2775,164887.95,43:23.8,Low Risk
31779,Cat Own Kimono,COK,FALSE,9.98607E+11,9.98607E+11,9.98607E+11,2024-06-12T07:32:05.000Z,2671,1.57E-07,61981.18607,59907.82902,2073.357043,0.02352982,27.39851691,23.37819999,-21.78350748,-36.7769666,-55.93128422,156505.7316,156505.73,43:23.8,High Risk
30102,Wisdomise AI,WSDM,FALSE,740475537.4,1000000000, ,2024-03-25T11:48:07.000Z,2672,0.000211195,56046.68184,56046.68184,0,0.30473685,-0.91137547,70.23537352,-0.9296442,-24.33677395,46.60201438,156384.6144,211194.84,43:23.8,High Risk
7813,Basis Cash,BAC,FALSE,54575145.21,54575249.83, ,2020-11-30T00:00:00.000Z,2673,0.002855917,498.7554876,498.7554876,0,5.05756465,-0.03031432,1.02087662,8.66564264,17.65945585,8.54366799,155862.0748,155862.37,43:23.8,Medium Risk
14661,Sao Paulo FC Fan Token,SPFC,FALSE,5377848,20000000,20000000,2021-11-17T03:18:00.000Z,2674,0.028951612,20.43803064,20.43803064,0,0.00189977,-2.97873771,-5.63867507,-16.1399081,-17.52583377,-10.86793018,155697.3684,579032.24,43:23.8,Medium Risk
16463,OpenDAO,SOS,FALSE,1E+14,1E+14, ,2021-12-24T11:16:54.000Z,2675,1.56E-09,0,0,0,0,3.10080276,6.51434152,-17.80778557,-42.69965141,-62.14680115,155534.9475,155534.95,43:23.8,High Risk
10042,Karura,KAR,FALSE,116666660,160000000, ,2021-05-25T00:00:00.000Z,2676,0.001329894,0,0,0,0.89604314,-18.06891177,5.39825713,-86.49955038,-36.86548087,-28.47546046,155154.3184,212783.08,43:23.8,High Risk
32130,Riser,RIS,FALSE,250000000,1000000000,1000000000,2024-07-10T16:56:23.000Z,2677,0.000620614,5257.681387,5257.681387,0,0.49250422,1.00460329,9.70848532,-39.07556156,-75.96089933,-66.44382933,155153.4247,620613.7,43:23.8,High Risk
26585,PLANET,PLANET,FALSE,8.5145E+11,1E+12,1E+12,2023-06-02T06:49:38.000Z,2678,1.82E-07,414.0934877,404.4836524,9.60983536,0.00375261,1.07979789,4.32581121,-16.0285938,-13.34413295,-12.80721709,155107.7383,182168.93,43:23.8,Medium Risk
33967,LETSTOP,STOP,FALSE,75303131.78,99999211.78,100000000,2024-11-18T08:04:17.000Z,2679,0.002056962,47186.38126,47186.38126,0,0.35021807,-2.37004458,-0.48945987,-34.82282971,-68.34102697,-83.67259313,154895.6531,205696.16,43:23.8,High Risk
21959,MIBR Fan Token,MIBR,FALSE,6255464,10000000,10000000,2022-09-27T08:14:22.000Z,2680,0.024611314,0,0,0,0,-5.08687406,-9.90983901,-33.4262807,-34.18310318,-28.04418338,153955.1906,246113.14,43:23.8,High Risk
7654,RFOX,RFOX,FALSE,1312000760,2000000000,2000000000,2020-11-12T00:00:00.000Z,2681,0.000116831,0,0,0,0,0.1605862,3.98905138,-18.26823833,62146.73679,71731.82349,153282.5612,233662.31,43:23.8,Medium Risk
9840,Pleasure Coin,NSFW,FALSE,24499828829,63956964574, ,2021-05-20T00:00:00.000Z,2682,6.24E-06,0,0,0,0,2.71523642,-7.31227537,-27.00927455,-1.8749286,-20.21510678,152871.8571,399072.99,43:23.8,High Risk
11234,Position Exchange,POSI,FALSE,91680784.76,91800000,100000000,2021-08-12T00:00:00.000Z,2683,0.001666422,320.3093525,0,320.3093525,0.41271743,1.0129678,2.9349818,6.78383685,16.75783868,19.63781094,152778.8954,166642.22,43:23.8,Medium Risk
19476,TiFi Token,TIFI,FALSE,7.8437E+13,7.21849E+14, ,2022-04-11T18:22:49.000Z,2684,1.95E-09,0,0,0,0,0.19011975,0.571712,-7.4434906,-5.519657,-12.03194995,152567.5154,1404066.6,43:23.8,Low Risk
32000,KAI KEN,KAI,FALSE,4.2069E+14,4.2069E+14,4.2069E+14,2024-06-26T10:13:13.000Z,2685,3.62E-10,0,0,0,0,3.28883746,126.5893399,-19.1895334,-6.61663498,-24.46630866,152435.5819,152435.58,43:23.8,High Risk
29328,DeFrogs,DEFROGS,FALSE,10000,10000,10000,2024-02-07T12:49:33.000Z,2686,15.22736047,0,0,0,0,3.93269266,-0.41623318,-25.88241112,-21.43915391,-28.47837691,152273.6047,152273.6,43:23.8,High Risk
2297,StormX,STMX,FALSE,12352503856,12500000000,12500000000,2017-12-20T00:00:00.000Z,2687,1.23E-05,0,0,0,0,11.23353508,0.54094109,4.59654037,-49.27900746,-9.29950212,151813.9025,153626.65,43:23.8,Medium Risk
14133,WAM,WAM,FALSE,464780364,1000000000,1000000000,2021-12-20T21:07:01.000Z,2688,0.000326172,1792.363189,1760.697594,31.66559511,0.02413009,-1.58561657,-24.04865912,-68.6409548,-2.69609957,-32.35493651,151598.2999,326171.91,43:23.8,High Risk
39310,Vistra Tokenized Stock (Ondo),VSTon,FALSE,974.9742821,974.9742821, ,2026-01-08T15:44:20.000Z,2689,154.73379,735165.2881,732950.1971,2215.090995,-0.06434137,1.85704966,4.58050574,10.32148927,-6.46275457,-6.67194309,150861.4659,150861.47,43:23.8,Medium Risk
9653,Nabox,NABOX,FALSE,2.08614E+11,1E+12,1E+12,2021-05-08T00:00:00.000Z,2690,7.21E-07,0,0,0,0,-0.75575576,4.02419645,-18.21228736,-65.3022694,-66.76167416,150390.4426,720902.61,43:23.8,Medium Risk
9962,STARSHIP,STARSHIP,FALSE,18908258,20000000,20000000,2021-05-20T00:00:00.000Z,2691,0.007951803,0,0,0,0,-0.28622845,2.55440878,-35.1353595,-33.61684129,-39.38958073,150354.7465,159036.06,43:23.8,High Risk
17969,Heroes of NFT,HON,FALSE,96284735,200000000,200000000,2022-02-09T06:27:41.000Z,2692,0.001561065,0,0,0,0,2.08324385,-8.54074138,-51.67045556,-55.29235176,-52.51736892,150306.777,312213.1,43:23.8,High Risk
32940,Philtoken,PHIL,FALSE,1000000000,1000000000,1000000000,2024-09-05T05:24:44.000Z,2693,0.000149908,51247.06976,51247.06976,0,-0.00797771,-6.23489067,-0.00547782,-28.53998132,-37.08433346,-70.56534539,149908.0175,149908.02,43:23.8,High Risk
7102,Linear Finance,LINA,FALSE,9996646261,10000000000,10000000000,2020-09-18T00:00:00.000Z,2694,1.50E-05,3454.104891,3454.104891,0,-0.01789574,20.3812519,21.58421038,21.40221109,25.90609484,-31.87675172,149852.9953,149903.27,43:23.8,High Risk
39580,ivault,IVT,FALSE,11625038.43,1200000000,1200000000,2026-02-13T16:03:36.000Z,2695,0.01289019,261598.681,250098.8882,11499.79283,0.55548699,1.76898341,5.0130402,-22.26124561,-26.57674966,-31.65341727,149848.9521,15468227.8,43:23.8,High Risk
33689,Peezy 0x69,PEEZY,FALSE,3.0565E+11,3.59709E+11,4.2069E+11,2024-10-29T07:37:21.000Z,2696,4.89E-07,3741.378963,3741.378963,0,1.25366452,8.91942664,17.35466739,-35.06847029,10.90969104,31.13501032,149413.5521,205649.34,43:23.8,High Risk
31646,ARTFI,ARTFI,FALSE,130368000,1000000000,1000000000,2024-06-19T04:51:34.000Z,2697,0.00114373,41127.09991,41062.51698,64.58293715,-0.96463403,-7.44630404,28.05638996,64.03029782,57.71589022,116.6794999,149105.7986,1143730.05,43:23.8,High Risk
27445,GameSwift,GSWIFT,FALSE,360769188,771112759,1396500000,2023-07-05T05:33:51.000Z,2698,0.000413065,85.92571505,0,85.92571505,0.05289197,-0.27067465,15.11119529,-34.28671989,-50.50674423,-57.39360993,149021.182,576845.49,43:23.8,High Risk
37464,Marie Rose,MARIE,FALSE,420690000,420690000,420690000,2025-07-22T13:45:38.000Z,2699,0.000354087,30343.30523,30343.30523,0,-0.00581054,5.80801698,10.67266909,-26.3532168,-46.32059029,-42.56684834,148960.8665,148960.87,43:23.8,High Risk
39765,Intuitive Machines Tokenized Stock (Ondo),LUNRon,FALSE,5762.689259,5762.689259, ,2026-03-24T02:56:10.000Z,2700,25.81565414,797822.6649,779147.6197,18675.04524,0.44584402,-7.81232527,-15.88780792,-23.96139561,-3.43814697,29.36474427,148767.5928,148767.59,43:23.8,High Risk
29059,Coconut Chicken,CCC,FALSE,9339544772,9339544772,10000000000,2024-01-17T07:08:34.000Z,2701,1.59E-05,450.5279954,0,450.5279954,-0.63814298,-72.61308412,-71.84221,-17.03821449,0.5250983,3.26693728,148237.9938,158720.79,43:23.8,High Risk
34971,Nodepay,NC,FALSE,421299930,999995169.1,1000000000,2024-12-31T13:15:09.000Z,2704,0.000350671,247946.9243,247946.9243,0,-1.07582845,-7.20532858,-7.15783385,-56.53014414,-59.84067102,-50.8353074,147737.8457,350671.42,43:23.8,High Risk
7412,UniLend,UFT,FALSE,91668971.45,100000000, ,2020-10-14T00:00:00.000Z,2702,0.001614398,0,0,0,0,5.63554361,9.64466792,-18.21841247,-41.31483859,-39.96680723,147990.1757,161439.77,43:23.8,High Risk
33858,888,888,FALSE,88854249,88854249,88888888,2024-11-08T20:50:05.000Z,2704,0.001665459,114.6623614,0,114.6623614,0.48711691,7.59341935,13.0407864,-14.64002066,-15.13727931,-19.6340494,147983.1295,148040.82,43:23.8,High Risk
8637,Tranche Finance,SLICE,FALSE,20000000,20000000,20000000,2021-03-01T00:00:00.000Z,2705,0.00736974,383.5402781,0,383.5402781,1.48965865,3.92616605,5.43730778,-14.26164755,-21.37189962,-27.74031023,147394.8016,147394.8,43:23.8,High Risk
15889,Metaverse Face,MEFA,FALSE,9515523108,10000000000,10000000000,2021-12-10T04:37:18.000Z,2706,1.55E-05,0,0,0,0,0,0.34059929,-11.83061762,-4.26227672,-11.71245924,147367.2703,154870.38,43:23.8,Medium Risk
7805,Muse,MUSE,FALSE,508554,676783.9004,950001,2020-11-29T00:00:00.000Z,2707,0.289497756,710.2992647,710.2992647,0,-2.75885602,2.62927292,1.5180459,-12.34898293,-12.38948737,-9.53640211,147225.2418,275023.16,43:23.8,Medium Risk
31775,Azuro Protocol,AZUR,FALSE,200743303.5,1000000000,1000000000,2024-06-20T10:49:46.000Z,2708,0.000732609,16018.95019,15310.909,708.0411901,1.83924586,-1.72186837,-15.56198897,-11.63028068,-33.83564705,-46.31096868,147066.4479,732609.48,43:23.8,High Risk
35150,Acolyt,ACOLYT,FALSE,859690997.5,993082937.8,993082937,2025-01-10T03:17:18.000Z,2709,0.000170948,0,0,0,0,-1.92088898,15.16844176,-11.92509863,-33.76583763,-51.49179525,146962.2747,169765.33,43:23.8,High Risk
30278,Ÿ,YAI,FALSE,91000000,100000000,100000000,2024-04-01T11:59:30.000Z,2710,0.001614649,0,0,0,0,10.34271168,7.42789645,-20.33877411,-25.89368118,-30.23645553,146933.0675,161464.91,43:23.8,High Risk
11349,ADAPad,ADAPAD,FALSE,117642373.1,117642373.1,1000000000,2021-08-21T00:00:00.000Z,2711,0.001246224,711.5870523,711.5870523,0,-1.06948275,-0.92469769,2.28873269,-12.73292977,-3.103622,-20.05369645,146608.7826,1246224.29,43:23.8,Medium Risk
13731,Leeds United Fan Token,LUFC,FALSE,5049759,10000000,10000000,2021-11-02T03:44:29.000Z,2712,0.028966803,0,0,0,0,-2.53875033,-7.31277591,-25.46403617,-27.10451295,-27.10451295,146275.3757,289668.03,43:23.8,High Risk
39240,KLA Tokenized Stock (Ondo),KLACon,FALSE,56.64269238,56.64269238, ,2026-01-08T15:44:34.000Z,2713,2582.004557,1083400.448,1050928.947,32471.5011,-0.0038074,-2.8412871,20.98922033,42.69362016,47.18886007,73.09480838,146251.6898,146251.69,43:23.8,High Risk
6993,REVV,REVV,FALSE,1190694705,3000000000, ,2020-09-10T00:00:00.000Z,2714,0.000122798,1289.368492,0,1289.368492,0.64150839,-3.49205145,-2.47529539,-18.31860111,-21.38402698,-29.35957183,146215.4652,368395.35,43:23.8,Medium Risk
23196,Grove Coin,GRV,FALSE,95083335,99049999.75, ,2023-01-11T17:31:53.000Z,2715,0.001537091,48.55055028,0,48.55055028,-0.50707005,-0.40281491,-0.99799775,-16.36626225,-14.38328853,-24.90944397,146151.7062,152248.83,43:23.8,Medium Risk
35778,Mars,MARS,FALSE,1000000000,1000000000,1000000000,2025-04-17T14:35:45.000Z,2716,0.000146047,5980.352282,0,5980.352282,-0.34883127,4.44425029,-20.27773398,5.67851956,263.7218513,249.8751816,146047.4076,146047.41,43:23.8,High Risk
10055,Crust Shadow,CSM,FALSE,100000000,200000000,200000000,2021-05-25T00:00:00.000Z,2717,0.001459358,0,0,0,0,0.01088962,68.96107844,12.6805694,26.41031158,52.90741841,145935.8152,291871.63,43:23.8,High Risk
9125,Gains,GAINS,FALSE,38694301,100000000,100000000,2021-04-07T00:00:00.000Z,2718,0.003753706,0,0,0,0,6.28744159,-5.79868949,-22.74594967,-34.88193023,-47.92761218,145247.0487,375370.65,43:23.8,High Risk
31543,XANA,XETA,FALSE,4925701908,4925701908, ,2022-05-25T07:48:40.000Z,2719,2.94E-05,0,0,0,0,-26.4635103,-29.99190098,-34.02308927,-64.13825708,-23.44707004,144885.8575,144885.86,43:23.8,High Risk
35090,ORBIT,GRIFT,FALSE,999639167,999639167, ,2025-01-07T12:31:03.000Z,2720,0.000144688,4927.055422,4927.055422,0,-0.00389458,4.92723758,11.60722222,-24.61788006,-40.42807867,-41.68128746,144635.7977,144635.8,43:23.8,High Risk
19268,Aurigami,PLY,FALSE,4126763136,10000000000,10000000000,2022-04-01T08:35:56.000Z,2721,3.50E-05,0,0,0,6.0541045,6.0796147,-0.01356925,-2.80449387,-2.84651744,-2.84124197,144350.441,349790.95,43:23.8,Medium Risk
12315,DOSE,DOSE,FALSE,853702151,5000000000,5000000000,2021-10-05T02:31:00.000Z,2722,0.000168867,0,0,0,0,0,2.40871323,-8.92428201,17.70084161,3141.875246,144162.2613,844335.82,43:23.8,Medium Risk
35629,EXPERT_MONEY,EXPERT,FALSE,729986113.8,729986113.8,1000000000,2025-02-12T07:16:40.000Z,2723,0.000197159,90119.21555,90119.21555,0,0.08970314,7.58574056,11.88924353,-13.83999347,-27.5785145,-39.18271086,143923.4513,197159.16,43:23.8,High Risk
30448,Orbitt Token,ORBT,FALSE,14940000,20000000, ,2024-04-08T04:40:16.000Z,2724,0.00962323,0,0,0,0,0,4.23574242,-16.73691408,-11.14436841,-21.62561121,143771.049,192464.59,43:23.8,Medium Risk
37666,Ibiza Final Boss,BOSS,FALSE,930270684.6,930270684.6,930382708.6,2025-08-08T11:36:45.000Z,2725,0.000154274,8553.42309,5086.189286,3467.233804,0.43358254,0.93272143,4.15347226,-14.39418589,-8.09846732,9.21267235,143517.0239,143534.31,43:23.8,Medium Risk
28704,DeFinder Capital,DFC,FALSE,26563279,199999999,200000000,2023-12-13T19:53:33.000Z,2726,0.005399906,0,0,0,-1.98806634,-8.54875796,-11.89540126,-33.40292797,31.49924325,16.01686559,143439.2155,1079981.24,43:23.8,High Risk
30550,HAMI,HAMI,FALSE,962183785.2,999649174.2, ,2024-04-11T12:01:43.000Z,2727,0.000148915,50752.00064,50752.00064,0,2.04516599,0.01875586,2.05387923,-28.71940814,-24.0439551,-43.80874583,143283.6693,148862.83,43:23.8,High Risk
11541,Ariva,ARV,FALSE,72553169190,93640000000,1E+11,2021-09-01T10:41:36.000Z,2728,1.97E-06,0,0,0,0,-0.60410297,-1.56622846,-13.69309746,10.99768674,14.34778769,142887.0217,196941.12,43:23.8,Medium Risk
9954,Netvrk,NETVR,FALSE,99534864.7,100000000, ,2021-05-20T00:00:00.000Z,2729,0.001433925,0,0,0,0,-3.03941261,26.0507075,6.987154,-18.49462846,-9.60133477,142725.4993,143392.47,43:23.8,High Risk
3052,GoCrypto Token,GOC,FALSE,245278437.8,299095759, ,2018-08-03T00:00:00.000Z,2730,0.000580877,12.43988852,0,12.43988852,1.10744162,0.7959689,1.17945617,-30.0657347,-29.30598323,-32.69710927,142476.5329,173737.76,43:23.8,High Risk
9764,MILC Platform,MLT,FALSE,124423460.9,200000000, ,2021-05-13T00:00:00.000Z,2731,0.001139296,24747.02414,6260.896877,18486.12726,2.48994551,26.51793149,-90.17974186,-93.37011207,-94.22620104,-94.52816516,141755.1087,227859.13,43:23.8,High Risk
12253,WOOF,WOOF,FALSE,17902999424,17902999424, ,2021-10-01T15:30:32.000Z,2732,7.91E-06,305.1928296,0,305.1928296,0.82505428,3.71258233,12.51693058,3.2851323,-3.74635969,-7.50515492,141536.5377,141536.54,43:23.8,Medium Risk
16481,Kasta,KASTA,FALSE,765441073.1,1499130705, ,2021-12-27T05:08:35.000Z,2733,0.000184908,0,0,0,0,1.79782211,-0.75324802,3.83448126,-5.10692786,26.06107894,141536.5095,277201.91,43:23.8,Low Risk
12294,Ertha,ERTHA,FALSE,2000000000,2000000000, ,2021-10-04T13:11:40.000Z,2734,6.98E-05,0,0,0,0,1.25990891,16.99193976,13.66810452,2.19674727,-43.93029028,139606.7823,139606.78,43:23.8,High Risk
34571,Dolos The Bully,BULLY,FALSE,960552281,960552281,960552599,2024-12-12T09:12:12.000Z,2735,0.000145307,76479.28403,76374.13151,105.1525139,0.68241455,4.39684792,11.13601401,-23.09270669,-27.46717651,-34.01457589,139574.7456,139574.79,43:23.8,High Risk
38412,Stream SZN,STRSZN,FALSE,1000000000,1000000000,1000000000,2025-09-16T12:35:03.000Z,2736,0.000139507,2000.698504,0,2000.698504,1.18950124,21.59016451,40.4846448,-19.20909042,-48.99255463,-54.04099785,139506.6563,139506.66,43:23.8,High Risk
34756,The Nation Token,NATO,FALSE,1E+12,1E+12,1E+12,2024-12-19T08:21:21.000Z,2737,1.39E-07,56290.8651,56290.8651,0,1.60688377,2.98662738,-14.6050799,-68.06935434,-72.67642936,-76.58987734,138721.5218,138721.52,43:23.8,High Risk
35545,Edwin,EDWIN,FALSE,1000000000,1000000000, ,2025-01-30T10:19:14.000Z,2738,0.00013859,421.3775614,0,421.3775614,1.36779195,4.70688012,13.39859167,-17.25192475,-43.81082488,-45.1297067,138590.1562,138590.16,43:23.8,High Risk
35590,Rivalz Network,RIZ,FALSE,1150957788,5000000000,5000000000,2025-02-21T02:06:26.000Z,2739,0.000120416,86600.98013,86600.98013,0,-0.34073061,-6.00613912,-16.82881573,-50.59058635,-3.44871886,-42.57827705,138593.8884,602080.68,43:23.8,High Risk
9299,NFT Art Finance,NFTART,FALSE,2.53E+16,2.89E+16,1.00E+17,2021-04-19T00:00:00.000Z,2740,5.45E-12,0,0,0,3.00E-08,0.94835206,1.72714506,-3.14594075,2.01575734,-3.13721811,137847.0502,545234.15,43:23.8,Low Risk
19670,Kaizen Finance,KZEN,FALSE,428755594,1000000000, ,2022-04-21T07:19:34.000Z,2741,0.000321418,21577.90357,20415.01034,1162.893236,-0.01329239,0.13577661,-1.23366283,-4.67429493,-4.41338037,-10.1853418,137809.6705,321417.78,43:23.8,Low Risk
35130,Large Language Model,LLM,FALSE,999997360,999997360, ,2025-01-09T10:04:39.000Z,2742,0.000137724,25209.5454,25209.5454,0,2.1203321,5.99536238,6.74146149,-12.26089167,-7.584887,3.5581497,137723.5043,137723.5,43:23.8,High Risk
32350,Soyjak,SOY,FALSE,926557989,979659596,980000000,2024-07-23T12:49:35.000Z,2743,0.000148583,402.2709838,0,402.2709838,2.39998264,6.68689572,26.98695566,-29.54743041,59.6215206,89.85268288,137671.1647,145611.76,43:23.8,High Risk
36854,PrompTale AI,TALE,FALSE,101393333,500000000,500000000,2025-07-11T10:08:30.000Z,2744,0.001355943,13727.87823,4592.494562,9135.383671,-2.83756389,-3.30533253,-9.09473053,-18.25589282,-22.91066817,2.3451447,137483.5601,677971.4,43:23.8,High Risk
37144,Palio,PAL,FALSE,190000000,1000000000,1000000000,2025-07-03T14:28:03.000Z,2746,0.000722653,331673.0732,145239.1788,186433.8943,0.05858725,-4.2136451,-13.32855513,-49.81415099,-45.28239383,-59.62670765,137304.0547,722652.92,43:23.8,High Risk
36771,Bombie,BOMB,FALSE,9000000000,10000000000,10000000000,2025-06-09T11:30:36.000Z,2745,1.53E-05,64687.95861,64687.95861,0,0.00622236,0.73280768,-4.48942976,-18.30453201,-5.53783531,-22.31790507,137374.2244,152638.03,43:23.8,Medium Risk
18184,BBS Network,BBS,FALSE,69919324.49,1000000000, ,2022-02-18T06:38:32.000Z,2747,0.001963076,63.51397795,0,63.51397795,1.25271695,3.36926167,4.4648455,-16.85892621,-11.8388343,-11.34711081,137256.9373,1963075.85,43:23.8,High Risk
29665,K9 Finance,KNINE,FALSE,4.02272E+11,9.9959E+11,9.9959E+11,2024-03-06T06:23:01.000Z,2748,3.40E-07,4955.605535,4955.605535,0,0.39583573,4.05172555,7.77738411,-6.7719961,-33.69584852,-22.26617516,136682.0115,339635.6,43:23.8,Medium Risk
39915,LokiCoin,LOKI,FALSE,100000000,100000000,100000000,2026-04-29T00:11:11.000Z,2749,0.00136177,2420.701494,0,2420.701494,0.98603424,-2.24688314,34.63860357,-59.16567978,6982.213658,6982.213658,136177.0441,136177.04,43:23.8,High Risk
9509,Legia Warsaw Fan Token,LEG,FALSE,1521010,5000000,5000000,2021-04-30T00:00:00.000Z,2750,0.089474785,0,0,0,0,-2.86991483,-11.69290272,-46.18096039,-46.94942108,-46.94942108,136092.0427,447373.92,43:23.8,High Risk
38140,Pacu Jalur,BOATKID,FALSE,1000000000,1000000000,1000000000,2025-08-20T13:01:37.000Z,2751,0.000135801,0,0,0,0,7.51864924,28.15557536,30.33445839,37.77165834,112.2672308,135801.406,135801.41,43:23.8,High Risk
38857,Mr. Lightspeed Creator Coin,MRLIGHTSPEED,FALSE,477154858,965349680,1000000000,2025-11-04T12:50:58.000Z,2752,0.000283133,55015.63861,52947.02346,2068.615155,0.62628367,0.5498274,-39.5859418,-23.00542934,275.8621097,128.5457057,135098.3052,283133.04,43:23.8,High Risk
33559,Janet,JANET,FALSE,1000000000,1000000000,1000000000,2024-10-22T11:26:26.000Z,2753,0.000134718,2501.374177,2501.374177,0,-0.00977357,3.29888843,4.63816525,13.51852846,45.87291692,74.45061393,134717.8168,134717.82,43:23.8,Medium Risk
27809,HarryPotterObamaPacMan8Inu,XRP,FALSE,81597517,81793445.74, ,2023-08-11T16:17:34.000Z,2754,0.001634644,0,0,0,0,5.56148405,7.75577153,-15.97789626,-22.27399367,-24.51389865,133382.906,133703.18,43:23.8,High Risk
32544,Router Protocol (New),ROUTE,FALSE,648739153.3,982072351.3,1000000000,2024-08-03T02:39:16.000Z,2755,0.000204982,201949.1818,201949.1818,0,-0.03251578,-2.77099453,-45.71824534,-87.38194126,-77.86072413,-85.92760066,132979.6062,204981.63,43:23.8,High Risk
35789,BNBXBT,BNBXBT,FALSE,1000000000,1000000000, ,2025-02-17T16:20:07.000Z,2756,0.000131573,33858.21324,30599.98026,3258.232989,-0.87952547,0.44461845,-25.42666559,-74.50214376,-68.33652841,-30.96896772,131573.3827,131573.38,43:23.8,High Risk
7420,Digital Reserve Currency,DRC,FALSE,1000000000,1000000000,1000000000,2020-10-15T00:00:00.000Z,2757,0.000132662,244.5488599,0,244.5488599,0.17619171,-4.31155604,-2.98494837,8.06176837,13.72209204,30.64392729,132661.5539,132661.55,43:23.8,Medium Risk
34078,Eliza (elizawakesup),ELIZA,FALSE,999897193.2,999897193.2, ,2024-11-19T13:31:16.000Z,2758,0.000132194,0,0,0,0,4.53958426,13.34318021,-33.49325314,-46.1846728,-45.52711594,132179.9541,132179.95,43:23.8,High Risk
34915,Beats on Base,BEATS,FALSE,644790918,808808808,808808808,2024-12-27T08:47:10.000Z,2759,0.000204662,956.9264832,0,956.9264832,1.20432453,4.81309766,4.52225886,-10.65230034,-21.58885165,-37.21585027,131964.0569,165532.25,43:23.8,Medium Risk
10984,Witch Token,WITCH,FALSE,61808816.89,100000000,100000000,2021-07-21T00:00:00.000Z,2760,0.00213497,0,0,0,0,-15.64609151,23.84690545,-60.79294707,-89.13797082,-94.99097017,131959.982,213497.02,43:23.8,High Risk
38522,BNB MEME SZN,SZN,FALSE,1000000000,1000000000,1000000000,2025-09-29T10:59:54.000Z,2761,0.000131479,28748.43866,25258.06107,3490.377596,0.44318406,-7.59300094,-4.60944513,-15.50971455,-10.27459002,27.74405174,131479.0193,131479.02,43:23.8,High Risk
34636,PoSciDonDAO,SCI,FALSE,3566673.214,18910000,18910000,2024-12-16T05:07:17.000Z,2762,0.036855413,6755.768487,6755.768487,0,0.00883945,2.0995821,4.98439772,-39.46278378,-41.03911175,-43.56870706,131451.2132,696935.85,43:23.8,High Risk
19162,BendDAO,BEND,FALSE,4106445442,10000000000,10000000000,2022-03-29T15:38:30.000Z,2763,3.19E-05,0,0,0,0,6.68044231,6.25009875,-22.45424825,-32.15823432,-39.73019,130820.2921,318573.07,43:23.8,High Risk
293,Bitcoin Plus,XBC,FALSE,293967.9984,293967.9984,1000000,2014-05-04T00:00:00.000Z,2764,0.444482706,21.05553288,21.05553288,0,0.60655874,101.7876294,101.8300012,-33.12660898,-63.56892275,-42.49405584,130663.6915,444482.71,43:23.8,High Risk
1834,Pillar,PLR,FALSE,259348201,800000000,800000000,2017-07-24T00:00:00.000Z,2765,0.000500673,14.70876474,0,14.70876474,0.20646452,3.44021064,3.52490624,-12.16606135,-15.74897008,-28.32303583,129848.7409,400538.71,43:23.8,Medium Risk
31494,Pixelverse,PIXFI,FALSE,3868391443,5000000000,5000000000,2024-07-18T13:12:28.000Z,2766,3.35E-05,262.3034664,262.3034664,0,-0.71607784,-2.90917994,-15.06523987,-38.57036875,-43.32646626,-20.24612092,129778.6729,167742.43,43:23.8,High Risk
34095,Morphware,XMW,FALSE,823702984,1232922769,1232922769,2024-11-20T05:26:28.000Z,2767,0.000156605,69542.12763,69542.12763,0,0.00222833,6.91494844,12.22697664,-14.72116878,-39.9377165,-80.72357378,128996.1931,193082.15,43:23.8,High Risk
14145,holoride,RIDE,FALSE,879899580,999794371,1000000000,2022-01-07T14:43:12.000Z,2768,0.000146021,241.9130454,0,241.9130454,0.8195382,8.16802635,17.03282971,-46.3120419,-48.52512353,-51.25332168,128483.8555,146021.04,43:23.8,High Risk
28851,Gui Inu,GUI,FALSE,5.55895E+11,7.77778E+11,7.77778E+11,2023-12-26T23:38:57.000Z,2769,2.31E-07,1924.456651,807.3264572,1117.130193,2.1575556,13.01913903,-7.62605008,-32.64211701,-42.60577283,-61.73950366,128380.1139,179622.39,43:23.8,High Risk
39304,Lam Research Tokenized Stock (Ondo),LRCXon,FALSE,330.2123497,330.2123497, ,2026-01-08T15:44:23.000Z,2770,388.1718575,1492241.98,1461195.34,31046.64038,0.03103515,0.66153101,17.59740123,36.55760182,47.51023408,67.89497804,128179.1411,128179.14,43:23.8,High Risk
29767,Bitcoin Virtual Machine,BVM,FALSE,24818920,100000000, ,2024-03-12T21:10:52.000Z,2771,0.005163597,0,0,0,0,0,1.37448884,-22.26411108,-47.77759819,-47.77759819,128154.8953,516359.68,43:23.8,Medium Risk
36638,Nura Labs,NURA,FALSE,10000000000,10000000000,10000000000,2025-05-28T12:43:40.000Z,2772,1.28E-05,17194.17203,17194.17203,0,0.77658567,3.24758864,6.9000877,-18.39735774,-28.92904044,-30.98260896,127917.6619,127917.66,43:23.8,High Risk
788,Circuits of Value,COVAL,FALSE,1784838484,1786752136, ,2015-01-23T00:00:00.000Z,2773,7.16E-05,0,0,0,0,-33.65925317,9.21259426,-38.60878487,-45.2159721,-73.46265009,127738.6245,127875.58,43:23.8,High Risk
8621,yieldwatch,WATCH,FALSE,19675543.79,20000000,20000000,2021-03-01T00:00:00.000Z,2774,0.006489658,0,0,0,0,0.17080932,2.46177998,-6.37345643,-30.77807787,-35.46104097,127687.5496,129793.16,43:23.8,Low Risk
33734,TON Station,MRSOON,FALSE,65860282991,69312732161,70000000000,2024-10-30T14:40:44.000Z,2776,1.94E-06,87192.53398,86512.80763,679.7263526,-0.98502447,-13.18106329,-12.35486604,-69.77245764,-42.3109511,-65.80718108,127503.6416,135518.02,43:23.8,High Risk
22965,Tigres Fan Token,TIGRES,FALSE,4814259,20000000,20000000,2023-01-04T16:03:41.000Z,2777,0.02644963,0,0,0,0,-1.38258756,-3.93996099,-27.29194915,-16.33041795,-11.23183588,127335.3678,528992.59,43:23.8,High Risk
38336,LiveArt,ART,FALSE,431557020.6,996604330.2,1000000000,2025-09-10T04:47:48.000Z,2775,0.000295794,347001.7448,347001.7448,0,0.66670954,-1.15890167,-0.32430264,3.79167002,-6.15481379,-39.05629186,127652.1289,295794.35,43:23.8,Low Risk
4299,Tokoin,TOKO,FALSE,1870917323,2206654056,2206654056,2019-08-28T00:00:00.000Z,2778,6.80E-05,407.8125535,0,407.8125535,20.45611123,-2.72900905,22.30713293,19.69026786,-20.30415508,3.70133213,127194.8599,150020.02,43:23.8,High Risk
39234,Kanzhun Tokenized Stock (Ondo),BZon,FALSE,8946.816446,8946.816446, ,2026-01-08T15:44:27.000Z,2779,14.19868179,1204.98917,0,1204.98917,-0.00512891,1.82292512,4.20280678,1.57200228,-2.15570724,-2.39905398,127032.9997,127033,43:23.8,Low Risk
28467,Peepo (SOL),$PEEP,FALSE,53296811872,54894000000,54894000000,2023-11-20T13:16:35.000Z,2780,2.38E-06,22.90323203,0,22.90323203,1.31101861,5.19550068,-11.25910807,-3.26954963,38.23401042,20.61512915,126821.4564,130622.02,43:23.8,Medium Risk
18802,Dust Protocol,DUST,FALSE,19143962,33297819, ,2022-03-14T13:00:32.000Z,2781,0.006613438,275.4666667,0,275.4666667,1.18321478,4.095577,9.63217018,-13.28990648,-18.30085855,-23.66894659,126607.4127,220213.07,43:23.8,High Risk
22724,Vasco da Gama Fan Token,VASCO,FALSE,4841194,20000000,20000000,2022-11-21T01:59:14.000Z,2782,0.026146787,16.39005213,0.63426868,15.75578345,-8.6819637,-3.60072673,-13.82137234,-23.69298242,-15.20095701,-0.92206466,126581.666,522935.73,43:23.8,High Risk
38257,Hyperbot,BOT,FALSE,652907810,1000000000,1000000000,2025-09-02T09:24:31.000Z,2783,0.00019376,0.54201997,0,0.54201997,-13.46221128,23.77290393,74.36478275,11.65599839,57.69549354,-50.30224719,126507.4179,193760,43:23.8,High Risk
38232,Just A Shitcoin,SHITCOIN,FALSE,999999999.9,999999999.9,999999999.9,2025-08-29T08:06:41.000Z,2784,0.00012601,0,0,0,0,26.32725634,24.37395523,-27.76549631,-28.24631426,-50.11566668,126009.6231,126009.62,43:23.8,High Risk
20716,Ferro,FER,FALSE,932530341,4536494465,5000000000,2022-06-22T15:31:24.000Z,2785,0.000134808,13082.36943,7999.84988,5082.519552,0.65559533,-1.80197279,-7.37707502,3.1405108,-2.71898508,-40.54202357,125712.5398,674039.94,43:23.8,Medium Risk
32288,TORSY,torsy,FALSE,699999673,699999673,699999673,2024-07-18T12:49:46.000Z,2786,0.000179519,0,0,0,0,1.16178511,4.32081116,17.72168372,-41.40378306,-44.64422937,125663.5088,125663.51,43:23.8,Medium Risk
35085,Andy BSC,ANDY,FALSE,1E+14,1E+14, ,2025-01-07T09:40:54.000Z,2787,1.26E-09,101.3631601,0,101.3631601,-0.00093979,-1.18716948,3.32046357,-12.66877452,-29.59399636,-31.24757716,125582.6255,125582.63,43:23.8,Medium Risk
7033,Empty Set Dollar,ESD,FALSE,446012145,446012145, ,2020-09-14T00:00:00.000Z,2788,0.000279665,1.35582168,0,1.35582168,1.25271695,3.36926167,4.46518774,-13.81283078,-8.63159051,9.10217538,124733.9808,124733.98,43:23.8,Medium Risk
36438,Gorilla,GORILLA,FALSE,1000000000,1000000000,1000000000,2025-05-08T06:58:34.000Z,2789,0.000124718,26328.78013,26279.39149,49.38864487,0.55219275,0.3336341,1.95246908,-13.00353246,-70.19020256,-66.36400587,124718.2922,124718.29,43:23.8,Medium Risk
6949,Hedget,HGET,FALSE,1751448,1751448, ,2020-09-08T00:00:00.000Z,2790,0.071028133,53340.31004,53340.31004,0,0.00602967,-0.2463921,1.49753706,31.37908003,29.90269569,12.65722043,124402.0819,124402.08,43:23.8,High Risk
36730,Courage The Dog,CCDOG,FALSE,1000000000,1000000000,1000000000,2025-06-05T07:22:11.000Z,2791,0.000124242,139586.0808,139586.0808,0,-0.11452576,7.67954278,11.03643044,142.5837949,55.29311001,31.97487687,124241.823,124241.82,43:23.8,High Risk
34513,Musk It,MUSKIT,FALSE,1000000000,1000000000,1000000000,2024-12-09T20:58:09.000Z,2792,0.00012412,82812.11377,82774.08765,38.02611562,1.12928677,5.1829712,8.25671135,-13.95721065,-0.95742527,-18.07557308,124120.1741,124120.17,43:23.8,High Risk
22943,LightLink,LL,FALSE,81670180.2,1000000000,1000000000,2024-04-24T02:34:40.000Z,2793,0.001509429,64912.76448,64912.76448,0,0.10428319,-1.52444085,-4.1816433,-52.689468,-53.3377708,-55.55810366,123275.3781,1509429.49,43:23.8,High Risk
31923,Hawk Tuah (hawktuah.vip),HAWKTUAH,FALSE,858719638,914310147, ,2024-06-20T13:31:09.000Z,2794,0.000143326,0,0,0,0,4.58613865,12.11272219,-14.00633491,-19.20728811,-45.39492653,123076.786,131044.35,43:23.8,High Risk
10412,HoDooi.com,HOD,FALSE,491857217,1000000000,1000000000,2021-06-11T00:00:00.000Z,2795,0.000249926,5725.748123,5725.748123,0,0.00530187,-4.35500625,45.25813528,62.8938807,158.9626835,178.8555831,122928.1221,249926.44,43:23.8,High Risk
17704,GensoKishi Metaverse,MV,FALSE,395086610.4,2000000000, ,2022-01-28T06:19:42.000Z,2796,0.000310808,0,0,0,0,-0.61754159,0.6161268,-43.0639975,-69.14258255,-75.80325308,122795.9947,621615.57,43:23.8,High Risk
11512,Kalao,KLO,FALSE,189969797,500000000,500000000,2021-08-31T08:12:51.000Z,2797,0.000646319,1169.913424,1153.516349,16.39707523,0.04037338,4.19086188,-7.81671342,-0.64914911,4.63678525,5.90468685,122781.0216,323159.32,43:23.8,Medium Risk
10334,BabySwap,BABY,FALSE,620895960,1000000000,1000000000,2021-06-08T00:00:00.000Z,2798,0.00019764,0,0,0,0,0.19672894,-2.84110789,-6.75808972,-2.97572938,-7.34145071,122713.8897,197640.02,43:23.8,Low Risk
12280,BHO Network,BHO,FALSE,4040989355,4040989355, ,2021-10-04T07:32:47.000Z,2799,3.03E-05,0,0,0,0,2.88646179,8.97086999,-6.28291498,-16.58734086,-26.84595425,122464.2503,122464.25,43:23.8,Medium Risk
8891,Bitcoin Standard Hashrate Token,BTCST,FALSE,12201400.85,15000000,15000000,2021-03-19T00:00:00.000Z,2800,0.009974806,59.61540981,0,59.61540981,-0.11855781,-0.66568367,0.30362833,15.82111837,18.52213536,16.35264968,121706.6083,149622.09,43:23.8,Medium Risk
32464,Neiro (neiro.lol),NEIRO,FALSE,999999969,999999969, ,2024-07-29T12:52:31.000Z,2801,0.000121622,26120.34762,26120.33397,0.01364652,1.2370539,5.66244127,16.66851171,-13.22221359,-11.10568551,-31.99085854,121621.6872,121621.69,43:23.8,High Risk
27458,TRUST AI,TRT,FALSE,3800000,21000000, ,2025-01-21T15:44:41.000Z,2802,0.031978984,33845.25501,33845.25501,0,1.58443602,30.09687145,82.83968295,59.9485419,-24.58615162,-75.40206951,121520.1384,671558.66,43:23.8,High Risk
8236,Glitch,GLCH,FALSE,79282951.63,88888888,88888888,2021-01-19T00:00:00.000Z,2803,0.001524944,0,0,0,0.07001031,-3.6166022,-11.72287004,-25.42466578,-31.011543,-36.93891433,120902.0446,135550.56,43:23.8,High Risk
8162,AME Chain,AME,FALSE,500000000,1000000000,1000000000,2021-01-02T00:00:00.000Z,2804,0.000239942,61792.52502,61792.52502,0,0.92191142,0.43025504,5.90078267,-10.83849157,-19.05669325,-56.97870694,119971.1564,239942.31,43:23.8,Medium Risk
39531,CReaToR,CRTR,FALSE,369791666.7,2000000000,2000000000,2026-02-03T06:53:06.000Z,2805,0.000324275,8465.202348,3925.402321,4539.800026,-2.89904341,4.26316968,-3.4325054,-37.50712914,-92.56699262,-99.31522718,119914.3675,648550.95,43:23.8,High Risk
24133,WiFi Map,WIFI,FALSE,693864993.8,1000000000,1000000000,2023-03-28T23:18:53.000Z,2806,0.000171503,0,0,0,0,4.01263336,21.16056828,-43.10873684,-57.44560546,-90.91831187,119000.135,171503.3,43:23.8,High Risk
30407,Roost Coin,ROOST,FALSE,937143771,1000000000,1000000000,2024-04-05T05:40:46.000Z,2807,0.000126951,0,0,0,0,3.19829672,5.9802064,-15.77196906,-33.9483812,-29.55602482,118971.7524,126951.44,43:23.8,Medium Risk
36729,Gremly,$GREMLY,FALSE,4.11654E+14,4.11654E+14,4.13636E+14,2025-06-05T07:19:54.000Z,2808,2.88E-10,3731.550845,0,3731.550845,0.70910664,6.81420074,5.16483271,-24.74067485,-24.38489877,-16.08470325,118375.5569,118945.41,43:23.8,High Risk
22103,Lunar,LNR,FALSE,73830967,99999946.73,100000000,2021-11-16T06:53:31.000Z,2809,0.001600646,2.74740266,0,2.74740266,0.46330576,0.46330576,0.97883034,-6.95848216,-3.58479729,-7.85911583,118177.2479,160064.61,43:23.8,Low Risk
10700,KickToken,KICK,FALSE,121342748.7,121342748.7,123823040,2021-06-29T00:00:00.000Z,2810,0.000973199,0,0,0,0,0.017114,-0.00826999,-8.28278227,-8.06254242,-10.79017642,118090.6222,120504.44,43:23.8,Low Risk
38988,三维威廉泰尔企鹅 (Vulgar Penguin),恶俗企鹅,FALSE,1000000000,1000000000,1000000000,2025-11-25T05:23:40.000Z,2811,0.000117919,18272.89284,17646.99777,625.8950716,0.84134871,0.86634019,-18.54054892,-78.77983095,-76.09449824,-68.48926647,117918.7274,117918.73,43:23.8,High Risk
35181,Elon Trump Fart,ETF500,FALSE,999961167,999961167, ,2025-01-13T03:49:17.000Z,2812,0.00011767,0,0,0,0,4.08305233,18.67753888,0.71577394,10.83053278,-5.54496417,117665.6404,117665.64,43:23.8,Medium Risk
34516,RAT Escape,RAT,FALSE,999935116,999935116,999935116,2024-12-10T04:55:07.000Z,2813,0.000117462,9.44522015,0,9.44522015,1.23899277,5.28637993,10.23006407,-26.07671324,-36.15545373,-34.46713768,117454.6808,117454.68,43:23.8,High Risk
33087,FU Coin,FU,FALSE,1.9453E+11,1E+13,1E+13,2024-09-20T12:35:00.000Z,2814,6.02E-07,0,0,0,0,0,-0.16223456,-17.77175321,-8.61827998,-15.99344862,117105.7097,6019943.59,43:23.8,Medium Risk
36312,Wizard Gang,WIZARD,FALSE,999789777.5,999789777.5,1000000000,2025-04-22T11:08:23.000Z,2815,0.000117108,71817.52783,70571.71444,1245.813387,-2.74517584,0.54419304,-5.13507324,-26.35389693,-11.21255441,-35.57980723,117083.0213,117107.64,43:23.8,High Risk
33520,Baby Neiro BNB,BABYNEIRO,FALSE,4.20E+17,4.20E+17,4.20E+17,2024-10-18T06:17:19.000Z,2816,2.78E-13,976.0060208,1.37747422,974.6285466,0.08795421,0.49682277,-2.00275249,-26.22732285,-50.31689712,-53.71289668,116799.1145,116799.11,43:23.8,High Risk
38851,Utopia,UTOPIA,FALSE,916418163.3,938918163.3,1000000000,2025-10-31T02:35:12.000Z,2817,0.000127297,184000.2175,184000.2175,0,-0.00422399,2.52400525,-16.52870436,-17.32267627,-33.20778771,-61.34403145,116657.6626,127297.41,43:23.8,High Risk
33614,Memes AI,MemesAI,FALSE,999971048.5,999971048.5,999971048.5,2024-10-24T12:02:11.000Z,2818,0.000116441,73961.474,73961.474,0,0,6.92141211,5.16269011,-43.81617338,-31.6653825,-41.81414117,116438.0384,116438.04,43:23.8,High Risk
25219,The Dons,DONS,FALSE,8150000000,10000000000,10000000000,2023-05-12T14:07:08.000Z,2819,1.42E-05,0,0,0,0,0,-0.85469425,-13.08185343,-15.2514924,-21.15307403,115882.3655,142186.95,43:23.8,Medium Risk
12969,Gari Network,GARI,FALSE,561537169,979444315.6,979444315.6,2021-10-21T09:32:59.000Z,2820,0.000204786,2496.018739,2222.375868,273.6428705,1.72368328,3.46165773,-5.93290326,-54.17200287,-64.86116208,-77.93084503,114994.9088,200576.41,43:23.8,High Risk
9345,BSCS,BSCS,FALSE,269957373.9,392544040,500000000,2021-04-20T00:00:00.000Z,2821,0.000425392,84.34634719,84.34634719,0,-0.00924089,-7.48813972,-7.40543799,-16.53074857,-19.81284574,-21.89545661,114837.64,212695.88,43:23.8,High Risk
6747,Crust Network,CRU,FALSE,14138569,35025067.04, ,2020-08-28T00:00:00.000Z,2822,0.00811804,10118.61768,10118.61768,0,0.00677375,0.21286825,-1.28247094,-71.24020124,-71.10887321,-46.14638326,114777.4711,284334.9,43:23.8,High Risk
32310,SAITAMA INU,SAITAMA,FALSE,877691270,877691270,1000000000,2024-07-22T03:29:32.000Z,2823,0.000130721,0,0,0,0,2.70772439,2.58213902,-47.42308012,10.09884755,28.75656303,114732.9985,130721.36,43:23.8,High Risk
28789,Silly Dragon,SILLY,FALSE,999975726,999975726, ,2023-12-21T03:30:14.000Z,2824,0.000114688,0,0,0,0,2.92994544,12.72395513,25.8072253,13.92301254,29.58991189,114685.643,114685.64,43:23.8,High Risk
36394,Toilet Dust,TOILET,FALSE,10000000000,10000000000,10000000000,2025-05-02T00:08:50.000Z,2825,1.15E-05,55450.27724,55217.62802,232.6492187,0.26735729,-0.56500122,-11.95626224,-29.7637792,-41.12941897,-69.20146694,114571.3596,114571.36,43:23.8,High Risk
25851,"Duckies, the canary network for Yellow",DUCKIES,FALSE,52088321,147700000, ,2023-05-24T04:00:09.000Z,2826,0.002195735,0,0,0,0,0.12856729,3.64048241,0.16226916,-28.47506459,6.79833906,114372.1461,324310.05,43:23.8,Low Risk
34793,STARS,STARS,FALSE,42069696969,42069696969,42069696969,2024-12-20T08:59:35.000Z,2827,2.70E-06,0,0,0,0,0.76695798,1.679243,-27.51930072,-44.02146652,-53.5922651,113732.9912,113732.99,43:23.8,High Risk
35824,Perry,PERRY,FALSE,1000000000,1000000000, ,2025-02-19T11:32:39.000Z,2828,0.000113479,0,0,0,0,2.02950095,2.44099339,-7.49333787,-27.44160809,-2.25765236,113478.6734,113478.67,43:23.8,Medium Risk
7590,Dvision Network,DVI,FALSE,1000000000,1000000000,1000000000,2020-11-04T00:00:00.000Z,2829,0.000112961,0,0,0,0.06489587,-0.02514723,1.34577204,-0.56409631,-2.90305984,-4.21392913,112961.2129,112961.21,43:23.8,Low Risk
11110,Spores Network,SPO,FALSE,1058302432,5000000000,5000000000,2021-07-30T00:00:00.000Z,2830,0.000106608,30530.44836,26534.70979,3995.738567,-4.85442059,11.679141,88.51704139,129.8083648,121.5662854,184.5754397,112823.7519,533041.16,43:23.8,High Risk
37600,Fireverse,FIR,FALSE,136710000,1000000000,1000000000,2025-08-04T09:50:09.000Z,2831,0.000825088,36716.39779,36716.39779,0,-0.08921787,-5.46370112,-9.09392287,-50.55100449,-68.43568432,-74.23159373,112797.8149,825088.25,43:23.8,High Risk
7087,Dego Finance,DEGO,FALSE,21000000,21000000,21000000,2020-09-17T00:00:00.000Z,2832,0.005352621,487648.3017,487648.3017,0,-0.50522641,-2.38360802,-47.2420031,-69.84562272,-97.83330789,-99.4582466,112405.0352,112405.04,43:23.8,High Risk
36973,Wen Lambo Financial,WLFI,FALSE,1000,1000,1000,2025-06-27T13:53:39.000Z,2833,112.3288013,1903.66073,0,1903.66073,1.31651011,6.47008019,0.03162251,-7.90081515,-9.28122976,10.51906524,112328.8013,112328.8,43:23.8,Medium Risk
13140,Nyan Heroes,NYAN,FALSE,101045769,1000000000, ,2021-10-25T06:26:34.000Z,2834,0.00110931,7611.453822,7611.453822,0,-0.00197544,-11.16665822,0.29785789,134.7112122,85.83672134,86.16680379,112091.104,1109310.22,43:23.8,High Risk
35877,Yala,YALA,FALSE,293104053.3,999255740.7,1000000000,2025-02-26T03:06:29.000Z,2835,0.000381781,4449.545692,4449.545692,0,24.13798199,31.20894914,49.85326484,-65.94860937,-28.06742944,-45.42094065,111901.4205,381780.53,43:23.8,High Risk
31716,Skillful AI,SKAI,FALSE,555327491.3,1000000000, ,2024-06-10T06:39:16.000Z,2836,0.00020091,0,0,0,0,2.50291525,3.29190149,-9.71243831,-11.824748,-61.64999871,111571.0973,200910.45,43:23.8,Medium Risk
26198,BONDEX,BDXN,FALSE,160000000,1000000000,1000000000,2025-06-03T12:50:00.000Z,2837,0.000696681,129134.4863,124733.2583,4401.227968,0.38210901,0.24468651,-9.79136029,-77.90802358,-61.79209642,-82.18422839,111468.9961,696681.23,43:23.8,High Risk
28870,Gecko Inu,GEC,FALSE,6.61901E+13,6.942E+13,6.942E+13,2023-12-29T01:37:51.000Z,2838,1.68E-09,1429.357092,0,1429.357092,2.15069486,8.62772391,19.80708245,3.06214324,-2.90393169,8.96720806,111450.4049,116888.97,43:23.8,High Risk
2642,CyberVein,CVT,FALSE,1060404496,2147483648,2147483648,2018-04-17T00:00:00.000Z,2839,0.000104492,0,0,0,0,0,-16.75327325,-9.0607973,-11.71789423,-19.60938096,110803.956,224395.2,43:23.8,High Risk
21513,EGO,EGO,FALSE,200640190,323000000,323000000,2022-08-22T11:30:51.000Z,2840,0.000546224,59643.34015,59544.81827,98.52188536,0.12889872,1.04651128,1.78509957,1.95460997,7.28022479,2.30512213,109594.4487,176430.29,43:23.8,Low Risk
36805,Agent Virtual Machine,AVM,FALSE,53045488.15,100000000,100000000,2025-06-12T06:04:17.000Z,2841,0.002064594,0,0,0,0,2.78049596,6.26784486,-25.83043182,-31.89032372,-54.78845624,109517.3929,206459.39,43:23.8,High Risk
36123,GOMBLE,GM,FALSE,302803442.7,1000000000,1000000000,2025-04-16T15:50:01.000Z,2842,0.00035843,172.3452199,172.3452199,0,1.0725552,6.02388894,3.1836881,-53.54120306,-78.66978919,-76.74893694,108533.927,358430.29,43:23.8,High Risk
37260,RCADE,RCADE,FALSE,8299741140,40000000000,40000000000,2025-07-08T02:02:29.000Z,2843,1.29E-05,102.7031481,61.35680103,41.34634704,0.06608822,-0.72365625,-16.23507893,-40.81837489,-46.04850401,-59.13088498,107322.0495,517230.83,43:23.8,High Risk
29558,Super Trump Coin,STRUMP,FALSE,1837382589,2339600236,2600000000,2024-02-27T11:50:01.000Z,2844,5.82E-05,76.38486995,0,76.38486995,0.18707806,8.02069273,13.60528658,-16.79317106,0.709305,-6.11358063,106979.2135,151381.62,43:23.8,High Risk
37527,Unite,UNITE,FALSE,4597395975,30000000000,30000000000,2025-07-30T06:48:35.000Z,2845,2.33E-05,5181.39174,5181.39174,0,0.67309461,28.64766309,19.58283956,16.12692762,-12.49363015,-65.91379204,106974.5098,698055.01,43:23.8,High Risk
5354,PEAKDEFI,PEAK,FALSE,1657740019,2206221152,2206221152,2020-03-23T00:00:00.000Z,2846,6.45E-05,0,0,0,0,-0.25632651,-6.4448601,-5.98627158,-4.98054214,-11.67192193,106898.7255,142267.32,43:23.8,Medium Risk
29890,Edu3Labs,NFE,FALSE,104375043.6,899599999.3,900000000,2024-03-15T15:10:59.000Z,2847,0.001019381,3220.462725,3220.462725,0,0.002605,-13.54086916,12.68233862,20.18348893,-3.83261093,-13.39559109,106397.8908,917442.51,43:23.8,High Risk
37458,Baby Grok (babygrok.ai),BABYGROK,FALSE,2.40703E+14,4.2E+14,4.2E+14,2025-07-22T08:55:27.000Z,2848,4.41E-10,0,0,0,0,-7.96586188,3.08664028,-18.6751447,22.53516246,9.20989135,106229.1541,185358.11,43:23.8,High Risk
8419,APYSwap,APYS,FALSE,18191036,100000000, ,2021-02-09T00:00:00.000Z,2849,0.00581597,836.6668372,836.6668372,0,-0.00058522,4.76427187,-0.33201691,33.20279679,60.95035533,53.29144522,105798.5281,581597.05,43:23.8,High Risk
36813,Lemmy The Bat,LBAI,FALSE,69000000000,69000000000,69000000000,2025-06-12T10:23:43.000Z,2850,1.53E-06,64145.61375,64145.61375,0,0.09492283,-3.81586963,4.38064713,9.08891355,5.13421224,-10.99630902,105705.2751,105705.28,43:23.8,Medium Risk
8707,Alpaca Finance,ALPACA,FALSE,151668641.6,151668641.6,188000000,2021-03-06T00:00:00.000Z,2851,0.000695451,65471.1668,64372.39717,1098.769626,0.01030936,11.89734607,-7.11236178,17.11411,16.07746518,-54.57888035,105478.0358,130744.7,43:23.8,High Risk
30608,Expand,XZK,FALSE,691735889.3,1000000000,1000000000,2024-04-12T09:18:41.000Z,2852,0.000152208,338.0369625,338.0369625,0,0.002605,-0.04428337,-1.72265356,-23.71557998,-56.0772817,-63.16853586,105287.3971,152207.51,43:23.8,High Risk
19216,Blockchain Brawlers,BRWL,FALSE,1000000000,1000000000, ,2022-03-30T14:06:07.000Z,2853,0.000105044,0,0,0,-4.73255922,4.08339004,0.62568161,28.23396403,18.50592993,-8.99655802,105043.9273,105043.93,43:23.8,High Risk
5893,Frontier,FRONT,FALSE,7760350.565,90000000, ,2020-09-15T00:00:00.000Z,2854,0.013514776,0,0,0,0,-0.14520717,2.18367218,-5.53061586,-2.59629584,-8.75077477,104879.4028,1216329.88,43:23.8,Low Risk
34073,OctonetAI,OCTO,FALSE,98500000,100000000,100000000,2024-11-19T07:07:24.000Z,2855,0.001059319,56143.76136,55229.18303,914.5783299,1.13431347,8.40194854,11.90529509,-19.6011779,-21.48549846,-35.64526104,104342.9703,105931.95,43:23.8,High Risk
13383,CropBytes,CBX,FALSE,186294140,500000000,500000000,2021-10-27T07:19:19.000Z,2856,0.000559616,0,0,0,0,0,0,0,0,0,104253.1877,279808.02,43:23.8,Low Risk
35607,Memhash,MEMHASH,FALSE,843392248,1250000000,1250000000,2025-03-04T02:59:33.000Z,2857,0.000123609,0,0,0,0,2.7067912,-3.93222548,-22.25837834,3.1675998,4.95757291,104251.2353,154511.79,43:23.8,High Risk
37617,Sidekick,K,FALSE,749998658.8,999998658.8,1000000000,2025-08-05T22:11:41.000Z,2858,0.000137174,16544.71652,14610.31196,1934.404564,0.57201753,-2.64007065,9.29058169,-69.39716307,-59.40218731,-83.29787232,102880.5644,137174.33,43:23.8,High Risk
39814,MicroPets [New],PETS,FALSE,1163729.99,1460911.99,1485912,2021-10-21T10:46:37.000Z,2859,0.088381841,0,0,0,0,0.12682816,-1.95641622,-9.37600052,-9.36840659,4.36511338,102852.599,131327.64,43:23.8,Medium Risk
11983,Hudi,HUDI,FALSE,20161017,69420000,69420000,2021-09-20T18:45:05.000Z,2860,0.005099148,0,0,0,0,0,-0.1244878,-15.06864139,-25.1578092,-45.27252483,102804.0072,353982.85,43:23.8,Medium Risk
9608,SpookySwap,BOO,FALSE,7259209.71,7259209.71,7259209.71,2021-05-05T00:00:00.000Z,2861,0.014154239,0,0,0,0,4.14256856,12.94620761,-11.52444245,-11.96578552,-18.69910506,102748.5914,102748.59,43:23.8,High Risk
34105,sekoia by Virtuals,SEKOIA,FALSE,986227199.7,986227199.7,1000000000,2024-11-20T08:51:19.000Z,2862,0.000103833,53873.95114,53873.95114,0,-0.0107287,-0.74717757,-4.440186,-26.85463333,-23.26794056,-38.8519313,102403.2439,103833.32,43:23.8,High Risk
5410,PARSIQ,PRQ,FALSE,310256872,310256872,500000000,2020-04-02T00:00:00.000Z,2863,0.0003298,74598.8666,74598.8666,0,0.00237779,3.14953258,22.1979333,-5.74126355,-32.70331041,-42.14253006,102322.8451,164900.21,43:23.8,High Risk
33570,Numogram,GNON,FALSE,1000000000,1000000000,1000000000,2024-10-23T04:01:04.000Z,2864,0.000102026,0,0,0,0,3.76439663,12.69037791,-13.15569114,-16.60849507,-25.39664738,102026.2603,102026.26,43:23.8,High Risk
35189,Gekko AI,GEKKO,FALSE,1000000000,1000000000, ,2025-01-13T05:48:13.000Z,2865,0.000101949,1229.030479,0,1229.030479,0.17590548,3.7136307,13.59382284,22.77105613,-9.5210885,-36.96922902,101948.5052,101948.51,43:23.8,High Risk
8279,e-Money,NGM,FALSE,19760286,102993397, ,2021-01-18T00:00:00.000Z,2866,0.005157226,0,0,0,0,0.24575889,11.88499767,-20.65971664,18.403692,10.98572815,101908.2576,531160.21,43:23.8,High Risk
10294,DeFi Land,DFL,FALSE,7137303616,10000000000, ,2021-11-25T00:48:37.000Z,2867,1.43E-05,5.63746344,0,5.63746344,0.03473225,0.0277816,-2.73945864,-17.51516335,-22.12978733,-27.6554413,101829.1447,142671.73,43:23.8,Medium Risk
39147,TradeTide,TTD,FALSE,137500000,1000000000,1000000000,2025-12-18T07:16:15.000Z,2868,0.00073969,84540.31994,35429.57686,49110.74308,1.26516842,-6.35449842,8.28371083,-40.3516542,12.53354973,-39.28375341,101707.4036,739690.21,43:23.8,High Risk
34771,Ski Mask Cat,SKICAT,FALSE,990154868,990154867,990154867,2024-12-19T11:41:24.000Z,2869,0.000102236,60928.52698,60928.52698,0,0.00246903,6.03156057,6.99286306,-23.62474407,-44.3538496,-55.31546322,101229.6038,101229.6,43:23.8,High Risk
24275,Oggy Inu (BSC),OGGY,FALSE,1.08E+17,4.20E+17, ,2023-04-06T20:32:30.000Z,2870,9.33E-13,0,0,0,-4.70E-07,-0.17565365,4.54752205,-5.32194883,-1.38305055,-9.24882297,100929.4879,392049.06,43:23.8,Medium Risk
21701,Skeb Coin,SKEB,FALSE,1153490031,10000000000,10000000000,2022-09-05T08:00:49.000Z,2871,8.73E-05,64.7329387,64.7329387,0,-0.03692638,16.59826138,16.57915884,-8.22366615,-22.78013766,-52.7838693,100729.5482,873258.94,43:23.8,High Risk
36581,Zeus (truezeuscoin.com),ZEUS,FALSE,4.2069E+14,4.2069E+14,4.2069E+14,2025-05-22T13:16:04.000Z,2872,2.39E-10,0,0,0,0,3.6298935,2.67427121,-11.50195667,-17.06791859,-96.62363261,100448.1977,100448.2,43:23.8,Medium Risk
35569,Global DePIN Chain,DEEPSEEK,FALSE,790000000,1000000000, ,2025-02-01T08:49:55.000Z,2873,0.00012692,142453.8196,142453.8196,0,1.60028802,0.01695534,7.61866042,-32.83687638,-23.90580605,-49.08579856,100266.7687,126919.96,43:23.8,High Risk
34910,Graphite Network,@G,FALSE,10287764,1000000000,1000000000,2024-12-27T07:50:13.000Z,2874,0.009745642,0,0,0,0,0.83875223,3.25724064,-0.58930094,-9.33287197,-30.6000948,100260.8699,9745642.48,43:23.8,Low Risk
37286,Altcoin,ALT,FALSE,899822938,899822938,899822938,2025-07-08T14:06:47.000Z,2875,0.000111403,2677.847182,0,2677.847182,2.13930755,6.77653798,20.56180867,21.33064123,0.43813715,-19.42576022,100243.2186,100243.22,43:23.8,High Risk
21453,Doge Eat Doge,OMNOM,FALSE,3.1E+14,1E+15,1E+15,2022-08-18T15:55:02.000Z,2876,3.23E-10,54212.806,54212.806,0,-0.06466197,-34.92275281,-68.08206029,-90.00817914,-85.24123005,-86.4461717,100126.1983,322987.74,43:23.8,High Risk
29575,Vestate,VES,FALSE,143700000,500000000,500000000,2024-02-29T05:11:31.000Z,2877,0.000693544,11113.55422,11113.55422,0,0.28618839,-0.70342328,-0.29687727,1.13364438,-1.07445894,-0.78570776,99662.30314,346772.11,43:23.8,Low Risk
11649,Wicrypt,WNT,FALSE,26124772.2,200000000,200000000,2021-09-05T20:30:27.000Z,2878,0.003813034,106387.0859,106387.0859,0,0.09630997,-0.82811428,6.33619568,336.8176695,343.8959936,126.7821755,99614.64717,762606.82,43:23.8,High Risk
9245,Signata,SATA,FALSE,71260434.61,100000000,100000000,2021-04-15T00:00:00.000Z,2879,0.001387702,2.41442872,0,2.41442872,1.25271695,6.8788218,8.01160253,-17.28386104,-23.58614905,-24.38759689,98888.23282,138770.18,43:23.8,High Risk
8265,Helmet.insure,HELMET,FALSE,43246619.99,50000000,100000000,2021-01-16T00:00:00.000Z,2880,0.002283714,0,0,0,0,-0.09774327,3.73629292,0.70787388,4.94236491,-0.77409295,98762.91051,228371.4,43:23.8,Low Risk
31908,Wat,WAT,FALSE,4.2069E+11,4.2069E+11,4.2069E+11,2024-06-19T13:54:33.000Z,2881,2.34E-07,1115.734008,0,1115.734008,1.43210689,8.31896473,11.08883276,-21.70136185,-13.18520142,-14.22758376,98650.1937,98650.19,43:23.8,High Risk
30007,HUND,HUND,FALSE,399925254.3,399983511.4, ,2024-03-20T12:00:29.000Z,2882,0.000246428,87408.55552,87408.55552,0,1.11193301,4.92437348,16.15136256,-42.97174274,-59.52899562,-67.03264202,98552.94314,98567.3,43:23.8,High Risk
36658,Coin (reservebankapp.com),COINS,FALSE,1000000000,1000000000,1000000000,2025-05-29T07:50:44.000Z,2883,9.80E-05,0,0,0,0,2.93269162,10.04238107,-5.56090986,-7.72066613,-10.8552733,98019.36293,98019.36,43:23.8,Medium Risk
11664,YAY Network,YAY,FALSE,687746250,1000000000, ,2021-09-06T10:06:45.000Z,2884,0.000142248,61.04935072,0,61.04935072,0.53615366,0.05593511,0.27835246,-2.36813819,-2.55553377,-13.34253823,97830.73027,142248.29,43:23.8,Low Risk
35595,The Game Company,GMRT,FALSE,354283959.7,1000000000,1000000000,2025-02-04T09:10:28.000Z,2885,0.000275734,686.5814463,686.5814463,0,0.00053279,-94.45652385,6.4335505,-10.14818823,0.66535805,-23.28237152,97688.28125,275734.42,43:23.8,High Risk
22444,Crystal Palace Fan Token,CPFC,FALSE,3311101,10000000,10000000,2022-10-28T07:56:04.000Z,2886,0.029440761,55625.63376,54870.32981,755.3039486,-0.61441695,2.88313328,-3.90789575,-24.28107339,-6.39700501,-6.39700501,97481.33266,294407.61,43:23.8,High Risk
34007,Hasbulla's Cat,BARSIK,FALSE,999775530.6,999775530.6,1000000000,2024-11-17T02:11:56.000Z,2887,9.74E-05,1283.387042,1283.387042,0,-0.00048104,-2.06465035,6.26836575,-22.95401641,-27.14034993,-35.33126429,97406.57381,97428.44,43:23.8,High Risk
33128,TON Cat,TCAT,FALSE,611462265,637018677,637018677,2024-09-23T22:02:10.000Z,2888,0.00015911,0,0,0,0,0.319225,-15.22386823,-35.28004063,52.40134208,80.112092,97289.66556,101355.94,43:23.8,High Risk
35989,LF,LF,FALSE,2983986830,10000000000,10000000000,2025-03-11T07:33:31.000Z,2889,3.25E-05,119861.1753,119861.1753,0,-2.80700092,7.79633887,-2.08557668,-16.93579769,-20.31051861,-2.65412558,97084.72516,325352.39,43:23.8,High Risk
3334,X-Cash,XCASH,FALSE,62820378619,8962110956,1E+11,2018-09-24T00:00:00.000Z,2890,1.54E-06,0,0,0,0,1.83391368,11.40467246,-77.01934567,-79.49277047,-84.45490292,96740.12919,153994.82,43:23.8,High Risk
20009,DexCheck AI,DCK,FALSE,678215649,960416884.6,1000000000,2022-05-06T13:33:50.000Z,2891,0.000142179,10266.21547,10129.41922,136.7962449,-5.96931369,-8.07250116,61.3314266,-20.19845349,-5.07134479,-3.63290941,96427.77686,142178.64,43:23.8,High Risk
30133,Coinye West,COINYE,FALSE,801244726,969100193,1000000000,2024-03-26T11:50:33.000Z,2892,0.000119937,279.9968819,0,279.9968819,0.37466099,2.18595768,9.24356778,-16.42246305,-19.52963402,-21.49051662,96098.77019,119936.85,43:23.8,High Risk
23282,Fluminense FC Fan Token,FLU,FALSE,3496462,10000000,10000000,2025-01-23T01:41:35.000Z,2893,0.027440084,0,0,0,0,-2.49783314,-6.44422097,-20.58707661,-11.18804894,1.52718642,95943.21214,274400.84,43:23.8,High Risk
10586,TABOO TOKEN,TABOO,FALSE,9782678080,9782678080,9782678080,2021-06-23T00:00:00.000Z,2894,9.80E-06,0,0,0,0,-0.30273084,9.60420701,-6.43160133,-31.49760383,-37.99599664,95910.56111,95910.56,43:23.8,Medium Risk
39747,Applied Digital Tokenized Stock (Ondo),APLDon,FALSE,2056.555107,2056.555107, ,2026-03-24T02:56:09.000Z,2895,46.6140603,2634.860725,0,2634.860725,0.53115896,4.1596303,3.7089623,10.06245231,54.34817379,64.99977326,95864.38377,95864.38,43:23.8,Medium Risk
32836,Sharpe AI,SAI,FALSE,111821649,1000000000,1000000000,2024-08-27T06:18:58.000Z,2896,0.000855254,107301.6332,105833.4225,1468.210661,0.02139,2.31740942,-3.81490904,-13.61008008,-15.12965275,-21.41558671,95635.86157,855253.54,43:23.8,Medium Risk
34552,aixCB by Virtuals,AIXCB,FALSE,993506898,993506898,1000000000,2024-12-11T12:08:52.000Z,2897,9.60E-05,0,0,0,0,-4.22727423,6.44158961,-14.97906286,-28.92014765,-38.95394411,95327.73692,95950.75,43:23.8,High Risk
37297,Tanssi,TANSSI,FALSE,411221115,1051317996, ,2025-07-09T07:47:06.000Z,2898,0.000233711,8475.824625,8475.824625,0,0.66350527,3.63468567,11.07914724,-33.92332606,-38.29702853,-46.22648742,96106.73017,245704.15,43:23.8,High Risk
22050,Medieval Empires,MEE,FALSE,559411443,2824686940, ,2022-10-03T06:32:35.000Z,2899,0.000170038,96263.34781,96263.34781,0,0.23041177,1.18315868,2.61525702,-36.84382705,-49.42498913,-76.72163953,95121.26034,480304.41,43:23.8,High Risk
29443,Q Protocol,QGOV,FALSE,287727658.5,1018617984, ,2024-07-23T13:08:30.000Z,2900,0.000330218,0,0,0,0,-1.19312129,0.4817665,-4.93486801,-20.44590738,-32.96378845,95012.80374,336365.82,43:23.8,Low Risk
18978,Itheum,ITHEUM,FALSE,486440336,850000000,1000000000,2022-04-30T16:14:46.000Z,2901,0.000193739,1.33140775,0,1.33140775,0.8195382,2.2561785,6.29693761,-24.86037883,-30.13191662,-30.99606792,94242.28016,193738.62,43:23.8,High Risk
8874,DAFI Protocol,DAFI,FALSE,1138957714,2250000000,2250000000,2021-03-18T00:00:00.000Z,2902,8.25E-05,0,0,0,0,0,-3.44093829,-23.36204196,-23.36204196,-27.2346351,93911.53929,185521.34,43:23.8,High Risk
6891,Niftyx Protocol,SHROOM,FALSE,51386058,65557424,65557424,2020-09-04T00:00:00.000Z,2903,0.001824132,0,0,0,0,3.19392279,5.78501841,-20.51761842,-26.89915341,-28.07901989,93734.93063,119585.37,43:23.8,High Risk
36168,MOSS AI,MOSS,FALSE,908723727.4,908723727.4,1000000000,2025-03-31T07:15:45.000Z,2904,0.000103134,53812.33869,53756.30156,56.03712689,0.67201159,3.94488783,-2.76107725,-11.44417193,-12.98011668,-21.81222186,93719.94018,103133.59,43:23.8,Medium Risk
20013,Renewable Energy Token,RET,FALSE,2.01E+16,5.00E+16,5.00E+16,2022-05-07T11:33:25.000Z,2905,4.65E-12,7526.088151,7526.088151,0,-0.12737601,-1.53711709,-0.82742504,-17.49962087,-26.96637453,-33.39644427,93568.03221,232551.46,43:23.8,Medium Risk
35147,$TRUST ME BROs by Virtuals,TRUST,FALSE,996682769.8,996782769.8, ,2025-01-10T03:11:04.000Z,2906,9.33E-05,0,0,0,0,-2.28611156,8.60730463,-15.21714365,-17.91328352,-33.60214522,92944.46115,92953.79,43:23.8,High Risk
12649,Alanyaspor Fan Token,ALA,FALSE,2299849,3000000,3000000,2021-10-12T08:57:06.000Z,2907,0.040325822,1233.479921,492.7200921,740.7598288,0.23598254,-2.70412132,-12.97315876,4.64131956,7.95553739,5.03701707,92743.30137,120977.47,43:23.8,Medium Risk
32618,Wrapped Dog,WDOG,FALSE,999998439,999998439,999998439,2024-08-10T10:22:33.000Z,2908,9.23E-05,0,0,0,0,0,5.93720932,-19.68007724,-24.35638129,-31.9326542,92321.49321,92321.49,43:23.8,High Risk
28018,Epiko,EPIKO,FALSE,174525607.5,300000000,300000000,2023-09-12T06:03:24.000Z,2909,0.000525843,33244.34478,33244.34478,0,-0.18391698,8.9998819,0.40074331,-22.64019681,-39.48719209,-68.39296149,91773.04596,157752.86,43:23.8,High Risk
8882,Alliance Fan Token,ALL,FALSE,3076011,5000000,5000000,2021-03-18T00:00:00.000Z,2910,0.029841268,0,0,0,0,5.59997928,-7.58701956,-20.94577329,-10.91655811,3.61741497,91792.06873,149206.34,43:23.8,High Risk
39785,Quantum Computing Tokenized Stock (Ondo),QUBTon,FALSE,8191.432201,8191.432201, ,2026-03-24T02:56:12.000Z,2911,11.06759709,1353.279018,0,1353.279018,-0.00512891,6.05253065,4.97856728,5.34744531,19.96446478,53.74561083,90659.4712,90659.47,43:23.8,Medium Risk
12416,PulsePad,PLSPAD,FALSE,165717873,4989493252,5000000000,2021-11-10T15:00:24.000Z,2912,0.000546963,2502.160326,1970.213627,531.9466988,-0.45284668,-9.51229268,-8.78832633,-26.3600501,30.4012672,94.14186155,90641.54244,2734814.92,43:23.8,High Risk
8603,Bitune,TUNE,FALSE,31301449,100000000,100000000,2021-02-27T00:00:00.000Z,2913,0.002890444,1072.995423,1072.995423,0,0.002605,0.6932859,0.8573219,-2.09884197,3.89134119,15.61650174,90475.0728,289044.36,43:23.8,Low Risk
30089,Koala AI,KOKO,FALSE,9.11038E+12,9.94694E+12,9.94694E+12,2024-03-25T05:26:09.000Z,2914,9.85E-09,0,0,0,0,3.82504755,20.75965474,-24.45890708,-45.65852583,-41.73007315,89697.90866,97934.36,43:23.8,High Risk
32183,Matt Furie,MATT,FALSE,4.2069E+11,4.2069E+11, ,2024-07-11T08:17:02.000Z,2915,2.12E-07,0,0,0,0,3.23972702,0.71409462,-33.74413062,-30.64781394,-42.49803994,89142.55425,89142.55,43:23.8,High Risk
7636,Team Heretics Fan Token,TH,FALSE,2642952,5000000,5000000,2020-11-10T00:00:00.000Z,2916,0.03353604,0,0,0,0,0.62994521,-22.35349503,-25.13650465,-15.72696382,-15.72696382,88634.14297,167680.2,43:23.8,High Risk
17010,Step®,STEP,FALSE,981505922.7,981505922.7,1000000000,2022-01-08T02:10:08.000Z,2917,9.03E-05,0,0,0,0,0.33138091,2.52130114,-8.82381617,-19.97836313,-26.34133814,88596.27392,90265.65,43:23.8,Medium Risk
39271,NextEra Energy Tokenized Stock (Ondo),NEEon,FALSE,1015.687967,1015.687967, ,2026-01-08T15:44:17.000Z,2918,86.86566641,114580.4257,98285.9418,16294.48389,0.08254759,0.3826226,2.46740245,-7.39523615,-5.828796,-6.59830721,88228.41214,88228.41,43:23.8,Medium Risk
33195,Pesto the Baby King Penguin,PESTO,FALSE,1000000000,1000000000,1000000000,2024-09-27T08:22:34.000Z,2919,8.80E-05,0,0,0,0,3.14976374,23.04601306,-9.27843773,-5.26836997,-12.57579666,87966.31979,87966.32,43:23.8,High Risk
35891,XO Protocol,XOXO,FALSE,718452933,2000000000,2000000000,2025-02-26T07:57:08.000Z,2920,0.000121705,48462.55716,48035.79368,426.7634787,-5.43305456,-31.92926294,89.86003287,8.70301481,74.84765555,24.31306972,87439.32393,243410.03,43:23.8,High Risk
31881,Laika AI,LKI,FALSE,428234948.5,1000000000,1000000000,2024-06-18T07:58:30.000Z,2921,0.000204765,91099.55991,91099.55991,0,0.00110085,0.67752774,3.98471397,-9.72660782,-19.9752836,-49.27019401,87687.39835,204764.69,43:23.8,Medium Risk
5614,Zelwin,ZLW,FALSE,72331834.17,300000000,300000000,2020-05-21T00:00:00.000Z,2922,0.001206231,11247.10337,11247.10337,0,0.07040766,0.42545458,0.32661316,1.82612391,4.45260884,-1.33037433,87248.91222,361869.35,43:23.8,Low Risk
16882,Magic Square,SQR,FALSE,561788808.3,949675236.9,1000000000,2022-01-05T10:35:41.000Z,2923,0.000155126,42650.48285,42650.48285,0,0.21162715,-1.39055716,-10.19033521,-19.6303631,-35.68625551,-51.21458392,87148.30641,155126.46,43:23.8,High Risk
24533,APED,APED,FALSE,974493,1000000,1000000,2023-04-19T07:50:56.000Z,2924,0.089333147,0,0,0,0,6.70706738,0.64607614,-22.76841866,-7.21777746,-5.59633735,87054.52647,89333.15,43:23.8,High Risk
36292,Dark Eclipse,DARK,FALSE,999957849,999957849,999957849,2025-04-17T11:50:37.000Z,2925,8.67E-05,0,0,0,9.86E-05,5.51106762,8.76787719,-25.47021085,-39.92474692,-79.27543368,86719.23068,86719.23,43:23.8,High Risk
39235,Caterpillar Tokenized Stock (Ondo),CATon,FALSE,91.96978233,91.96978233, ,2026-01-08T15:44:33.000Z,2926,935.7369014,763183.6575,761344.7394,1838.918185,-0.02595147,0.20087608,1.85224664,6.39658782,21.2446817,31.64358982,86059.51914,86059.52,43:23.8,Low Risk
34347,BIG,BIG,FALSE,1000000000,1000000000,1000000000,2024-12-02T07:20:12.000Z,2927,8.59E-05,60126.98995,60126.98995,0,-1.1573135,38.73197096,48.26778532,-5.51446607,-12.31133613,-77.50103961,85947.04408,85947.04,43:23.8,High Risk
32524,Ginnan The Cat,GINNAN,FALSE,6.9E+12,6.9E+12,6.9E+12,2024-08-02T04:03:50.000Z,2928,1.24E-08,213.3575772,0,213.3575772,1.28876186,5.69588624,8.22277167,-21.77195521,-24.11594143,-39.76884535,85324.19777,85324.2,43:23.8,High Risk
38834,Dino Tycoon,TYCOON,FALSE,218825336,1000000000,1000000000,2025-10-30T04:40:38.000Z,2929,0.000390082,149358.4807,149358.4807,0,3.68980067,-21.75212879,-2.17420472,-82.76728794,-81.07131188,-83.8722087,85359.72978,390081.57,43:23.8,High Risk
29855,The First Youtube Cat,PAJAMAS,FALSE,979915056.9,1000000000, ,2024-03-14T08:28:45.000Z,2930,8.68E-05,7.18395303,0,7.18395303,0.87220033,4.48450505,1.58050916,-21.24811338,-14.52020852,-23.75435236,85062.81362,86806.31,43:23.8,High Risk
5423,DSLA Protocol,DSLA,FALSE,5491802966,5709763023,5831304407,2020-04-09T00:00:00.000Z,2931,1.55E-05,0,0,0,0,-0.57835669,30.83961865,-27.86915338,-60.75419591,-51.73294124,84988.03801,90241.97,43:23.8,High Risk
9691,Venus Reward Token,VRT,FALSE,21999981080,30000000000, ,2021-05-11T00:00:00.000Z,2932,3.86E-06,0,0,0,0,0.51622616,2.87102173,-11.3647645,-6.94250972,-6.63851035,84932.33889,115816.93,43:23.8,Medium Risk
13727,Shiryo,SHIRYO,FALSE,9.82E+17,9.82E+17,1.00E+18,2021-11-02T03:34:29.000Z,2933,8.64E-14,0,0,0,-5.30E-06,9.3724046,8.85768898,-17.57698711,-41.74717751,-43.32859413,84829.4987,86397.62,43:23.8,High Risk
38137,Hypr,HYPR,FALSE,700000000,1000000000,1000000000,2025-08-19T16:08:42.000Z,2934,0.000120899,0,0,0,0,2.73278048,10.2850818,-19.18697479,-41.0310029,-64.95012062,84629.17514,120898.82,43:23.8,High Risk
10040,Wall Street Games (old),WSG,FALSE,9.40535E+14,9.99785E+14,9.99785E+14,2021-05-24T00:00:00.000Z,2935,8.99E-11,0,0,0,0.00152963,-0.01222442,2.0592972,-7.97947862,-2.84436552,-23.62743512,84561.80152,89888.84,43:23.8,Medium Risk
31154,GALAXIS Token,GALAXIS,FALSE,3693648072,6672726724,10000000000,2024-05-10T10:34:50.000Z,2936,2.29E-05,0,0,0,0,-0.20898356,-0.26334159,-4.48109365,-19.06900537,-60.24374782,84487.32838,228736.81,43:23.8,Low Risk
34079,Eliza (ai16zeliza),ELIZA,FALSE,961051957,961051957,1000000000,2024-11-19T13:38:20.000Z,2937,8.79E-05,0,0,0,0,3.79322717,12.33448508,-19.4533576,-11.01082138,-6.65253881,84484.32374,87908.18,43:23.8,High Risk
7552,Hyve,HYVE,FALSE,74425673.57,100000000,100000000,2020-10-30T00:00:00.000Z,2938,0.0011296,0,0,0,0,0.51134662,-67.54252332,-79.4781617,238.9441184,160.7753294,84071.25403,112960.02,43:23.8,High Risk
14389,Sator,SAO,FALSE,54913292,500000000, ,2021-11-12T04:08:34.000Z,2939,0.001530547,2255.345417,2255.345417,0,-0.19498806,18.69061329,6.9173188,-17.47217791,336.0054753,702.5522723,84047.39137,765273.66,43:23.8,High Risk
33041,AgentLayer,AGENT,FALSE,924870086.1,998003801.6,1000000000,2024-09-17T05:00:19.000Z,2940,9.06E-05,0,0,0,0,0.551993,1.56512985,-2.01779024,26.55146866,-58.53155572,83804.29034,90611.96,43:23.8,Low Risk
36881,Vibe Cat (Jupiter Studio),VIBE,FALSE,79974089.55,99998502.54,99998502.54,2025-06-20T12:04:37.000Z,2941,0.001036151,0,0,0,0,-0.00386901,-2.02708865,-1.64529232,-5.70610508,-5.90364798,82865.24944,103613.57,43:23.8,Low Risk
31036,Carlo,CARLO,FALSE,926931816,1000000000,1000000000,2024-05-02T12:04:37.000Z,2942,8.93E-05,0,0,0,0,1.80019153,-22.25644585,-54.36689724,-54.5247386,-56.10884597,82767.99794,89292.43,43:23.8,High Risk
4777,Azbit,AZ,FALSE,69750302117,69750302117,69750302117,2019-10-13T00:00:00.000Z,2943,1.18E-06,0,0,0,0,-1.7489388,3.31063411,9.27505866,-25.72964819,-31.90215927,82531.10997,82531.11,43:23.8,Medium Risk
31165,MetalCore,MCG,FALSE,434323209.5,434323209.5,3000000000,2024-05-10T04:04:38.000Z,2944,0.000189802,0,0,0,0.1346297,0.29833632,2.20548959,2.39328709,-0.19279517,-0.97485539,82435.36382,569405.65,43:23.8,Low Risk
33287,littlemanyu,MANYU,FALSE,999317907,999317907,1000000000,2024-10-03T09:11:44.000Z,2945,8.24E-05,34.26336308,0,34.26336308,2.17197369,5.67272672,14.21384901,-17.56697531,-13.45513604,-26.04292108,82379.91269,82436.14,43:23.8,High Risk
18208,Kunci Coin,KUNCI,FALSE,1232584338,3999999979,39999999999,2022-02-21T05:21:21.000Z,2946,6.67E-05,0,0,0,0,-76.15409777,-76.16009043,-39.93337915,-39.25440676,-48.87871914,82230.97332,2668571.09,43:23.8,High Risk
26386,BitCone,CONE,FALSE,5.62112E+11,6.08E+11,6.08E+11,2023-05-31T01:48:12.000Z,2947,1.46E-07,0,0,0,0,1.3499179,-24.01115035,-21.72165255,-32.1646995,-39.10893502,81912.72326,88599.63,43:23.8,High Risk
7048,Wing Finance,WING,FALSE,6815126.05,7638124.87,10000000,2020-09-16T00:00:00.000Z,2948,0.012018796,4770.999617,4770.999617,0,-0.32365879,1.52066728,-19.69887601,-57.39084628,-69.36274596,-81.39289052,81909.6117,120187.96,43:23.8,High Risk
36826,Redbrick,BRIC,FALSE,235108500,1000000000,1000000000,2025-06-13T14:32:52.000Z,2950,0.000348,27943.84519,27682.43818,261.4070115,0.11914054,3.10904997,-14.35058301,6.43874158,8.87450557,-42.25988354,81817.74865,347999.96,43:23.8,Medium Risk
6669,PowerPool,CVP,FALSE,45222001.15,100000000, ,2020-08-21T00:00:00.000Z,2949,0.001809012,0,0,0,0,2.87322313,6.16894112,158.5256841,-26.39758399,-27.62952432,81807.13956,180901.19,43:23.8,High Risk
2289,Gifto,GFT,FALSE,2238551373,2239975052, ,2017-12-18T00:00:00.000Z,2951,3.64E-05,0,0,0,0,11.70744988,9.22331089,-9.70463876,98.42272056,55.54983297,81583.78906,81635.67,43:23.8,High Risk
39678,ARSe Digital,ARSE,TRUE,122731869.4,122731869.4, ,2026-03-11T11:00:03.000Z,2952,0.000662759,0,0,0,0,0.11906418,0.0976989,-1.89428011,-2.91309026,-3.60100773,81341.61344,81341.61,43:23.8,Low Risk
11206,Bloktopia,BLOK,FALSE,24792088581,1.16929E+11, ,2021-08-09T00:00:00.000Z,2953,3.27E-06,174.877024,0,174.877024,0.84600461,-24.82986368,-21.82272368,-58.82415609,-54.40508096,-29.70038588,81029.35362,382166.8,43:23.8,High Risk
37754,Looby By Stephen Bliss,LOOBY,FALSE,952947266,999929658,999999998,2025-08-13T13:06:52.000Z,2954,8.45E-05,0,0,0,0,3.69571428,-4.06213922,-43.79814009,-42.08883714,-42.73223699,80516.15461,84491.72,43:23.8,High Risk
38346,Pandu Pandas,PANDU,FALSE,99999377352,99999377352,99999377352,2025-09-10T08:51:04.000Z,2955,8.03E-07,5263.32813,0,5263.32813,3.93329413,5.85326512,5.17488282,-37.62862493,-49.11756208,-84.54871598,80348.45019,80348.45,43:23.8,High Risk
8549,Polkacity,POLC,FALSE,190025935,432525934.8,432525934.8,2021-02-22T00:00:00.000Z,2956,0.00042274,51295.07896,51295.07896,0,2.17522165,-0.9036517,-6.66023661,-52.53285807,-57.03347407,-54.47843485,80331.4746,182845.81,43:23.8,High Risk
37122,RefundYourSOL,RYS,FALSE,984625096,984625096,984625096,2025-07-03T07:54:26.000Z,2957,8.13E-05,2659.553736,0,2659.553736,0.82033305,3.11749319,68.63799308,-74.49166543,-78.33720395,-80.28548252,80012.25561,80012.26,43:23.8,High Risk
13953,Scotty Beam,SCOTTY,FALSE,460665809,750000000,750000000,2021-11-05T08:59:18.000Z,2958,0.000172986,0,0,0,-0.01237832,0.01167266,0.18933456,-8.97221756,-11.88649863,-14.15557489,79688.64411,129739.35,43:23.8,Low Risk
32583,NeurochainAI,NCN,FALSE,938862549,2674191549,2674191549,2024-08-09T06:43:53.000Z,2959,8.45E-05,4676.183816,4676.183816,0,2.43123853,-3.37275042,21.0080463,8.85852696,17.69805282,8.22629988,79300.72646,225874.74,43:23.8,High Risk
3935,SparkPoint,SRK,FALSE,13007597452,13019612245,20000000000,2019-05-14T00:00:00.000Z,2960,6.08E-06,0,0,0,0,1.13297565,5.02838341,-42.51680368,-52.87336835,-55.41147886,79125.64372,121660.66,43:23.8,High Risk
34984,Lou,LOU,FALSE,999947666.3,999947666.3, ,2025-01-02T06:18:54.000Z,2961,7.91E-05,56.25327405,0,56.25327405,2.79269212,6.4576589,16.08372434,-23.38502178,-17.90688294,-35.65250923,79076.18533,79076.19,43:23.8,High Risk
15858,Galaxy Fight Club,GCOIN,FALSE,14384463,150000000,150000000,2021-12-09T09:48:40.000Z,2962,0.005495223,1617.626799,1617.626799,0,0.01552431,3.80408815,-0.65266304,9.44724843,81.44221988,536.2828725,79045.83839,824283.52,43:23.8,Medium Risk
37312,Startup,STARTUP,FALSE,990108146.9,990108146.9,1000000000,2025-07-11T05:44:13.000Z,2963,7.95E-05,0,0,0,-0.0009753,1.86561303,2.11783432,-10.17230029,20.13927468,72.67887978,78698.39536,79484.65,43:23.8,Medium Risk
5931,Darwinia Commitment Token,KTON,FALSE,51314,106733, ,2020-07-28T00:00:00.000Z,2964,1.529070846,255.7987915,255.7987915,0,1.12622977,1.41329462,3.71740815,-1.12247218,-4.20318076,-17.402975,78462.7414,163202.32,43:23.8,Low Risk
12140,RMRK,RMRK,FALSE,9090948.687,10000000,10000000,2021-09-25T07:30:41.000Z,2965,0.008614475,0,0,0,0,1.05930807,-31.50363385,-29.61921751,-73.47345433,-76.13887141,78313.75099,86144.75,43:23.8,High Risk
39171,SHISA,SHISA,FALSE,923012796.9,1000000000,1000000000,2025-12-24T15:49:32.000Z,2966,8.46E-05,766.6961997,0,766.6961997,0.20221613,1.84306014,-17.09738356,-33.07963563,-45.14521575,-77.28743504,78049.7384,84559.76,43:23.8,High Risk
39281,Figure Technology Solutions Tokenized Stock (Ondo),FIGRon,FALSE,2701.008134,2701.008134, ,2026-01-08T15:44:38.000Z,2967,28.93415186,5506.638519,0,5506.638519,-0.00512891,3.64254963,3.80347008,-33.08577742,-18.92309046,-15.91183108,78151.37953,78151.38,43:23.8,High Risk
38520,Qpay,QPAY,FALSE,1000000000,1000000000,1000000000,2025-09-29T10:08:24.000Z,2968,7.81E-05,0,0,0,0,4.00797745,-3.64573695,33.94332252,10.89915134,20.74990719,78138.56334,78138.56,43:23.8,High Risk
39756,Freeport-McMoRan Tokenized Stock (Ondo),FCXon,FALSE,1117.914355,1117.914355, ,2026-03-24T02:56:21.000Z,2969,69.89028942,720679.2025,720213.7975,465.4049613,-0.16572768,-1.62845418,8.7619148,10.5474015,2.8398661,29.40188312,78131.35783,78131.36,43:23.8,Medium Risk
11815,Ethernity CLOUD,ECLD,FALSE,459467749,1000000000, ,2021-09-10T21:45:58.000Z,2970,0.00016955,0,0,0,0,0,-8.63628359,-40.8210756,-41.88047686,-33.36782441,77902.91891,169550.35,43:23.8,High Risk
39786,Uranium Energy Tokenized Stock (Ondo),UECon,FALSE,6512.733305,6512.733305, ,2026-03-24T02:56:17.000Z,2971,11.90660908,20978.8293,0,20978.8293,-0.17084963,2.54895705,-7.78797288,-12.93706774,-21.82464389,-4.78041774,77544.56951,77544.57,43:23.8,Medium Risk
32205,rocky,ROCKY,FALSE,1000000000,1000000000,1000000000,2024-07-12T14:19:22.000Z,2972,7.75E-05,0,0,0,0,13.98099107,20.30850793,-8.77521234,-10.65560212,-25.73709906,77534.38562,77534.39,43:23.8,High Risk
31391,dog with apple in mouth,APPLE,FALSE,999979085,999979085, ,2024-05-23T08:31:57.000Z,2973,7.74E-05,54781.36945,54781.36945,0,-0.01072355,3.58948731,2.68244022,-22.7602561,-25.11251043,-27.01092836,77368.64507,77368.65,43:23.8,High Risk
30071,Milady Wif Hat,LADYF,FALSE,2.49993E+11,9.99993E+11, ,2024-03-22T09:31:59.000Z,2974,3.08E-07,0,0,0,0,0,-1.11035609,-26.66704368,-12.84361058,1.86446466,76947.55929,307797.1,43:23.8,High Risk
30645,Powsche,POWSCHE,FALSE,95049634,99887304.13,99887304.13,2024-04-15T09:16:55.000Z,2975,0.000809013,315.1310892,0,315.1310892,1.67358349,3.5917922,5.40718171,-38.60554738,-48.6899887,-60.79179799,76896.34781,80810.08,43:23.8,High Risk
27704,X,X,FALSE,9.38568E+11,9.60444E+11,9.6062E+11,2023-07-28T07:55:30.000Z,2976,8.18E-08,0,0,0,0,4.06373809,-0.1347121,-23.38113188,-23.7292719,-27.20029082,76818.57872,78623.47,43:23.8,High Risk
32154,Gondola,GONDOLA,FALSE,4.08529E+11,4.2069E+11, ,2024-07-09T07:06:59.000Z,2977,1.88E-07,0,0,0,0,3.64660327,-23.44210435,-57.59996532,-44.16194818,-45.02827995,76692.35233,78975.32,43:23.8,High Risk
37520,AI⁴ | Recursive Superintelligence,AI4,FALSE,1000000000,1000000000,1000000000,2025-07-28T11:42:19.000Z,2978,7.66E-05,371771.8577,371771.8577,0,1.45610366,2.32740518,4.30185944,-12.68283624,-3.95423971,-15.34057031,76617.6035,76617.6,43:23.8,Medium Risk
30119,DOGWIFHOOD,WIF,FALSE,998920173,998920173,998920173,2024-03-26T05:42:40.000Z,2979,7.59E-05,0,0,0,0,-3.26609455,-1.46505099,-23.59792568,29.8209954,36.07378621,75800.95053,75800.95,43:23.8,High Risk
35559,henlo,HENLO,FALSE,1.995E+14,2.1E+14, ,2025-01-31T08:35:49.000Z,2980,3.77E-10,0,0,0,0,2.90748486,18.98865643,-11.51408985,-23.32367213,-24.07312186,75233.04229,79192.68,43:23.8,High Risk
5794,pNetwork,PNT,FALSE,89249859.6,104360012, ,2020-07-01T00:00:00.000Z,2981,0.000842076,0,0,0,0,5.91010488,72.54839833,62.42095146,62.42095146,62.42095146,75155.16401,87879.06,43:23.8,High Risk
9461,X World Games,XWG,FALSE,3418397436,9938481614,10000000000,2021-04-27T00:00:00.000Z,2982,2.20E-05,0,0,0,0,-3.37855039,-6.26921159,-34.64340802,-39.98535701,-60.8971426,75036.97324,219509.21,43:23.8,High Risk
39256,Rivian Automotive Tokenized Stock (Ondo),RIVNon,FALSE,4481.936439,4481.936439, ,2026-01-08T15:44:34.000Z,2983,16.67084347,1193754.619,1192729.362,1025.256884,0.76206323,-2.03592854,-2.02539821,19.26919917,-1.82251482,4.74387393,74717.66079,74717.66,43:23.8,Medium Risk
4134,Kaon,KAON,FALSE,4436209630,15000000000,15000000000,2019-07-19T00:00:00.000Z,2984,1.68E-05,1969.701342,1903.599012,66.10233033,-0.54352953,-4.41038023,-19.45762468,-11.3448452,-49.49342891,-50.9878346,74532.8837,252015.43,43:23.8,High Risk
29750,HotKeySwap,HOTKEY,FALSE,94692868.96,94991135.6,100000000,2024-03-11T09:16:09.000Z,2985,0.000786821,0,0,0,0,2.80874296,-99.71986333,-99.77576256,-32.42263679,-43.95581416,74506.30325,78682.06,43:23.8,High Risk
6470,Hiblocks,HIBS,FALSE,10086444804,19970843711,20000000000,2020-08-10T00:00:00.000Z,2986,7.37E-06,7258.238607,7258.238607,0,0.08847214,0.06942513,34.18392356,-11.72478819,11.91682203,-8.40239772,74331.17652,147388.26,43:23.8,High Risk
6218,Arcona,ARCONA,FALSE,22284170,22284170, ,2020-08-05T00:00:00.000Z,2987,0.003333948,3.75362801,0,3.75362801,0.95510177,1.75669296,-19.06207397,-42.2491225,-38.04084913,-37.74797361,74294.2667,74294.27,43:23.8,High Risk
36641,Broak on Base,BROAK,FALSE,618540783.3,690000000,690000000,2025-05-28T16:47:02.000Z,2988,0.000119945,57967.82584,57967.82584,0,-0.82452225,3.47838459,20.01123189,-33.33697801,-52.59585258,-52.05308238,74190.8033,82761.97,43:23.8,High Risk
3724,SOLVE,SOLVE,FALSE,700125013,1000000000, ,2019-02-04T00:00:00.000Z,2989,0.000105459,0,0,0,0,-4.68079093,-10.7756616,-41.390784,-4.93333465,-18.10778478,73834.29159,105458.73,43:23.8,High Risk
15447,Lyra,LYRA,FALSE,580900604.1,1000000000,1000000000,2021-12-01T07:30:40.000Z,2990,0.000126482,2.89531312,0,2.89531312,0.08051607,1.79591457,2.87900118,-23.55182316,-24.14286829,-27.81501353,73473.38173,126481.85,43:23.8,High Risk
29853,el gato,ELGATO,FALSE,9997471495,9997471496, ,2024-03-14T08:20:13.000Z,2991,7.33E-06,0,0,0,0,3.55050361,10.12973503,-30.95983398,-14.91738107,-46.93184239,73237.22777,73237.23,43:23.8,High Risk
6511,Strong,STRONG,FALSE,138269,523990,528886,2020-08-11T00:00:00.000Z,2992,0.529333398,0,0,0,0,5.52737027,14.23216433,-17.62598594,-29.00398007,-36.95464268,73190.39964,279957.02,43:23.8,High Risk
35614,Mind AI,MA,FALSE,390383333,500000000,500000000,2025-02-05T09:52:54.000Z,2993,0.000185787,1214.191436,1214.191436,0,0.05642771,2.6723826,-2.32287991,-10.21464035,56.50247728,12.72015451,72528.18919,92893.55,43:23.8,Medium Risk
36131,BNB Card,BNB CARD,FALSE,1000000000,1000000000,1000000000,2025-03-26T02:39:41.000Z,2994,7.21E-05,127.6009493,0,127.6009493,0.01592656,-0.04623926,34.11105014,10.05108235,-13.35987029,5.81371942,72091.61612,72091.62,43:23.8,High Risk
12115,Orion Money,ORION,FALSE,95000672.56,1000000000,1000000000,2021-09-24T01:47:22.000Z,2995,0.000758447,925.5473181,925.5473181,0,-0.16533951,3.19455837,3.15342813,-11.9092175,12.41120915,36.99516824,72052.95301,758446.77,43:23.8,Medium Risk
36593,EAGLEBUILDER,E,FALSE,1000000000,1000000000,1000000000,2025-05-25T08:58:23.000Z,2996,7.18E-05,255.333855,0,255.333855,-0.01372892,0.24257073,-2.75910896,-22.48847015,-10.97384098,-28.99636014,71839.97513,71839.98,43:23.8,High Risk
38292,Black Mirror Experience,MIRROR,FALSE,95976750,1000000000,1000000000,2025-09-04T11:16:53.000Z,2997,0.000745376,103810.7129,103019.526,791.1868995,0.61620501,-0.36863205,-11.61192445,-34.61082926,-36.44901901,-38.0149435,71538.75404,745375.88,43:23.8,High Risk
10021,Dogey-Inu,DINU,FALSE,7.31381E+14,9.3565E+14,1E+15,2021-05-23T00:00:00.000Z,2998,9.77E-11,0,0,0,0,4.94682479,-2.84541392,-24.26280041,-14.99004011,-18.04490187,71433.79425,97669.8,43:23.8,High Risk
12240,MARS4,MARS4,FALSE,2483082772,4000000000,4000000000,2021-10-01T07:13:14.000Z,2999,2.87E-05,58952.00561,58952.00561,0,0.10821558,3.37830902,34.53549893,-66.32305203,-67.9257734,-87.54734552,71354.68581,114945.32,43:23.8,High Risk
28882,AIT Protocol,AIT,FALSE,296265670,297593502.8, ,2023-12-29T11:56:44.000Z,3000,0.000239429,0,0,0,0,-19.09011138,-20.63052736,-54.15166551,-34.06484222,-63.04620891,70934.51223,71252.43,43:23.8,High Risk
33584,BOPPY,BOPPY,FALSE,4.2069E+14,4.2069E+14,4.2069E+14,2024-10-23T09:16:55.000Z,3001,1.68E-10,0,0,0,0,0,8.21763223,-33.40778885,-11.83688684,-19.14865206,70838.52023,70838.52,43:23.8,High Risk
35651,Analog,ANLOG,TRUE,1857089402,9057971000, ,2025-02-14T03:58:55.000Z,3002,3.81E-05,376.8289838,162.2813651,214.5476187,-18.09580415,-5.69113618,-44.55021002,-36.49780638,-47.01117569,-64.7406741,70698.4945,344832.57,43:23.8,High Risk
28725,Meme Alliance,MMA,FALSE,87457849,100000000,100000000,2023-12-15T12:35:35.000Z,3003,0.000803085,2.01654748,0,2.01654748,1.39344804,1.95245094,11.16114402,-3.19290235,-28.6848461,-4.40088642,70236.11024,80308.53,43:23.8,Medium Risk
22088,Infinity Games,ING,FALSE,5000000000,5000000000, ,2022-10-06T10:00:00.000Z,3004,1.40E-05,9518.261689,9518.261689,0,0.46031555,3.26325647,61.14565712,204.2385654,260.5717721,275.6123624,70192.34698,70192.35,43:23.8,High Risk
1894,The ChampCoin,TCC,FALSE,50000000,70000000,70000000,2017-08-15T00:00:00.000Z,3005,0.001398998,0,0,0,0,0.00608493,-0.02540303,42.83013188,-26.35954791,-38.75503951,69949.91076,97929.88,43:23.8,High Risk
39221,Intuitive Surgical Tokenized Stock (Ondo),ISRGon,FALSE,167.4557945,167.4557945, ,2026-01-08T15:44:34.000Z,3006,417.67293,866605.4896,866214.4115,391.0781195,0.05542915,1.22771749,-0.8656409,-1.08671269,-8.92920058,-13.4102518,69941.75233,69941.75,43:23.8,Low Risk
38475,Aster Inu,ASTERINU,FALSE,989999899.6,1000000000,1000000000,2025-09-22T09:17:48.000Z,3007,7.06E-05,1084.075546,0,1084.075546,0.84975533,3.35215515,-6.05733389,-10.63773173,23.13298395,-4.86801464,69891.07543,70597.05,43:23.8,Medium Risk
23546,Carbon browser,CSIX,FALSE,396585068,939599261.4, ,2023-02-18T04:04:00.000Z,3008,0.000175938,1988.435714,1282.469236,705.9664781,-0.1650431,15.0304979,43.5534896,64.33075692,-53.64837097,-66.94452301,69774.36745,165311.18,43:23.8,High Risk
10414,Green Shiba Inu [New],GINUX,FALSE,3.57288E+12,5.24596E+12,1E+13,2021-06-14T00:00:00.000Z,3009,1.95E-08,0,0,0,0,0.00116223,0.31384151,-5.09066072,-2.99715963,-12.29390248,69562.65646,194696.31,43:23.8,Low Risk
30838,Star AI,MSTAR,FALSE,603312500,1000000000,1000000000,2024-04-23T09:50:56.000Z,3010,0.00011517,18071.52145,18071.52145,0,0.01128352,0.06476325,-4.25647787,-3.86136944,86.91518563,73.74013029,69483.51021,115170.02,43:23.8,Low Risk
2022,Internxt,INXT,FALSE,1119294,1119294,1119294,2017-10-07T00:00:00.000Z,3011,0.061887721,0,0,0,0,0,0,0,0,0,69270.55474,69270.55,43:23.8,Low Risk
13133,Decentral Games ICE,ICE,FALSE,226662489.9,313384303, ,2021-10-25T05:19:15.000Z,3012,0.000305491,0,0,0,0,-0.99716062,-3.2856439,-3.24173838,-4.17796318,-3.2537309,69243.38889,95736.14,43:23.8,Low Risk
28348,MiraclePlay,MPT,FALSE,1442380114,1771136045,3000000000,2023-11-03T09:18:19.000Z,3013,4.80E-05,0,0,0,0,0,0,1.19132535,-71.68712042,-89.37497933,69183.78797,143895.05,43:23.8,Low Risk
29305,ROD.AI,RODAI,FALSE,5.47991E+13,6.93561E+13,6.942E+13,2024-02-06T15:51:54.000Z,3014,1.26E-09,531.7723471,0,531.7723471,0.99280263,3.96176494,8.32016621,-8.11857054,-16.29231006,-30.64914996,68886.91582,87266.58,43:23.8,Medium Risk
36619,Assisterr AI,ASRR,FALSE,14620000,100000000,100000000,2025-05-30T08:44:37.000Z,3015,0.004708774,10004.83394,7830.118487,2174.71545,0.46563847,4.13945961,-7.31237702,-42.43941172,-48.82444526,-58.73577726,68842.2773,470877.41,43:23.8,High Risk
29574,Ben the Dog,BENDOG,FALSE,999780947.4,999994577.8, ,2024-02-28T11:57:14.000Z,3016,6.88E-05,0,0,0,0,-0.00969129,4.49727248,-14.99743159,-25.31964655,-30.79025807,68745.55869,68760.25,43:23.8,Medium Risk
16996,Pip,PIP,FALSE,540361686.6,950249952.6, ,2022-01-07T09:29:32.000Z,3017,0.000127135,166.2412951,0,166.2412951,0.13726074,16.42295173,15.04528115,-24.41183718,-53.19144588,-51.33017111,68698.91867,120810.09,43:23.8,High Risk
38552,Bitcoin Base,BTC,FALSE,20911183,21000000,21000000,2025-10-02T08:10:36.000Z,3018,0.003273866,0,0,0,0,2.69814924,-10.34475126,-40.28086048,-50.18616984,-67.00251305,68460.41325,68751.19,43:23.8,High Risk
33500,Talent Protocol,TALENT,FALSE,232213345.6,586468256.7,600000000,2024-10-27T23:18:34.000Z,3019,0.000294348,1403.756619,281.3409423,1122.415677,-0.27328798,-3.41648779,-14.59898619,-40.88873743,-50.25171271,-62.736168,68351.52625,176608.78,43:23.8,High Risk
36807,LAMBO,LAMBO,FALSE,10000000000,10000000000,10000000000,2025-06-12T06:46:38.000Z,3020,6.79E-06,0,0,0,0,4.8931969,-1.56334338,-37.97400253,-33.15792643,-44.71535997,67872.07128,67872.07,43:23.8,High Risk
38314,Worlds First Memecoin,LOLCOIN,FALSE,999612857.6,1000000000,1000000000,2025-09-08T08:13:04.000Z,3021,6.78E-05,2308.757765,0,2308.757765,4.13713355,25.67734844,62.5587322,28.14576482,8.14777581,-25.59765514,67814.09353,67840.36,43:23.8,High Risk
35073,neur.sh,NEUR,FALSE,929347419.1,999347419.1, ,2025-01-07T07:02:37.000Z,3022,7.21E-05,0,0,0,0,4.01936572,12.9795639,-13.03053252,-15.55001653,-23.70068681,66983.3139,72028.61,43:23.8,High Risk
33145,Cheems,CHEEMS,FALSE,4.2069E+14,4.2069E+14,4.2069E+14,2024-09-24T07:29:51.000Z,3023,1.59E-10,0,0,0,0,-6.54535413,-16.55703403,-21.49797699,19.84261544,3.16227412,66913.93033,66913.93,43:23.8,High Risk
32227,LET HIM COOK,COOK,FALSE,998888631.8,998888631.8,998888631.8,2024-07-15T06:17:21.000Z,3024,6.69E-05,0,0,0,0,4.98892955,15.22016326,-33.37884818,-39.45600265,-24.76902777,66823.77792,66823.78,43:23.8,High Risk
23411,Real Sociedad Fan Token,RSO,FALSE,2052157,10000000,10000000,2025-05-19T21:33:43.000Z,3025,0.032527647,0,0,0,0,0,-21.36935609,-50.9030239,-47.30773184,-44.6674414,66751.83775,325276.47,43:23.8,High Risk
23707,Honeyland,HXD,FALSE,400473449,976944171, ,2023-03-01T11:34:47.000Z,3026,0.000166326,56.88284057,0,56.88284057,0.23663127,1.14183405,-6.60283543,-7.0765077,94.31170736,-18.00345245,66609.17313,162491.28,43:23.8,Medium Risk
35487,Launch Coin on Believe,LAUNCHCOIN,FALSE,999874290,999874290,1000000000,2025-01-27T06:31:18.000Z,3027,6.66E-05,2309.20656,0,2309.20656,1.77765456,3.14717081,-2.32463915,-23.38372372,5.28956106,-10.22487674,66573.23419,66581.6,43:23.8,High Risk
29658,Blendr Network,BLENDR,FALSE,40057909.37,42000000,42000000,2024-03-06T03:35:43.000Z,3028,0.001651533,0,0,0,0,124.6945222,148.4076129,45.76500255,-17.8280316,38.69220358,66156.93955,69364.37,43:23.8,High Risk
25,Goldcoin,GLC,FALSE,43681422,44050155,72245700,2013-06-14T00:00:00.000Z,3029,0.001499097,2.5837705,2.5837705,0,-0.01000503,9.63891309,-6.27099851,-45.1123689,-63.03247459,-70.99722355,65482.68395,108303.3,43:23.8,High Risk
33433,UNI,UNI,FALSE,1000000000,1000000000,1000000000,2024-10-14T08:04:20.000Z,3030,6.53E-05,0,0,0,0,4.55873102,5.10648968,-6.71627816,10.51447449,31.30276269,65265.58151,65265.58,43:23.8,Medium Risk
34754,FOMO (fomo.fund),FOMO,FALSE,99987000000,99987000000, ,2024-12-19T06:06:52.000Z,3031,6.52E-07,0,0,0,0,8.63645881,14.10078183,-16.13785344,-27.5515944,-68.79787484,65212.69258,65212.69,43:23.8,High Risk
8166,MAPS,MAPS,FALSE,45496728,9999999996, ,2021-02-01T00:00:00.000Z,3032,0.001423424,0,0,0,0,2.36241229,8.47386532,-14.87340061,-16.96264819,6.52493031,64761.13993,14234241.17,43:23.8,High Risk
13216,Ninneko,NINO,FALSE,64904273,200000000,200000000,2021-10-26T01:11:56.000Z,3033,0.000994508,0,0,0,0,-0.82514999,2.14599441,-17.20543894,-25.4113566,-25.40779033,64547.83867,198901.66,43:23.8,Medium Risk
8648,ChainGuardians,CGG,FALSE,61478209,120000000,120000000,2021-03-02T00:00:00.000Z,3034,0.001047095,0,0,0,0,-0.41284957,4.23081831,-3.87158799,1.12290136,-6.05855023,64373.52706,125651.4,43:23.8,Low Risk
30619,Chuck,CHUCK,FALSE,877399618,961144404,1000000000,2024-04-12T11:25:43.000Z,3035,7.31E-05,49703.39876,49703.39876,0,0.13826882,1.54126948,0.26773064,-44.08220314,-45.93292463,-56.56655548,64098.4181,73054.99,43:23.8,High Risk
31878,Spike,SPIKE,FALSE,3.41767E+11,4.2069E+11,4.2069E+11,2024-06-18T07:38:20.000Z,3036,1.86E-07,0,0,0,0,5.14281597,11.89976181,-25.8396117,-11.21761208,26.08131181,63702.64436,78413.32,43:23.8,High Risk
4441,Vectorspace AI,VAIX,FALSE,49875895.48,50000000,150000000,2019-12-04T00:00:00.000Z,3037,0.001268101,0,0,0,0,-10.76322051,-9.77911685,-45.50218825,-52.12031185,-40.37153979,63247.69771,190215.22,43:23.8,High Risk
18531,Wizardia,WZRD,FALSE,140139397,300000000, ,2022-03-03T06:08:06.000Z,3038,0.000450458,13335.00429,13335.00429,0,0.00402995,1.43173509,4.75715935,-16.70523708,13.65458289,15.30826278,63126.96367,135137.51,43:23.8,Medium Risk
34916,Sentio AI,SEN,FALSE,98000000,100000000,100000000,2024-12-27T08:47:26.000Z,3039,0.000640684,0,0,0,0,8.0741895,36.22884997,17.23563478,-0.79178069,-72.49326124,62786.98701,64068.35,43:23.8,High Risk
33841,EYWA,EYWA,FALSE,99914818,1000000000,1000000000,2024-11-07T10:31:18.000Z,3040,0.000627779,125852.0654,125852.0654,0,-0.02907605,-0.3673181,-4.60010243,-12.8905381,-13.98635435,-18.94687813,62724.43937,627779.15,43:23.8,Medium Risk
34209,Sugar Boy,SUGAR,FALSE,976380000,1000000000,1000000000,2024-11-25T09:17:21.000Z,3041,6.41E-05,1845.815527,1845.815527,0,-0.31478665,-0.44925037,-2.89432641,-17.74442176,-18.61802818,-46.02543908,62543.65133,64056.67,43:23.8,Medium Risk
38871,Belong,LONG,FALSE,70966666,750000000,750000000,2025-11-04T02:45:39.000Z,3042,0.000878148,23272.9832,22394.92664,878.0565685,-5.85434282,-10.69930503,-18.36273293,-23.95432219,-37.85034049,-52.71786578,62319.23703,658611.01,43:23.8,High Risk
29170,BeFi Labs,BEFI,FALSE,77644648,210000000,210000000,2024-03-25T04:46:07.000Z,3043,0.000799607,3095.367077,3095.367077,0,0.48885255,-3.43349716,-32.51882493,-39.46143991,-32.50293107,-38.45823957,62085.19267,167917.44,43:23.8,High Risk
32854,Self Chain,SLF,FALSE,167000000,336000000, ,2024-08-30T07:47:08.000Z,3044,0.00037127,0,0,0,0,0,0,-12.05422539,-3.44704661,-24.97721464,62002.17277,124746.89,43:23.8,Medium Risk
9654,CryptoBlades,SKILL,FALSE,798075.1589,1000000,1000000,2021-05-09T00:00:00.000Z,3045,0.077676475,0,0,0,0,2.30543846,4.99971955,0.92405665,-0.53875081,-7.95209763,61991.66502,77676.47,43:23.8,Low Risk
8884,İstanbul Başakşehir Fan Token,IBFK,FALSE,1657326,3000000,3000000,2021-03-18T00:00:00.000Z,3046,0.037217829,0,0,0,0,-2.8139947,-11.26212354,-20.79549642,-20.22703104,-17.7977402,61682.07556,111653.49,43:23.8,High Risk
31982,Draggy,DRAGGY,FALSE,4.04489E+14,4.2069E+14,4.2069E+14,2024-06-25T11:36:51.000Z,3047,1.52E-10,0,0,0,0,2.74430337,4.21021183,-32.07280165,-17.45442067,-15.13301848,61675.2111,64145.56,43:23.8,High Risk
39875,XERO,XERO,FALSE,1000000000,1000000000,1000000000,2026-04-17T14:06:33.000Z,3048,6.16E-05,4.46532409,0,4.46532409,2.25428317,3.32378653,12.5705366,-59.88999889,-97.04260618,46.01064108,61620.74723,61620.75,43:23.8,High Risk
36090,Bubb,BUBB,FALSE,1000000000,1000000000,1000000000,2025-03-21T07:15:39.000Z,3049,6.11E-05,0,0,0,0,-1.25632165,-13.1179514,1.37354943,-75.86151974,-84.16725268,61062.81593,61062.82,43:23.8,Medium Risk
32211,WELL3,$WELL,FALSE,4116089000,42000000000,42000000000,2024-07-14T08:45:50.000Z,3050,1.48E-05,285.9296204,285.9296204,0,0.00703319,-0.37598807,-0.21073359,-0.29899055,35.40542225,34.30427089,60756.81643,619954.11,43:23.8,Low Risk
38277,Gata,GATA,FALSE,112241585,1000000000,1000000000,2025-09-03T11:30:28.000Z,3051,0.000540653,165380.8571,165380.8571,0,1.46236364,0.07824898,1.14300379,-39.47015626,-72.8809363,-74.64255549,60683.79878,540653.44,43:23.8,High Risk
35163,BOTIFY,BOTIFY,FALSE,999595869.9,999595869.9, ,2025-01-10T09:09:44.000Z,3052,6.06E-05,3142.399956,0,3142.399956,1.31568373,30.93034626,31.87790117,-9.19332004,-30.45919865,-43.32219154,60544.56598,60544.57,43:23.8,High Risk
7349,Centaur,CNTR,FALSE,4928458333,6000000000,6000000000,2020-10-09T00:00:00.000Z,3053,1.23E-05,0,0,0,0,0,4.49163611,-17.89175183,22.9818694,22.01203081,60508.98154,73664.8,43:23.8,Medium Risk
23917,Vyvo Coin,VSC,FALSE,941351172,19604298924,20014165805,2023-10-06T08:34:52.000Z,3054,6.42E-05,0,0,0,0,0,-73.11471103,-84.99458832,-86.58267608,-90.50500193,60454.54885,1285330.49,43:23.8,High Risk
21997,Hourglass,WAIT,FALSE,97751977.45,100000000,100000000,2022-09-29T05:26:08.000Z,3055,0.000615687,0,0,0,0,0,5.7985242,-25.62718774,-32.57605981,-32.01661953,60184.59196,61568.67,43:23.8,High Risk
37283,Qubit,QBIT,FALSE,992500000,1000000000,1000000000,2025-07-08T08:56:55.000Z,3056,5.99E-05,0,0,0,0,7.68551429,7.78128743,-86.22094304,-90.57766064,-89.45923099,59480.07757,59929.55,43:23.8,High Risk
28570,CZ THE GOAT,CZGOAT,FALSE,1000000000,1000000000,1000000000,2023-12-04T03:12:34.000Z,3057,5.94E-05,0,0,0,0,-0.79424007,2.21234135,-15.64270114,-24.28509133,-34.95600651,59435.71639,59435.72,43:23.8,Medium Risk
8329,PAID,PAID,FALSE,542833217.3,589686914.6,594717456,2021-01-26T00:00:00.000Z,3058,0.000109105,0,0,0,0,0,3.30554078,24.86257757,1.36785227,58.5588939,59225.81309,64886.64,43:23.8,High Risk
39277,Moderna Tokenized Stock (Ondo),MRNAon,FALSE,1143.206012,1143.206012, ,2026-01-08T15:44:19.000Z,3059,51.74370789,609939.5209,604321.5555,5617.965398,0.16202427,2.24548294,8.32154201,6.48097992,-5.52861234,-4.98289571,59153.71792,59153.72,43:23.8,Medium Risk
35101,Locked Money,LMY,FALSE,602454732,10000000000, ,2025-01-08T04:49:35.000Z,3060,9.79E-05,1321.454264,0,1321.454264,-0.79360904,1.3471206,1.60073043,-35.64732782,-53.68506319,-60.72320136,58957.15982,978615.6,43:23.8,High Risk
39295,RTX Tokenized Stock (Ondo),RTXon,FALSE,317.3727604,317.3727604, ,2026-01-08T15:44:38.000Z,3061,183.9550057,857010.6357,856574.6514,435.9842421,-0.80866551,-0.23066338,1.87257016,5.14399714,-6.0293795,-8.77592411,58382.30794,58382.31,43:23.8,Low Risk
8365,Seascape Crowns,CWS,FALSE,7645850,7645850,10000000,2021-01-31T00:00:00.000Z,3062,0.007620941,10584.02978,10584.02978,0,-0.40934082,2.78769269,-13.02530595,-16.26235634,-33.88151616,-68.46263816,58268.57499,76209.41,43:23.8,High Risk
39900,Mystery (MysteryRiderEth),MYSTERY,FALSE,4.2069E+14,4.2069E+14,4.2069E+14,2026-04-23T04:48:05.000Z,3063,1.38E-10,4169.259022,0,4169.259022,-0.23008148,-2.05117636,-44.95189588,-44.51334978,1551.90647,1551.90647,58254.89818,58254.9,43:23.8,High Risk
39225,BigBear.ai Holdings Tokenized Stock (Ondo),BBAIon,FALSE,14237.47112,14237.47112, ,2026-01-08T15:44:30.000Z,3064,4.064790557,809335.0229,806053.2222,3281.800678,-0.0862911,-2.64454262,-6.38797558,-0.45931688,6.97595055,1.42684611,57872.33816,57872.34,43:23.8,Low Risk
12137,NFTrade,NFTD,FALSE,32741175,135000000,135000000,2021-09-24T13:53:46.000Z,3065,0.001764393,0.07253938,0,0.07253938,0.61690272,-0.03858716,0.98517862,0.21764899,0.17036216,0.09735182,57768.30603,238193.08,43:23.8,Low Risk
34777,XYZVerse,XYZ,FALSE,4472585189,11522777000,11522777000,2026-01-30T05:36:21.000Z,3066,1.29E-05,0,0,0,-0.00043326,20.73443805,-24.0627496,-81.75886397,-84.83900451,-88.57270521,57734.95838,148743.29,43:23.8,High Risk
12203,Defina Finance,FINA,FALSE,97712962.2,100345383,100345383,2021-10-12T15:59:59.000Z,3067,0.000590611,0,0,0,0,-0.62437194,-0.52667643,-4.17744018,-5.68800865,-5.99653724,57710.31511,59265.05,43:23.8,Low Risk
8704,Playcent,PCNT,FALSE,36712871.22,60000000,60000000,2021-03-06T00:00:00.000Z,3068,0.001570556,0,0,0,0,0,0,-16.50657034,-24.30253839,-24.30253839,57659.60399,94233.33,43:23.8,Medium Risk
34570,Tree Stuck in Cat,TREEINCAT,FALSE,877796155.5,989722698.4,1000000000,2024-12-12T09:11:19.000Z,3069,6.54E-05,4.31525932,0,4.31525932,-0.93237322,5.4294414,75.27820695,102.921216,102.2973725,101.9357901,57432.58298,65428.16,43:23.8,High Risk
35815,Hivello,HVLO,FALSE,1084253187,9986367748,10000000000,2025-02-19T06:46:42.000Z,3070,5.29E-05,50287.07628,50075.09024,211.9860482,0.09618638,0.12938513,-0.57329446,-15.19825917,-32.550517,-39.02447995,57375.38583,529169.63,43:23.8,Medium Risk
33117,WATCoin,WAT,FALSE,12889090910,69696969696,69696969696,2024-09-23T15:21:25.000Z,3071,4.42E-06,19249.8068,19249.8068,0,0.00740072,2.73605135,5.84763716,-4.37554385,-20.16838248,-39.29222737,56979.76854,308114.61,43:23.8,Medium Risk
15463,SIDUS,SIDUS,FALSE,18282824284,18877204652,30000000000,2021-12-15T14:37:58.000Z,3072,3.10E-06,54647.96115,54364.36391,283.5972328,0.00823076,-6.03913968,48.20203838,-85.75480339,-95.74788639,-96.6461447,56679.71037,93004.85,43:23.8,High Risk
37412,Biggie,BIGGIE,FALSE,1E+15,1E+15,1E+15,2025-07-18T07:47:20.000Z,3073,5.66E-11,0,0,0,-1.00E-08,2.96568844,5.54179939,-20.58402083,-19.0785741,-53.49312864,56571.9325,56571.93,43:23.8,High Risk
5079,apM,APM,FALSE,1812500000,1812500000,1812500000,2019-12-27T00:00:00.000Z,3074,3.12E-05,0,0,0,0,0,-47.19647902,-99.09846662,-98.81471016,-98.2674164,56560.08389,56560.08,43:23.8,High Risk
38310,Unstable Tether,USDUT,FALSE,999956727,999956727,999956727,2025-09-08T05:47:00.000Z,3075,5.64E-05,0,0,0,0,2.76251472,1.10591136,-58.03442449,127.2737056,112.6844767,56378.45488,56378.45,43:23.8,High Risk
39632,MoltID,MOLTID,FALSE,1000000000,1000000000,1000000000,2026-02-26T07:48:31.000Z,3076,5.62E-05,0,0,0,0,3.43249053,-13.85795668,-71.28579084,-83.76599685,-91.07088366,56185.15657,56185.16,43:23.8,High Risk
10324,Gravity Finance,GFI,FALSE,352267212,1199999974,1200000000,2021-06-08T00:00:00.000Z,3077,0.000159208,135.0777112,0,135.0777112,0.3991867,1.29096342,1.73778418,-7.72832222,-11.4496504,-11.32928686,56083.69694,191049.39,43:23.8,Medium Risk
34600,REVOX,REX,FALSE,2757702084,3000000000,3000000000,2024-12-13T06:35:54.000Z,3078,2.03E-05,1558.574948,0.02469511,1558.550253,6.88015455,0.94838258,29.40563064,-17.61633518,-76.34840999,-79.5978024,55920.65319,60833.97,43:23.8,High Risk
36386,Sato The Dog,SATO,FALSE,4.2069E+11,4.2069E+11,4.2069E+11,2025-05-01T04:06:06.000Z,3079,1.33E-07,0,0,0,0,1.70877473,0.35848047,-15.43321081,-19.67345499,-42.7760328,55911.22132,55911.22,43:23.8,Medium Risk
10103,Lossless,LSS,FALSE,55572671.94,100000000,100000000,2021-05-27T00:00:00.000Z,3080,0.001003819,0,0,0,0,0.02503263,2.46883792,-13.5828065,-13.35266617,-13.78972281,55784.92696,100381.94,43:23.8,Medium Risk
36588,Mambo,MAMBO,FALSE,1E+12,1E+12,1E+12,2025-05-23T12:38:43.000Z,3081,5.57E-08,0,0,0,0,4.64349956,-4.90483743,-3.57050254,54.97202024,-4.61613149,55738.83881,55738.84,43:23.8,Medium Risk
35504,Nibbles,NIBBLES,FALSE,1.42E+11,1.42E+11, ,2025-01-27T10:14:09.000Z,3082,3.91E-07,0,0,0,0,3.49612344,0.56806905,-57.66580212,-64.01116727,-24.56247221,55470.85008,55470.85,43:23.8,High Risk
29530,OX Coin,OX,FALSE,3283541328,3283541328, ,2024-02-26T05:06:30.000Z,3083,1.69E-05,3.49482716,0,3.49482716,-0.01311168,-3.26533642,9.3251813,-36.15416518,-37.06667525,-29.51393547,55396.69097,55396.69,43:23.8,High Risk
22487,Artisse,CATHEON,FALSE,968534281,10000000000,10000000000,2022-11-01T04:04:17.000Z,3084,5.74E-05,2384.619071,2384.619071,0,-7.2820685,-19.59383149,-14.46519618,-18.14060237,-12.57084545,-16.74751956,55556.71156,573616.37,43:23.8,High Risk
11209,TRAVA.FINANCE,TRAVA,FALSE,4509670060,4745402993,5000000000,2021-08-10T00:00:00.000Z,3085,1.22E-05,0,0,0,0,-4.63364217,-7.24727551,-17.04570721,-44.60505634,-54.14411863,55217.28902,61220.99,43:23.8,High Risk
19686,AssetMantle,MNTL,FALSE,2308548579,2319016085,6000000000,2022-04-21T17:04:57.000Z,3086,2.39E-05,0,0,0,0,-0.49493863,13.32205282,-33.24824261,-33.87192013,-45.31595546,55095.57359,143195.36,43:23.8,High Risk
3986,StakeCubeCoin,SCC,FALSE,16810116.68,16810116.68,18000000,2019-06-03T00:00:00.000Z,3087,0.00327165,101.4841651,101.4841651,0,3.02553575,2.88644435,20.81571392,-4.12749066,-21.45579378,-43.07460542,54996.81218,58889.69,43:23.8,High Risk
31189,Habibi,HABIBI,FALSE,814340580,999904257.9,1000000000,2024-05-10T08:59:25.000Z,3089,6.75E-05,0,0,0,0,5.58599176,8.9896051,-13.49421877,-27.58531661,-34.80299843,54981.40315,67516.47,43:23.8,High Risk
34173,markkacy,KACY,FALSE,999997046,1000000000,1000000000,2024-11-23T13:48:34.000Z,3090,5.48E-05,96262.89301,96262.89301,0,0.0023776,10.70241572,17.05715779,-7.43826846,-11.19999276,-16.58331469,54806.6717,54806.83,43:23.8,High Risk
28950,Finceptor,FINC,FALSE,64082377.34,100000000,100000000,2024-01-04T10:45:59.000Z,3090,0.000854933,0,0,0,0,0,-2.92170257,-26.8649591,-25.49803071,-38.86065379,54786.11135,85493.26,43:23.8,High Risk
35410,MAX,MAX,FALSE,999840477,999840477, ,2025-01-22T11:37:25.000Z,3092,5.48E-05,0,0,0,0,0.40199894,19.36329318,-11.90412046,-15.79056375,-17.66252071,54759.29591,54759.3,43:23.8,High Risk
35510,Sapo Concho,CONCHO,FALSE,999495524.2,999495524.2, ,2025-01-28T04:19:52.000Z,3093,5.47E-05,218.714474,0,218.714474,0.89260996,3.90322281,9.1656623,-15.29287952,-13.0323428,-26.51891367,54706.31449,54706.31,43:23.8,High Risk
34254,Shieldeum,SDM,FALSE,443600393.2,1000000000,1000000000,2024-11-27T07:40:53.000Z,3094,0.000122936,78.78347689,0,78.78347689,-0.54102504,-0.12163217,-16.68759905,-41.97888279,-39.9818823,-41.01190446,54534.43926,122935.96,43:23.8,High Risk
20154,Acquire.Fi,ACQ,FALSE,132429668.4,300000000, ,2022-05-17T09:04:52.000Z,3095,0.000411596,1845.148365,1845.148365,0,0.00678546,-24.32584867,-51.41355821,-58.93352641,-34.35455921,-45.46974162,54507.47219,123478.69,43:23.8,High Risk
28734,AGIX,AGX,FALSE,92556966.38,100000000, ,2023-12-18T06:10:25.000Z,3095,0.000582779,0,0,0,0,0,-2.01731846,-26.51976381,-41.20929642,-46.76079855,53940.24223,58277.88,43:23.8,High Risk
9588,O3 Swap,O3,FALSE,56827550.45,99884642.51,100000000,2021-05-05T00:00:00.000Z,3097,0.000948271,0,0,0,0,-0.72935895,-19.75343634,-9.92396545,-3.22064291,-15.01631212,53887.93127,94827.12,43:23.8,High Risk
36079,WTF Opossum,WTFO,FALSE,848645098.3,848645098.3,1000000000,2025-03-20T08:24:29.000Z,3098,6.33E-05,0,0,0,0,-2.55065314,-1.39710127,-18.35020977,-36.48590474,-56.0408464,53677.36411,63250.66,43:23.8,Medium Risk
10047,EPIK Prime,EPIK,FALSE,1281894231,2000000000,2000000000,2021-05-25T00:00:00.000Z,3099,4.18E-05,0,0,0,0,-0.11095627,-19.95495749,-31.76497279,-22.82141534,-33.02305944,53554.44317,83555.17,43:23.8,High Risk
35075,Top Hat,HAT,FALSE,989998441,989998441, ,2025-01-07T07:10:31.000Z,3100,5.41E-05,0,0,0,0,3.34444168,8.53627856,-21.42900761,-16.82138835,-26.10257812,53533.69577,53533.7,43:23.8,High Risk
20997,Wombat Web 3 Gaming Platform,WOMBAT,FALSE,5092139007,9682218445,10000000000,2022-07-14T16:47:08.000Z,3101,1.05E-05,0,0,0,-4.6429517,-37.05249807,-8.26239063,-30.01823257,-1.51084755,-65.41445286,53525.14176,105113.28,43:23.8,High Risk
39397,Clippy (kevanjatt),CLIPPY,FALSE,999865100.5,999865100.5,999999890,2026-01-20T01:54:17.000Z,3102,5.34E-05,5537.222456,5076.196773,461.0256837,0.14966965,-3.39879881,-2.5955676,-31.30459578,-77.67518947,-88.17503427,53432.16691,53439.37,43:23.8,High Risk
10977,Mint Club V1,MINT,FALSE,4.14983E+11,4.14983E+11,1.14936E+12,2021-07-20T00:00:00.000Z,3103,1.28E-07,0,0,0,0,3.31652499,10.06647557,11.75720036,9.87554294,9.95100934,53254.51881,147497.34,43:23.8,High Risk
37222,Bestcoin,BEST,FALSE,67249637518,67249637518,68276950911,2025-07-06T15:50:23.000Z,3104,7.89E-07,1725.224798,0,1725.224798,0.96286746,-25.97145466,-20.64257461,60.63784457,114.9466904,30.54824328,53037.35061,53847.56,43:23.8,High Risk
36564,Boochie by Matt Furie,BOOCHIE,FALSE,4.2069E+14,4.2069E+14,4.2069E+14,2025-05-20T09:56:58.000Z,3105,1.26E-10,0,0,0,0,3.69514127,20.60414505,-30.54015179,-2.67529385,7.30942391,52933.60063,52933.6,43:23.8,High Risk
38104,B.O.B the Blob,BLOB,FALSE,966671232,966671232,966671232,2025-08-18T06:38:15.000Z,3106,5.43E-05,0,0,0,0,0.5214604,3.58019807,-30.67120976,-25.57770133,-19.30349201,52500.72539,52500.73,43:23.8,High Risk
2553,Refereum,RFR,FALSE,4999180100,4999650000, ,2018-03-01T00:00:00.000Z,3107,1.05E-05,0,0,0,0,0,0,0.69011003,-51.09534402,-64.85063657,52419.42311,52424.35,43:23.8,Low Risk
33399,Klaus,KLAUS,FALSE,1000000000,1000000000,1000000000,2024-10-11T08:21:20.000Z,3108,5.21E-05,0,0,0,0,7.57266378,5.66160637,-29.46008346,-20.76419368,-26.61732062,52061.39692,52061.4,43:23.8,High Risk
34252,DOGEFATHER,DOGEFATHER,FALSE,999977638,999977638,999977638,2024-11-27T07:30:26.000Z,3109,5.20E-05,0,0,0,0,-20.62337991,-8.84205164,-26.14052391,-11.93021502,-7.60781006,52017.3437,52017.34,43:23.8,High Risk
28857,ZKFair,ZKF,FALSE,10000000000,10000000000, ,2024-01-03T09:42:51.000Z,3110,5.20E-06,53802.54737,53802.54737,0,-1.88551015,4.01519892,-1.89126115,-54.39519206,-64.89115184,-72.93342187,51968.44397,51968.44,43:23.8,High Risk
27573,EquityPay,EQPAY,FALSE,5708534,12708534,18000000,2023-07-12T13:56:36.000Z,3110,0.009100142,0,0,0,-1.53360572,-5.77160957,-40.38759322,130.2819164,143.5056594,74.5307807,51948.47239,163802.56,43:23.8,High Risk
31534,Elixir Games,ELIX,FALSE,245925876.8,1499994211,1500000000,2024-05-30T10:12:28.000Z,3112,0.000211084,0,0,0,0,9.2235776,18.92918077,-24.30428196,-20.90222003,-32.88617616,51910.92061,316625.41,43:23.8,High Risk
28801,Baby Bonk,BABYBONK,FALSE,2.66E+17,4.20E+17,4.20E+17,2023-12-22T04:04:53.000Z,3112,1.95E-13,0,0,0,7.40E-07,2.62378315,6.7996123,-1.70042163,14.84640144,41.99960112,51840.42474,81720.53,43:23.8,Medium Risk
9110,Kattana,KTN,FALSE,9386379.891,10000000, ,2021-04-09T00:00:00.000Z,3114,0.005519309,79.8001243,2.15353239,77.64659191,1.12698503,6.94945112,0.24271774,-34.41090879,-32.40213321,-43.25986805,51806.33058,55193.09,43:23.8,High Risk
33571,Seedworld,SWORLD,FALSE,6040899267,20000000000,20000000000,2024-10-23T10:24:19.000Z,3114,8.56E-06,0,0,0,-0.00018201,26.27939006,21.93397746,-67.00604794,-63.35084654,-68.72543725,51729.09379,171262.89,43:23.8,High Risk
38564,Aster Dog,ADOG,FALSE,934908796,1000000000,1000000000,2025-10-03T13:01:24.000Z,3116,5.52E-05,377.1209086,0,377.1209086,0.40359245,8.47036705,23.62572499,16.48547814,-21.78336311,-44.54020867,51651.61052,55247.75,43:23.8,High Risk
32538,Onigiri,ONI,FALSE,4.07983E+11,4.2069E+11,4.2069E+11,2024-08-02T11:10:58.000Z,3117,1.26E-07,0,0,0,0,1.56544347,10.8302556,-14.78536616,24.83998696,24.83998696,51559.60127,53165.46,43:23.8,High Risk
36348,Ambios Network,AMBIOS,FALSE,65393626.71,999786532.7,1000000000,2025-04-26T08:13:21.000Z,3118,0.000778039,0,0,0,0.10463782,2.29935324,8.67222969,-13.14550494,-16.68801869,-25.51214345,50878.77488,778038.74,43:23.8,Medium Risk
33613,smiling dolphin,MIHARU,FALSE,999888497.1,999888497.1,1000000000,2024-10-24T10:01:53.000Z,3119,5.07E-05,0,0,0,0,0,6.71151302,-18.84255516,-9.74592465,-22.46734432,50663.91522,50669.57,43:23.8,High Risk
29811,Andy on SOL,ANDY,FALSE,946220014.2,946220014.2, ,2024-03-12T17:21:17.000Z,3120,5.35E-05,0,0,0,0,3.28380708,2.34280677,-17.08801269,-2.28186615,-29.09237637,50596.39969,50596.4,43:23.8,Medium Risk
39208,Flying Ketamine Horse,FKH,FALSE,986479207.9,986479207.9,1000000000,2026-01-04T12:10:58.000Z,3120,5.11E-05,1938.187283,0,1938.187283,0.37095781,-0.85944105,-6.27837298,-30.30750081,-21.47320284,-39.74950672,50362.93286,51053.21,43:23.8,High Risk
32638,CatDog,CATDOG,FALSE,1E+11,1E+11,1E+11,2024-08-12T19:10:15.000Z,3121,5.04E-07,0,0,0,0,6.5310595,14.79210047,-10.50752537,-19.4703637,-22.2416768,50354.52393,50354.52,43:23.8,High Risk
4118,ForTube,FOR,FALSE,795000000,1000000000,1000000000,2019-07-17T00:00:00.000Z,3123,6.33E-05,0,0,0,0,0.60278256,1.38947519,-11.2943353,-95.51425294,321.0098406,50340.51221,63321.4,43:23.8,Medium Risk
39453,CratD2C,CRAT,FALSE,30000000,300000000,300000000,2026-01-26T08:06:19.000Z,3124,0.0016739,62011.39895,62011.39895,0,0.11672156,-1.69011172,-5.32277759,-33.42102195,-56.57197463,-72.42483853,50216.998,502169.98,43:23.8,High Risk
33098,LogX Network,LOGX,FALSE,1000000000,1000000000,1000000000,2024-09-24T12:33:58.000Z,3125,5.02E-05,14971.40533,14971.40533,0,4.36120235,11.16929524,26.05122133,16.16053866,8.44993408,-24.33858881,50215.38716,50215.39,43:23.8,High Risk
33785,UNIT0,UNIT0,TRUE,5099246,101725749, ,2024-11-08T07:24:02.000Z,3126,0.009740789,81600.52309,81600.52309,0,0.86173753,10.28156928,17.88092659,-33.77932806,-52.82740538,-52.98295665,49670.67711,990889.01,43:23.8,High Risk
8409,Razor Network,RAZOR,FALSE,328245504,1000000000,1000000000,2021-02-06T00:00:00.000Z,3126,0.000151225,0,0,0,0,0.36446183,0.42614187,-3.31471934,-10.96828317,1.34500121,49638.88541,151224.88,43:23.8,Low Risk
32981,Cate,CATE,FALSE,1000000000,1000000000,1000000000,2024-09-10T14:18:52.000Z,3127,4.92E-05,0,0,0,0,5.48494828,8.10437769,7.49095106,7.49095106,7.49095106,49172.44047,49172.44,43:23.8,Medium Risk
9544,POLKARARE,PRARE,FALSE,11383252.7,100000000,100000000,2021-05-03T00:00:00.000Z,3129,0.004307919,930.4025071,930.4025071,0,0.12782024,-1.57194695,1.70248738,66.87546499,118.9743998,171.282386,49038.1253,430791.85,43:23.8,High Risk
7230,Opium,OPIUM,FALSE,4161204,100000000,100000000,2021-01-26T00:00:00.000Z,3130,0.011780235,80.55931846,0,80.55931846,1.15795327,5.19852601,7.53028567,-16.92914277,-22.09808338,-23.79723374,49019.95927,1178023.46,43:23.8,High Risk
37369,Dark Cheems,TOTAKEKE,FALSE,1000000000,1000000000,1000000000,2025-07-15T14:54:48.000Z,3131,4.90E-05,5718.741601,0,5718.741601,-0.45519459,-25.67529057,4.67593225,-20.01579581,-29.60736734,-25.60889006,48984.49641,48984.5,43:23.8,High Risk
33512,$AUTISM,autism,FALSE,949013720,949013720,1000000000,2024-10-17T19:42:10.000Z,3132,5.14E-05,0,0,0,0,0.94412535,4.74705048,-40.15238125,-31.12172558,-34.75150762,48735.66525,51354.02,43:23.8,High Risk
38616,Coral Finance,CORL,FALSE,232360000,1000000000,1000000000,2025-10-08T06:46:22.000Z,3133,0.000209669,274.1546143,274.1546143,0,0.00703319,12.39034655,-3.38578353,-43.62729218,-78.88874594,-73.96520959,48718.80296,209669.49,43:23.8,High Risk
38512,Klink Finance,KLINK,FALSE,231666666,1000000000,1000000000,2025-09-28T09:30:11.000Z,3134,0.000208805,211787.1639,211787.1639,0,-0.72183218,4.14570839,-0.61757308,-40.39643794,-21.78791405,-63.75225684,48373.1356,208804.9,43:23.8,High Risk
28173,Gold,GOLD,FALSE,16434584.49,16434584.49,21000000,2023-09-22T12:08:04.000Z,3135,0.002937279,0,0,0,0.00125041,-0.19875702,-3.57402595,-29.36035257,-38.24402375,-45.05191029,48272.95446,61682.85,43:23.8,High Risk
39782,iShares MSCI Brazil Tokenized ETF (Ondo),EWZon,FALSE,1381.954185,1381.954185, ,2026-03-24T02:56:09.000Z,3136,34.89918459,523.328132,0,523.328132,-0.00512891,2.86983953,3.43816345,-3.87592108,-15.57637466,-5.57219607,48229.0742,48229.07,43:23.8,Medium Risk
33930,Baby BitCoin,BABYBTC,FALSE,999989595.9,999989595.9,1000000000,2024-11-13T07:45:12.000Z,3137,4.81E-05,216.0964938,0,216.0964938,1.41704977,4.67123335,10.78211643,-7.16833976,-21.36375487,-25.75729689,48120.6011,48121.1,43:23.8,Medium Risk
38133,Bitcoin AI,BTC,FALSE,20982018,21000000,21000000,2025-08-19T09:38:10.000Z,3137,0.002287047,191.6828159,0,191.6828159,0.0724016,-3.38678995,-9.12079782,-11.92751521,-38.04125453,-0.68144127,47986.87051,48028,43:23.8,Medium Risk
39286,CrowdStrike Tokenized Stock (Ondo),CRWDon,FALSE,69.07330873,69.07330873, ,2026-01-08T15:44:30.000Z,3139,693.7950622,891715.9893,888344.8597,3371.129587,0.01732015,-0.26135203,4.82509709,16.74280253,65.00837483,58.58724432,47922.72053,47922.72,43:23.8,Medium Risk
9511,Dfyn Network,DFYN,FALSE,171878615,198284457,250000000,2021-04-30T00:00:00.000Z,3140,0.000278614,183.865377,0,183.865377,0.41991022,2.84612326,4.2896141,-14.33174209,-18.10561846,-13.65459108,47887.77774,69653.48,43:23.8,Medium Risk
31649,BiCity AI Projects,BICITY,FALSE,4602398276,10000000000,10000000000,2024-06-06T14:27:45.000Z,3086,1.20E-05,4151.362806,4151.362806,0,23.01704356,12.67894942,-1.65015942,-73.27852631,-72.93296678,-70.14903138,55195.23942,119927.13,43:23.8,High Risk
36186,GhibliCZ,Ghibli,FALSE,855667283.1,1000000000,1000000000,2025-04-02T07:33:13.000Z,3141,5.57E-05,0,0,0,0,0.30770084,1.66418871,-12.8476332,-86.01677389,-84.76336911,47652.31511,55690.24,43:23.8,Medium Risk
4293,PERL.eco,PERL,FALSE,490938908,1033200000,1033200000,2019-08-26T00:00:00.000Z,3142,9.67E-05,0,0,0,0,1.99481851,13.42826894,-22.88773672,-9.4252721,-0.13561944,47491.79757,99948.33,43:23.8,High Risk
3140,Ubex,UBEX,FALSE,3306258739,3923877492, ,2018-08-13T00:00:00.000Z,3143,1.42E-05,0,0,0,0,0,0,0,0,0,46948.1822,55718.24,43:23.8,Low Risk
38212,Dexlab,XLAB,FALSE,3.51667E+11,4.99997E+12,5E+12,2025-08-27T08:48:29.000Z,3144,1.33E-07,164965.8814,164962.5518,3.32957847,-1.76766974,-3.90945376,-22.27479281,-30.07863767,-43.97675608,-52.32770874,46707.08953,664081.84,43:23.8,High Risk
30826,Micro GPT,$MICRO,FALSE,749486183,1000000000,1000000000,2024-04-22T16:20:22.000Z,3145,6.23E-05,0,0,0,0,0,0.68660984,-23.81393607,-34.06609309,-38.33335931,46667.23298,62265.63,43:23.8,Medium Risk
9530,FaraLand,FARA,FALSE,22928676,99930069, ,2021-05-03T00:00:00.000Z,3146,0.002028221,0,0,0,0,1.56056914,1.0594598,-10.12877041,-4.06375613,-11.56503578,46504.42048,202680.26,43:23.8,Medium Risk
1669,Humaniq,HMQ,FALSE,207143695,207143695,920952070,2017-05-11T00:00:00.000Z,3147,0.000223606,0,0,0,0,0,0,-74.78676678,-74.78676678,-74.78676678,46318.66552,205930.82,43:23.8,High Risk
9218,Mist,MIST,FALSE,56357088,1000000000,1000000000,2021-04-16T00:00:00.000Z,3148,0.000820394,0,0,0,0,-2.09012812,-0.60223828,-2.95499612,5.99761958,-12.20347043,46235.00004,820393.7,43:23.8,Low Risk
16432,HumainWeb3,DOME,FALSE,18998841067,91138701659,1E+11,2021-12-23T16:34:38.000Z,3149,2.42E-06,94228.36481,94228.36481,0,0.5041276,-0.14721866,2.26624107,-22.07999614,-11.76311238,-28.84944427,46028.47151,242269.89,43:23.8,Medium Risk
34386,AgriDex,AGRI,FALSE,284000000,999999997.4,1000000000,2024-12-04T12:56:35.000Z,3150,0.000162017,5265.148426,5208.418369,56.73005713,-0.2001198,7.34063189,20.11178153,8.45723056,-31.72664192,-94.09886868,46012.82142,162016.98,43:23.8,High Risk
39273,Plug Power Tokenized Stock (Ondo),PLUGon,FALSE,16351.80185,16351.80185, ,2026-01-08T15:44:28.000Z,3151,2.808095578,758498.9063,746289.7133,12209.19293,-0.03501832,-2.51094455,-12.35167897,-32.65473098,-3.67964434,20.82186694,45917.42246,45917.42,43:23.8,High Risk
9492,Etherland,ELAND,FALSE,38676984.62,41024063, ,2021-04-29T00:00:00.000Z,3152,0.001185299,0,0,0,0,-0.27681419,1.50573855,-15.34568451,189.5101309,119.3278363,45843.7811,48625.77,43:23.8,Medium Risk
39315,WisdomTree Floating Rate Treasury Tokenized  Fund (Ondo),USFRon,FALSE,890.2097727,890.2097727, ,2026-01-08T15:44:27.000Z,3153,50.97468913,821311.4185,820312.3619,999.0566606,-0.00036215,0.32925769,0.14614233,0.29133713,0.8135884,0.57752987,45378.16642,45378.17,43:23.8,Low Risk
34976,Trumpius Maximus,TRUMPIUS,FALSE,46148662.81,47000000, ,2025-01-01T10:28:43.000Z,3154,0.0009814,0,0,0,0,6.62500337,7.21428132,6.81391509,10.81276965,-13.161546,45290.29659,46125.8,43:23.8,Medium Risk
39255,Sprott Nickel Miners Tokenized ETF (Ondo),NIKLon,FALSE,3048.2945,3048.2945, ,2026-01-08T15:44:37.000Z,3155,14.77187992,236.6058304,0,236.6058304,-0.00512891,4.23936983,10.01544016,-8.20102405,-16.84802431,-9.39972586,45029.0403,45029.04,43:23.8,Medium Risk
38573,Smart Pocket,SP,FALSE,1040615110,1E+11,1E+11,2025-10-06T03:51:44.000Z,3156,4.33E-05,6015.637696,0,6015.637696,0.64479691,-17.93488895,-19.58095686,-6.63677665,-11.67013781,-71.66778368,45025.82279,4326846.92,43:23.8,High Risk
39268,Verizon Tokenized Stock (Ondo),VZon,FALSE,929.5038539,929.5038539, ,2026-01-08T15:44:33.000Z,3157,48.37577902,944597.3196,924463.1703,20134.14929,0.23362411,-1.03932419,3.83988152,1.17001563,1.38845839,-5.8838821,44965.47303,44965.47,43:23.8,Low Risk
35131,QUAIN,QUAIN,FALSE,999982984.9,999982984.9, ,2025-01-09T10:12:28.000Z,3158,4.41E-05,0,0,0,0,5.56579376,14.05614669,-29.11543115,-38.75568985,-49.98388513,44125.99567,44126,43:23.8,High Risk
31267,UTYABSWAP,UTYAB,FALSE,1000000000,1000000000, ,2024-05-15T13:51:17.000Z,3159,4.40E-05,0,0,0,0,-2.03082398,52.52082466,65.23094617,114.4553485,144.4567324,43964.62359,43964.62,43:23.8,High Risk
28805,analoS,ANALOS,FALSE,82080218235,99980594226, ,2023-12-22T04:34:24.000Z,3160,5.35E-07,0,0,0,0,6.52407278,15.89756926,-17.58725116,-16.66181499,-30.82284709,43877.77487,53446.81,43:23.8,High Risk
32576,Jen-Hsun Huang,JHH,FALSE,9.65588E+12,9.99999E+12,1E+13,2024-08-06T06:01:44.000Z,3161,4.48E-09,0,0,0,0,4.679146,13.44955638,-22.24590181,-66.36228988,-75.33287233,43285.12051,44827.74,43:23.8,High Risk
34977,flork cto,FLORK,FALSE,938723169.8,938723169.8,938732596,2025-01-01T17:39:24.000Z,3162,4.61E-05,59952.26214,59952.26214,0,-0.00487403,0.25969388,3.37326382,-48.83441698,63.40023823,-61.11070009,43261.7515,43262.19,43:23.8,High Risk
7678,Rook,ROOK,FALSE,617636.3482,1226310,1500000,2020-11-15T00:00:00.000Z,3163,0.069744933,3.67443269,0,3.67443269,1.25271695,3.36926167,9.14993685,32.69048065,36.09044861,506.6682379,43077.00583,104617.4,43:23.8,High Risk
1828,SmartCash,SMART,FALSE,1413859298,2014903577,5000000000,2017-07-21T00:00:00.000Z,3164,3.04E-05,0,0,0,0,0,0,26.27038305,32.47723736,-92.39583267,42921.90662,151789.88,43:23.8,High Risk
36558,ROVR Network,ROVR,FALSE,215292848,9999998876,9999998876,2025-05-20T07:44:54.000Z,3165,0.000198373,4595.114745,0,4595.114745,0.57705189,-1.10961664,-90.76898156,-93.54838382,-91.47149502,-93.44720143,42708.37642,1983733.88,43:23.8,High Risk
37074,Vulpe Finance,VULPEFI,FALSE,67629255.48,400000000,400000000,2025-07-02T04:29:10.000Z,3166,0.000630665,0,0,0,0,-0.14515184,-5.11647553,-16.75402565,-35.77303843,-39.33353617,42651.40087,252265.98,43:23.8,Medium Risk
31269,SolarX,SXCH,FALSE,129260547.7,398375166.3, ,2024-05-15T15:38:33.000Z,3167,0.000327478,0,0,0,0,0,-1.20818834,-14.11416981,-4.56679753,-15.12821852,42329.99679,130459.14,43:23.8,Medium Risk
39772,KraneShares CSI China Internet Tokenized ETF (Ondo),KWEBon,FALSE,1619.55638,1619.55638, ,2026-03-24T02:56:13.000Z,3168,26.06772934,146.7893402,0,146.7893402,0.18423562,-1.96880252,-1.6004925,-7.29807235,-13.08270934,-6.77331671,42218.15736,42218.16,43:23.8,Medium Risk
12785,Colony,CLY,FALSE,112737626.7,150000000,150000000,2021-10-15T11:31:37.000Z,3169,0.000374243,10.95731239,0,10.95731239,1.39589411,3.31911407,3.02288555,-28.43304991,-47.02322101,-94.28382543,42191.242,56136.42,43:23.8,High Risk
22621,stabble,STB,FALSE,73889865,474117678.2,500000000,2022-11-09T23:52:00.000Z,3170,0.000567479,0,0,0,0,-3.24686338,2.95010196,-28.09307296,-60.20651925,-49.78031561,41930.96957,283739.65,43:23.8,High Risk
34590,Aimonica Brands,AIMONICA,FALSE,999989552,999989552,1000000000,2024-12-12T22:32:08.000Z,3171,4.19E-05,0,0,0,0,5.76269288,2.47993139,-28.78142376,-34.12048404,-44.16517183,41891.33323,41891.77,43:23.8,High Risk
16919,5ire,5IRE,FALSE,1464633235,1500000000,1500000000,2023-12-05T13:00:00.000Z,3172,2.86E-05,0,0,0,0,0,0,0.00398375,-51.03532957,-71.07193328,41876.82611,42888.03,43:23.8,Low Risk
36725,Janitor,JANITOR,FALSE,1000000000,1000000000,1000000000,2025-06-04T13:49:27.000Z,3173,4.16E-05,297.9148028,0,297.9148028,-0.04191639,2.48667015,1.74146831,-16.8236896,-83.0698006,-77.63804106,41580.07477,41580.07,43:23.8,Medium Risk
34739,Renta Network,RENTA,FALSE,454471579.1,1000000000,1000000000,2025-01-16T22:40:48.000Z,3174,8.90E-05,1.79574901,1.79574901,0,-0.01201763,0.00939068,-0.02871518,-40.42598509,-66.86366252,-94.76030873,40463.10162,89033.29,43:23.8,High Risk
19623,Wombat Exchange,WOM,FALSE,58529174,1000000000, ,2022-04-19T16:48:44.000Z,3175,0.000690495,0,0,0,0,-0.13587441,2.13274122,-11.56577375,-17.73135114,-18.39398634,40414.10968,690495.13,43:23.8,Medium Risk
31561,CatSolHat,SOLCAT,FALSE,66158964,69949381,100000000,2024-05-31T10:24:36.000Z,3176,0.000610146,238.5095664,0,238.5095664,2.840271,9.41659108,35.04804985,21.08451516,15.15222769,3.06065492,40366.65792,61014.65,43:23.8,High Risk
3779,CoTrader,COT,FALSE,20000000000,20000000000, ,2019-03-07T00:00:00.000Z,3177,2.01E-06,6.02662325,0,6.02662325,1.15795318,4.55421178,6.17459463,-7.57721132,-6.41628095,3.73008929,40276.64404,40276.64,43:23.8,Medium Risk
23577,Sakai Vault,SAKAI,FALSE,2081027,8000000,8000000,2023-02-20T11:09:53.000Z,3178,0.019337958,0,0,0,0,0,-0.0860544,-0.17052567,-0.30900953,3.13910853,40242.8125,154703.66,43:23.8,Low Risk
21722,Chirpley,CHRP,FALSE,413029583,989982098,989982098,2022-09-06T10:54:08.000Z,3179,9.67E-05,0,0,0,0,2.29581714,2.18384901,-10.45934642,-6.09575399,-21.58464823,39952.94735,95762.4,43:23.8,Medium Risk
35379,Databot,DATA,FALSE,915839857,1000000000,1000000000,2025-01-21T10:32:22.000Z,3180,4.35E-05,0,0,0,0,0,-0.56573553,-27.81971455,-40.93565193,-42.20986131,39843.43769,43504.81,43:23.8,High Risk
31224,MoonBag,$MBAG,FALSE,29547324091,76147237424,96337500000,2024-05-14T01:48:19.000Z,3181,1.35E-06,0,0,0,0,0,-1.02012136,-19.77486528,-11.31271129,-25.36583347,39805.61735,129784.13,43:23.8,Medium Risk
38493,Astherus,ASTHERUS,FALSE,979065333,1000000000,1000000000,2025-09-23T15:29:15.000Z,3182,4.06E-05,908.1370401,0,908.1370401,0.47750924,6.66907241,-13.4181808,-64.15139783,-84.27487397,-93.01536959,39727.91218,40577.39,43:23.8,High Risk
38740,Tensora,TORA,FALSE,1000000000,1000000000,1000000000,2025-10-20T12:44:52.000Z,3183,3.96E-05,49.61179576,0,49.61179576,-0.18303988,-0.55786083,1.90466925,-11.22909594,-25.76294901,-24.43640642,39586.90521,39586.91,43:23.8,Medium Risk
39012,Giggle Panda,GIGL,FALSE,999999999.9,1000000000,1000000000,2025-11-27T10:49:16.000Z,3184,3.93E-05,0,0,0,0,-0.10723591,24.15879242,-8.81760665,-67.88348156,-90.66126567,39316.33519,39316.34,43:23.8,High Risk
5662,Sylo,SYLO,FALSE,9999652100,10000000000,10000000000,2020-06-05T00:00:00.000Z,3185,3.93E-06,0,0,0,0,13.09517915,15.73293135,-19.56581038,-40.96329303,-49.17462408,39314.46513,39315.83,43:23.8,High Risk
11412,Binemon,BIN,FALSE,416778746,934870751,1000000000,2021-08-26T07:47:51.000Z,3186,9.41E-05,0,0,0,0,0,0.24612971,-37.83653005,-35.369967,-38.97528107,39231.73334,94130.84,43:23.8,High Risk
19294,XRPayNet,XRPAYNET,FALSE,5613529404,29992295954,29992295954,2022-04-03T18:54:36.000Z,3187,6.99E-06,72.75227399,72.75227399,0,3.70092288,-10.82750715,-30.11077789,-16.81043687,26.99469033,-1.61506933,39214.40874,209517.06,43:23.8,High Risk
39293,Grab Holdings Tokenized Stock (Ondo),GRABon,FALSE,11353.00249,11353.00249, ,2026-01-08T15:44:36.000Z,3188,3.451987235,2969.816828,1797.913914,1171.902914,0.00443397,4.45499766,3.56537966,-3.07418058,-13.97735363,-10.24650176,39190.41969,39190.42,43:23.8,Medium Risk
29231,Uranus (SOL),ANUS,FALSE,8154420496,9996429024,10000000000,2024-01-31T06:09:45.000Z,3189,4.80E-06,0,0,0,0,3.04588144,4.81958115,-35.87530035,-29.43268469,-40.31381823,39148.16048,48008.51,43:23.8,High Risk
39228,Archer Aviation Tokenized Stock (Ondo),ACHRon,FALSE,7091.102287,7091.102287, ,2026-01-08T15:44:16.000Z,3190,5.512770635,890936.2529,890398.0356,538.2173402,-0.07301004,4.35674112,-4.47891219,-9.49673788,-9.91132268,-13.0770256,39091.62045,39091.62,43:23.8,Medium Risk
37483,Moo,MOO,FALSE,2.76068E+14,4.2E+14,4.2E+14,2025-07-23T14:35:30.000Z,3191,1.42E-10,0,0,0,0,-1.115007,4.19245526,-3.61672979,57.13581671,56.77409534,39083.54896,59460.37,43:23.8,Low Risk
6789,Blockchain Cuties Universe Governance,BCUG,FALSE,1377892,1522142,10000000,2020-08-31T00:00:00.000Z,3192,0.02805378,0,0,0,0,0,0,0,0,0,38655.07898,280537.8,43:23.8,Low Risk
36448,TOKYO GAMES TOKEN,TGT,FALSE,160822499,1000000000,1000000000,2025-05-09T06:57:33.000Z,3193,0.000239913,0,0,0,0,0,0,0,-0.05020242,-39.32655232,38583.47889,239913.44,43:23.8,Low Risk
33924,Tea-Fi,TEA,FALSE,50010000,300000000,300000000,2024-11-13T07:08:37.000Z,3194,0.00076902,5387.587434,5387.587434,0,14.89856527,-2.87564112,-50.07404607,-70.77612193,-63.51925508,-83.27863221,38458.68891,230705.99,43:23.8,High Risk
4028,MotaCoin,MOTA,FALSE,57792468.34,70796698.98,125000000,2019-06-19T00:00:00.000Z,3195,0.000664481,0,0,0,0,1.23462474,-47.05114308,-57.45648939,-70.51503533,-89.92962947,38402.01948,83060.17,43:23.8,High Risk
8063,Duck DAO (DLP Duck Token),DUCK,FALSE,31319194.87,95986126.47,95986126.47,2020-12-22T00:00:00.000Z,3196,0.001224207,552.5391247,0,552.5391247,1.05780292,2.10783253,3.45337112,-10.13536673,-13.9500173,-13.52689997,38341.19197,117506.93,43:23.8,Medium Risk
6156,Donut,DONUT,FALSE,120355919.3,120355919.3, ,2020-08-04T00:00:00.000Z,3197,0.000318151,0,0,0,0,43.11661062,28.416852,-20.46459262,-74.43764727,-77.33486478,38291.38683,38291.39,43:23.8,High Risk
14904,SpaceFalcon,FCON,FALSE,17424567889,19000000000, ,2021-11-21T14:34:22.000Z,3198,2.19E-06,147.3030063,0,147.3030063,-5.26347471,-1.18855723,-0.70020067,-10.09538266,-38.58952851,-33.13017177,38110.53859,41556.28,43:23.8,Medium Risk
4228,Ferrum Network,FRM,FALSE,287009850.6,597085527.3, ,2019-08-08T00:00:00.000Z,3199,0.000131465,1.02107194,0,1.02107194,1.15795326,3.4402874,4.46909237,-14.12385042,-17.90988959,-19.84311565,37731.73698,78495.82,43:23.8,Medium Risk
39760,Southern Copper Tokenized Stock (Ondo),SCCOon,FALSE,193.6582689,193.6582689, ,2026-03-24T02:56:17.000Z,3200,194.3670274,744138.6521,742152.7132,1985.938841,-0.51755138,-2.24749439,11.05469508,8.06807519,2.44134125,24.2902859,37640.78206,37640.78,43:23.8,Medium Risk
37237,Don’t Burn Capital,DBC,FALSE,923420979.5,926453024.6,1000000000,2025-07-07T07:18:26.000Z,3201,4.05E-05,0,0,0,0,9.4452478,11.31476092,-17.76756979,-17.76756979,-17.76756979,37436.73875,40541.36,43:23.8,High Risk
29026,Meme Ai,MEMEAI,FALSE,728043731,900000000,1000000000,2024-01-12T15:36:45.000Z,3202,5.13E-05,30189.00873,30189.00873,0,-0.01727579,5.95812432,5.19369034,-22.18494727,-22.30594506,-26.79113026,37318.5248,51258.63,43:23.8,High Risk
29541,Baby Trump (BSC),BABYTRUMP,FALSE,443216727.7,474474474,474474474,2024-02-26T10:09:53.000Z,3203,8.38E-05,0,0,0,0,2.05269055,9.73340462,-0.00014798,27.37014402,12.51120411,37129.61338,39748.17,43:23.8,Medium Risk
34457,Akuma Inu,$AKUMA,FALSE,6.66667E+11,6.66667E+11,6.66667E+11,2024-12-06T23:24:00.000Z,3204,5.57E-08,0,0,0,0,7.33692736,-4.70080476,-28.02373473,-9.15159793,1.94138347,37117.48538,37117.49,43:23.8,High Risk
35350,ChainAware.ai,AWARE,FALSE,36825134,100000000,100000000,2025-01-20T05:42:57.000Z,3205,0.001006874,0,0,0,0,0,-0.17193312,-7.13896624,-26.53251008,-28.01953614,37078.25623,100687.36,43:23.8,Low Risk
38692,Bitcoin Second Chance,BTC,FALSE,20997243,21000000,21000000,2025-10-15T09:54:01.000Z,3206,0.001734335,0,0,0,0,-0.1468031,-17.32770149,-35.96273537,-56.28358186,-72.97819996,36416.24468,36421.03,43:23.8,High Risk
39257,T-Mobile US Tokenized Stock (Ondo),TMUSon,FALSE,194.2694241,194.2694241, ,2026-01-08T15:44:20.000Z,3207,186.5553717,886062.4863,881842.9889,4219.497362,0.05621488,-2.03980741,3.24129005,-0.37976775,-6.08452498,-14.28136697,36242.00462,36242,43:23.8,Low Risk
38570,HODL (hodl_bnbcto),HODL,FALSE,1000000000,1000000000,1000000000,2025-10-06T02:41:05.000Z,3208,3.62E-05,0,0,0,0,-0.52854526,-13.61905294,-12.16432484,3.59688222,1.34011287,36186.93942,36186.94,43:23.8,High Risk
34848,TAOCat by Virtuals & Masa,TAOCAT,FALSE,1000000000,1000000000,1000000000,2024-12-24T09:52:30.000Z,3209,3.62E-05,1123.629467,1123.629467,0,-0.00658225,6.17804463,6.00534335,-12.7979969,-5.55574436,-77.63508983,36177.29552,36177.3,43:23.8,Medium Risk
36355,Hosico,HOSICO,FALSE,999878178,999878178,1000000000,2025-04-28T11:59:12.000Z,3210,3.62E-05,7199.710331,4996.256666,2203.453665,0.68830813,4.14772729,9.71963436,-26.76070812,-20.4613685,-94.50541664,36170.69286,36175.1,43:23.8,High Risk
30601,Moutai,MOUTAI,FALSE,696640289.2,696640289.2, ,2024-04-12T08:03:13.000Z,3211,5.19E-05,673.2631647,0,673.2631647,0.86869313,13.55685259,29.61323343,-15.47321272,27.93310119,10.00969556,36156.15379,36156.15,43:23.8,High Risk
32503,NOTAI,NOTAI,FALSE,59083023979,1E+11,1E+11,2024-09-18T12:51:55.000Z,3212,6.11E-07,0,0,0,0,-0.07220294,-2.13090659,0.45204881,75.97604633,54.06867639,36117.93083,61130.81,43:23.8,Low Risk
36570,KOBAN,KOBAN,FALSE,496001943,2500000000,2500000000,2025-05-21T13:28:02.000Z,3213,7.24E-05,1797.863744,1797.863744,0,0.11996523,-1.88398934,-28.32120296,-46.171394,-48.38008937,-46.18923559,35920.77061,181051.56,43:23.8,High Risk
33596,Slop,SLOP,FALSE,999996708.7,999996708.7,1000000000,2024-10-23T17:24:26.000Z,3214,3.59E-05,16.31368037,0,16.31368037,1.87944263,5.73869084,4.24157114,-25.68932626,-25.72086747,-28.08602234,35852.63886,35852.76,43:23.8,High Risk
34520,Gold Reserve,GOR,FALSE,394782767,434782767,1000000000,2024-12-10T04:59:36.000Z,3215,9.00E-05,0,0,0,0,0,0.20900853,-14.53633693,-59.49653527,-80.60815358,35524.59694,89985.18,43:23.8,Medium Risk
29932,Based Shiba Inu,BSHIB,FALSE,9041391107,10000000000,10000000000,2024-03-19T05:05:42.000Z,3216,3.92E-06,931.011913,0,931.011913,0.91668129,3.7556044,1.92701868,-28.98450752,-17.1712261,-20.17905388,35442.0123,39199.73,43:23.8,High Risk
17316,Spellfire,SPELLFIRE,FALSE,640000000,640000000,640000000,2022-01-15T02:52:53.000Z,3217,5.52E-05,7868.691326,7868.691326,0,-0.01550486,0.02134744,-1.4567486,18.34657335,20.80343434,20.66766764,35312.94177,35312.94,43:23.8,Medium Risk
8364,Bridge Mutual,BMI,FALSE,64697071,160000000,160000000,2021-01-31T00:00:00.000Z,3218,0.000541268,3.07181502,0,3.07181502,1.25271695,3.36926167,-2.51942675,-1.31423309,-43.61002803,-50.32419309,35018.45497,86602.88,43:23.8,Low Risk
10777,DinoSwap,DINO,FALSE,155471247.2,160454123.3, ,2021-07-07T00:00:00.000Z,3219,0.000224628,114.3330574,0,114.3330574,0.37284744,1.47543788,-44.43678427,-49.20804878,-50.33400017,-50.74047223,34923.21991,36042.51,43:23.8,High Risk
36428,Hyperpigmentation,HYPER,FALSE,996646498.6,996646498.6,997256490,2025-05-06T10:13:57.000Z,3220,3.50E-05,0,0,0,0,-0.13224845,8.06277261,-5.71548711,3.21394613,-9.18651961,34855.81745,34877.15,43:23.8,Medium Risk
12599,ASPO World,ASPO,FALSE,79936866,500000000,500000000,2021-11-14T13:43:12.000Z,3221,0.000434439,0,0,0,0,-0.89707483,-0.63237749,-3.24080252,-3.32938724,-4.03745523,34727.71722,217219.66,43:23.8,Low Risk
24653,Naruto,NARUTO,FALSE,1.1E+11,1.1E+11,1.1E+11,2023-04-24T02:48:55.000Z,3222,3.15E-07,0,0,0,0,0,10.03409213,-23.53895745,-11.80828359,-31.4394845,34674.64463,34674.64,43:23.8,High Risk
24085,OneFinity,ONE,FALSE,4371636,25543088,25546534,2023-07-26T00:42:53.000Z,3223,0.007929096,3.42542953,0,3.42542953,0.81717529,-0.38422953,-2.10083013,-41.01953778,-48.74326949,-57.64137776,34663.12141,202560.92,43:23.8,High Risk
5114,Coinsbit Token,CNB,FALSE,1331266628,1350000000,1500000000,2020-01-07T00:00:00.000Z,3224,2.58E-05,0,0,0,0,0,0,0,0,0,34408.40603,38769.55,43:23.8,Low Risk
33870,Trump Derangement Syndrome (tearsforTDS),TDS,FALSE,1000000000,1000000000,1000000000,2024-11-11T02:30:41.000Z,3225,3.42E-05,0,0,0,0,4.77659804,2.26675478,-15.44631338,-0.83773568,-9.24990713,34191.98655,34191.99,43:23.8,Medium Risk
17131,Planet IX(formerly IX token),IXT,FALSE,131438181,153258226,153258226,2022-01-11T10:53:28.000Z,3226,0.00025974,216.4759253,0,216.4759253,2.85033844,-4.3096809,-10.35371344,-99.00144968,-99.42460675,-99.5449531,34139.76692,39807.31,43:23.8,High Risk
31456,Data Ownership Protocol,DOP,FALSE,8733406525,23348000000,23447160768,2024-05-27T07:08:31.000Z,3227,3.90E-06,0,0,0,0,0,0,0,0,0,34074.34402,91481.67,43:23.8,Low Risk
12621,Script Network,SCPT,FALSE,680808006.4,1000000000,1000000000,2021-10-11T19:33:22.000Z,3228,5.00E-05,0,0,0,0,-12.86514167,-16.72851661,-33.96983178,-55.82177674,-53.95598982,34047.14411,50009.91,43:23.8,High Risk
15996,pSTAKE Finance,PSTAKE,FALSE,439651042,500000000,500000000,2021-12-13T21:16:22.000Z,3229,7.70E-05,119.2092704,6.77392183,112.4353486,-5.79481878,135.4929176,157.6533816,5.34588249,83.36700154,-69.76723845,33856.23921,38503.54,43:23.8,High Risk
36587,retardcoin,RETARD,FALSE,999966968.9,999966968.9,999966968.9,2025-05-23T09:43:59.000Z,3230,3.37E-05,5046.983749,5046.983749,0,-0.00613004,10.54168302,16.78170138,-23.83185249,-31.540006,-15.72164672,33688.75296,33688.75,43:23.8,High Risk
36953,XOCIETY,XO,FALSE,750000000,5000000000,5000000000,2025-06-25T13:04:07.000Z,3231,4.48E-05,56733.46059,56733.46059,0,-0.02511184,-4.51911702,69.35693375,30.10337233,-58.4396646,-80.40197425,33615.40838,224102.72,43:23.8,High Risk
19924,Ellipsis,EPX,FALSE,82394722990,1.32E+11,1.32E+11,2022-05-04T05:09:40.000Z,3232,4.07E-07,0,0,0,0,5.89934498,17.28634824,5.85676027,10.72881235,39.48523254,33555.6178,53757.59,43:23.8,High Risk
32893,UFOPepe,UFO,FALSE,999983373,999984186.6,1000000000,2024-08-30T04:17:34.000Z,3233,3.35E-05,165.9953784,0,165.9953784,3.37554241,7.85371997,12.35483741,-9.85052049,-4.7403061,-35.77514426,33529.46925,33530.03,43:23.8,High Risk
39758,iShares China Large-Cap Tokenized ETF (Ondo),FXIon,FALSE,965.7390902,965.7390902, ,2026-03-24T02:56:25.000Z,3234,34.71324461,54.48255929,0,54.48255929,0.19408612,-1.47919763,-0.69597503,-4.41206965,-4.99705397,-1.1783134,33523.93727,33523.94,43:23.8,Low Risk
39992,StableNaira,SNR,TRUE,45344878.83,45344878.83, ,2026-05-13T04:37:04.000Z,3235,0.000732482,4089.960592,0,4089.960592,1.21600065,-0.08439113,0.79361664,0.36109874,1.41151456,1.41151456,33214.29054,33214.29,43:23.8,Low Risk
28991,BOZO,BOZO,FALSE,7.28249E+13,9.3E+13, ,2024-01-10T02:41:07.000Z,3236,4.51E-10,61.01658452,0,61.01658452,0.63870345,6.3425569,16.62095537,-8.13378329,1.73438956,-0.06624209,32879.1147,41987.8,43:23.8,High Risk
6638,UniLayer,LAYER,FALSE,40000000,40000000,40000000,2020-08-19T00:00:00.000Z,3237,0.000815297,0,0,0,0,0,-0.94409128,-31.04335833,-33.05764618,-30.06114191,32611.86485,32611.86,43:23.8,High Risk
39209,Polly Penguin,POLLY,FALSE,999969600.4,999969600.4,999998181,2026-01-04T13:32:20.000Z,3238,3.25E-05,0,0,0,0,10.83033702,26.63535738,-58.8418072,-75.10538688,-80.98787102,32526.77546,32527.71,43:23.8,High Risk
31463,LandRocker,LRT,FALSE,4077833433,10000000000,10000000000,2024-05-27T09:09:56.000Z,3239,7.97E-06,0,0,0,0,0,0.57563189,31.75331598,60.46382456,11.58327529,32507.32436,79717.15,43:23.8,High Risk
36512,Doge Base,DOGEBASE,FALSE,995045963,1000000000,1000000000,2025-05-15T07:29:36.000Z,3240,3.26E-05,0,0,0,0,3.3656337,9.78091548,-27.04397491,-32.89760605,-20.97259872,32398.35215,32559.65,43:23.8,High Risk
23299,The Sharks Fan Token,SHARKS,FALSE,903881,5000000,5000000,2025-10-29T10:00:39.000Z,3241,0.03568572,0,0,0,0,0,4.14766968,-4.5107114,0.25832056,12.593509,32255.64428,178428.6,43:23.8,Low Risk
29191,MAXX AI,MXM,FALSE,335393316,1000000000, ,2024-01-29T03:25:32.000Z,3242,9.57E-05,0.54889867,0,0.54889867,1.19283003,5.80528599,11.68290128,-15.3290417,-15.19013884,-33.62039263,32100.79828,95710.91,43:23.8,High Risk
9443,Step Finance,STEP,FALSE,221408395.2,609605924.6, ,2021-04-26T00:00:00.000Z,3243,0.000144345,84.1311417,0,84.1311417,0.14968986,0.6585377,-3.31606297,9.467407,-12.34711361,-47.91517037,31959.11989,87993.36,43:23.8,Medium Risk
31871,AMC,AMC,FALSE,3.38571E+13,3.469E+13,3.469E+13,2024-06-18T03:25:59.000Z,3244,9.40E-10,0,0,0,0,3.10523832,2.47793064,-14.24706277,-24.91216018,-24.91216018,31811.77529,32594.35,43:23.8,Medium Risk
38208,BabyUnicorn,BABYU,FALSE,999899472.5,999899472.5,1000000000,2025-08-27T07:07:46.000Z,3245,3.12E-05,0,0,0,0,-12.26463995,-29.74690443,-33.59521354,-53.67641674,-52.68847716,31154.02149,31157.15,43:23.8,High Risk
17242,UBXS Token,UBXS,FALSE,57155070,84999999, ,2022-01-13T12:08:55.000Z,3246,0.000541298,0,0,0,0,-0.33900895,-0.09994035,-1.81020052,3.57546925,-9.48234141,30937.95001,46010.37,43:23.8,Low Risk
13011,Striker League,MBS,FALSE,625437750,1000000000,1000000000,2021-12-22T01:48:42.000Z,3247,4.94E-05,0,0,0,0,0.87308385,1.22323438,-24.00976435,-42.99461372,-55.72363667,30885.19974,49381.73,43:23.8,High Risk
5626,King DAG,KDAG,FALSE,54451545,1000000000,1000000000,2020-05-26T00:00:00.000Z,3248,0.000564749,0,0,0,-9.03448726,-16.71836055,1.59969502,-33.71607788,-48.90149718,59.59971131,30751.46359,564749.15,43:23.8,High Risk
9237,Xpanse,HZN,FALSE,120707110,236557873, ,2021-04-15T00:00:00.000Z,3249,0.000254584,0,0,0,0,-0.19463228,1.91954909,-68.76883465,-68.37191179,-69.76893974,30730.06761,60223.79,43:23.8,High Risk
39269,iShares Flexible Income Tokenized ETF (Ondo),BINCon,FALSE,580.3181947,580.3181947, ,2026-01-08T15:44:31.000Z,3250,52.9022449,0,0,0,0,0,0,0.305213,2.86370737,1.14818825,30700.13525,30700.14,43:23.8,Low Risk
29358,Smog,SMOG,FALSE,778999968,1399999968, ,2024-02-09T08:38:24.000Z,3251,3.93E-05,0,0,0,0,10.71566356,-79.19668454,-83.95722895,-99.14821932,-99.20581062,30633.02468,55052.93,43:23.8,High Risk
36574,LanLan Cat,LANLAN,FALSE,8888888888,8888888888,8888888888,2025-05-21T13:38:43.000Z,3252,3.43E-06,0,0,0,0,0,0,-0.19125344,-2.54347403,243.4063375,30524.82119,30524.82,43:23.8,Low Risk
7791,Pancake Bunny,BUNNY,FALSE,510232,910789,1000000,2020-11-26T00:00:00.000Z,3253,0.059566952,0,0,0,0,0,0,0,0,0,30392.96495,59566.95,43:23.8,Low Risk
35900,Homebrew Robotics Club,BREW,FALSE,837146879.4,999955629.4,1000000000,2025-02-27T12:05:22.000Z,3254,3.61E-05,0,0,0,0,2.40085248,9.70960201,17.10350342,40.05736436,-95.59635071,30232.69573,36113.97,43:23.8,High Risk
12487,Dark Frontiers,DARK,FALSE,173109555,250000000, ,2021-10-08T01:30:36.000Z,3259,0.000167637,152569.7344,130269.9462,22299.78826,-8.53172133,-10.26957001,-12.88877697,-73.97558752,-82.66434201,-83.12073864,29019.54704,41909.22,43:23.8,High Risk
16389,UX Chain,UX,FALSE,3984164930,12303154593, ,2021-12-23T03:57:49.000Z,3255,7.58E-06,0,0,0,0,-4.47534417,0.57774425,-58.36913413,11.39793467,-86.7707718,30215.96912,93307.32,43:23.8,High Risk
17456,Fringe Finance,FRIN,FALSE,654583449,1000000000,1000000000,2022-01-18T23:17:19.000Z,3256,4.60E-05,53243.95599,53243.95599,0,0.00128076,0.01372171,-0.00544711,-24.60609131,-24.64725567,-25.85301351,30092.29741,45971.67,43:23.8,Medium Risk
35867,Lion Cat,LCAT,FALSE,517500000,600000000,600000000,2025-02-25T07:21:56.000Z,3257,5.77E-05,13.07664148,13.07664148,0,0.00237779,0.02378917,-0.01987276,-0.02861286,-0.07461243,-71.31439229,29841.69073,34599.06,43:23.8,Low Risk
39190,The Black Whale (blackwhale.fun),BLACKWHALE,FALSE,984769666.2,984769666.2,999984154,2025-12-29T15:19:07.000Z,3258,2.98E-05,3102.563168,0,3102.563168,0.65982066,-7.58294732,-15.4493386,-34.76139328,-41.51718739,-60.47012052,29326.14505,29779.23,43:23.8,High Risk
39303,Home Depot Tokenized Stock (Ondo),HDon,FALSE,88.84831483,88.84831483, ,2026-01-08T15:44:23.000Z,3260,323.7091916,129108.2091,129108.2091,0,-0.09325391,-0.07072934,3.21841492,8.31295554,-4.51816452,-5.75662392,28761.01617,28761.02,43:23.8,Medium Risk
16057,Galactic Quadrant,GQ,FALSE,5933475330,6010333038,10000000000,2021-12-15T02:13:21.000Z,3261,4.84E-06,0,0,0,-0.40540582,-0.37614812,-0.27621444,-1.61797929,0.22270424,2.9967681,28713.7625,48392.82,43:23.8,Low Risk
36064,Doodipals,DOODI,FALSE,926123837,961099841.9,961099841.9,2025-09-19T12:35:22.000Z,3262,3.09E-05,0,0,0,0,3.25684066,11.41081586,-22.45858472,-24.08682467,-28.04029602,28630.45605,29711.71,43:23.8,High Risk
33338,AIRDROP2049,AIRDROP,FALSE,1170000000,10000000000,10000000000,2024-10-08T02:36:15.000Z,3263,2.44E-05,4.08013614,4.08013614,0,0.00703319,2.26751324,0.93434388,-2.156024,4.64844605,8.96045865,28506.8559,243648.34,43:23.8,Low Risk
33856,Acid Toad,TOAD,FALSE,4.2069E+14,4.2069E+14,4.2069E+14,2024-11-08T16:45:37.000Z,3264,6.73E-11,61.44863658,0,61.44863658,-2.57658001,2.40042874,4.55110182,-28.62551369,22.03020033,7.9655271,28309.84637,28309.85,43:23.8,High Risk
37561,Bachi on Base,BACHI,FALSE,586500000,690000000,690000000,2025-07-30T22:38:13.000Z,3265,4.81E-05,628.1573705,0,628.1573705,-2.02937744,4.90488952,-3.99228386,-32.04816833,-40.10873894,-52.19285006,28207.46005,33185.25,43:23.8,High Risk
30603,MetaDOS,SECOND,FALSE,8247469768,10000000000,10000000000,2024-04-12T08:32:22.000Z,3266,3.41E-06,60.71421774,0,60.71421774,0.24092157,0.54457129,-0.24222859,-5.50738397,-5.37859606,-14.63623946,28155.46294,34138.3,43:23.8,Low Risk
35048,Baby Shark Meme,BABYSHARK,FALSE,849349306,999999736, ,2025-01-06T10:30:31.000Z,3267,3.31E-05,3570.700267,0,3570.700267,-0.11182913,47.33109468,16.18944176,42.46998901,182.6066662,145.0872757,28101.85016,33086.32,43:23.8,High Risk
37436,SARAH,SARAH,FALSE,597624068.2,597624068.2,1000000000,2025-07-21T06:18:35.000Z,3268,4.70E-05,0,0,0,0,-0.83723744,6.10523025,-19.28084045,-10.53689378,-17.29003207,28077.6125,46982.06,43:23.8,High Risk
38895,FogSwap,FOG,FALSE,1000000000,1000000000,1000000000,2025-11-07T06:24:36.000Z,3269,2.79E-05,0,0,0,0,12.17569769,3.11620963,-31.44680081,-26.74792468,-41.73804416,27862.7545,27862.75,43:23.8,High Risk
11423,VEMP,VEMP,FALSE,499034171.8,500000000,500000000,2021-08-26T22:25:37.000Z,3270,5.56E-05,454.0250953,454.0250953,0,0.00629184,-0.09799068,-47.99335722,-52.81131657,-52.20274436,-64.48231895,27754.76725,27808.48,43:23.8,High Risk
20874,MilkyWay,MILK,FALSE,415844394,1060408334,1200000000,2025-04-29T09:55:00.000Z,3271,6.66E-05,0,0,0,0,-17.60514644,17.80294934,77.47770278,-88.8601006,-91.98873472,27711.92449,79968.16,43:23.8,High Risk
36568,Nova Fox,NFX,FALSE,9249377,74249477,100000000,2025-05-21T03:05:03.000Z,3272,0.002995979,316.3762117,0,316.3762117,0.81126248,3.53897535,6.39497352,-22.58470674,-31.64770611,-57.10206331,27710.94312,299597.94,43:23.8,High Risk
29010,PHASMA,PHASMA,FALSE,24669800000,24669800000,24669800000,2024-01-12T00:45:37.000Z,3273,1.12E-06,4.91416482,0,4.91416482,1.28811885,-2.07367205,3.1232357,4.65686124,-46.47052137,-48.73375434,27662.96935,27662.97,43:23.8,Medium Risk
39226,First Trust Global Commodity Tokenized Fund (Ondo),FTGCon,FALSE,932.0389541,932.0389541, ,2026-01-08T15:44:31.000Z,3274,29.46161165,0,0,0,0,0,-0.01599353,-1.87863322,3.28649563,2.85518337,27459.36971,27459.37,43:23.8,Low Risk
9134,NBX,BYN,FALSE,8863174.571,100000000,100000000,2021-04-06T00:00:00.000Z,3275,0.003097617,54746.28522,54746.28522,0,-0.29101552,-0.20882304,-0.43111829,-0.96926201,39.74179663,45.53930181,27454.71613,309761.65,43:23.8,Low Risk
32448,Brainlet,BRAINLET,FALSE,952905541,999930843,1000000000,2024-07-27T21:56:48.000Z,3276,2.88E-05,4967.031531,4967.031531,0,-0.00598174,4.65676178,10.02878844,-24.63736659,-57.39398639,-92.73303856,27446.09856,28802.54,43:23.8,High Risk
35543,Aiagent.app,AAA,FALSE,999966216.8,999966216.8, ,2025-01-30T10:16:47.000Z,3277,2.71E-05,0,0,0,0,6.00896683,10.15081791,5.49858885,-7.39715067,-15.41675867,27067.73757,27067.74,43:23.8,Medium Risk
31900,RealGOAT,RGOAT,FALSE,2.1E+13,2.1E+13, ,2024-06-19T08:48:44.000Z,3278,1.28E-09,0,0,0,0,-0.81464503,5.20072603,-3.31099753,2.30621161,39.79393267,26794.88746,26794.89,43:23.8,Low Risk
4286,ZENZO,ZNZ,FALSE,29667006,83000000,83000000,2019-08-26T00:00:00.000Z,3279,0.000901678,0,0,0,0,0,0,0,0,0,26750.09236,74839.29,43:23.8,Low Risk
12071,XcelPay,XLD,FALSE,57898934,109632087,1000000000,2021-09-23T03:54:15.000Z,3280,0.00045959,12.37584038,0,12.37584038,0.60360188,0.94667522,2.94971605,-5.65728301,-41.5046131,-46.04407695,26609.77577,459590.08,43:23.8,Medium Risk
37386,Taker,TAKER,FALSE,170000000,1000000000,1000000000,2025-07-17T02:23:34.000Z,3281,0.000156135,0,0,0,0,-1.16484904,-15.82803849,-76.24955326,-99.01460378,-99.0728109,26542.99027,156135.24,43:23.8,High Risk
35601,DOGEai,DOGEAI,FALSE,750000000,1000000000, ,2025-02-05T03:53:57.000Z,3282,3.53E-05,151.3576253,0,151.3576253,0.49221247,6.73989221,1.35367056,-20.24279483,-1.46184814,-6.59539985,26463.79935,35285.07,43:23.8,High Risk
10563,Decubate,DCB,FALSE,380028488,949223596, ,2021-06-22T00:00:00.000Z,3283,6.96E-05,0.3335587,0.3335587,0,1.02E-05,-3.69836594,1.14067255,-15.06376328,-19.51130706,-95.35476982,26459.67836,66090.18,43:23.8,Medium Risk
34980,CRT AI Network,CRTAI,FALSE,352900942,560000000, ,2025-01-02T06:11:32.000Z,3284,7.45E-05,5968.451183,5968.451183,0,-0.01208112,0.01196993,-6.88389194,-30.26588032,-25.2493597,-24.03752792,26273.85332,41692.6,43:23.8,High Risk
39285,Amgen Tokenized Stock (Ondo),AMGNon,FALSE,74.06504359,74.06504359, ,2026-01-08T15:44:37.000Z,3285,354.1289967,841555.6538,832658.8524,8896.801341,-0.34215754,-1.02889582,1.02098478,7.27590057,1.33566532,-1.59378752,26228.57957,26228.58,43:23.8,Low Risk
34746,Limitus,LMT,FALSE,830139203,830139203,999986889,2024-12-18T19:14:42.000Z,3286,3.16E-05,71194.50453,71194.50453,0,0.00237585,8.46785227,11.01100902,-17.19273457,-20.54243274,-39.58349066,26216.54563,31580.49,43:23.8,High Risk
38177,Hokkaidu Inu,HOKK,FALSE,1000000000,1000000000,1000000000,2025-08-25T05:53:59.000Z,3287,2.62E-05,0,0,0,0,3.22086389,9.33934896,-39.91416506,-64.73191152,27.98287848,26186.00338,26186,43:23.8,High Risk
39219,AbbVie Tokenized Stock (Ondo),ABBVon,FALSE,115.6123795,115.6123795, ,2026-01-08T15:44:29.000Z,3288,225.8515861,1016985.405,1016475.692,509.7124916,0.3133727,-1.37702436,0.52929509,5.68370451,7.22053849,1.74259091,26111.23927,26111.24,43:23.8,Low Risk
7256,Mettalex,MTLX,FALSE,1123003,40000000, ,2020-09-30T00:00:00.000Z,3289,0.023187759,0,0,0,0,-0.77293138,0.98609754,-28.09569217,-33.40495262,-31.05771733,26039.92286,927510.36,43:23.8,High Risk
7270,SAFE DEAL,SFD,FALSE,38408294.31,38435436.31, ,2020-10-01T00:00:00.000Z,3290,0.000675719,0,0,0,0,0,0,0,0,3162.017114,25953.20885,25971.55,43:23.8,Low Risk
36802,CryBaby,CRYBB,FALSE,696165580,999991010,999991010,2025-06-11T15:35:03.000Z,3291,3.73E-05,30.26690344,0,30.26690344,1.16918622,10.18448458,11.63128939,-15.31752941,-5.33119332,-11.21092306,25949.61327,37274.72,43:23.8,High Risk
39457,2131KOBUSHIDE,21,FALSE,999903042,999903042,1000000000,2026-01-27T13:54:30.000Z,3292,2.59E-05,5918.755871,5017.001667,901.7542033,1.49714015,11.53295272,4.30336061,-15.6716418,-39.40589414,-3.01823465,25921.87191,25924.39,43:23.8,High Risk
2689,Rublix,RBLX,FALSE,20745871.36,100000000, ,2018-04-30T00:00:00.000Z,3293,0.001236281,15.96389418,0,15.96389418,1.15795327,3.44028741,4.46909237,-13.85770645,-8.65639966,-55.19330615,25647.72903,123628.11,43:23.8,Medium Risk
33666,Cros,CROS,FALSE,1000000000,1000000000, ,2024-10-28T07:21:50.000Z,3294,2.55E-05,0,0,0,0,0,-0.0245478,-0.03883703,-0.0848319,-0.0718818,25501.95705,25501.96,43:23.8,Low Risk
10367,April,APRIL,FALSE,84265543,121535396, ,2021-06-09T00:00:00.000Z,3295,0.000300663,126.3882949,0,126.3882949,0.68964325,0.36889264,4.36465286,-4.1045693,2.63208148,-5.06332262,25335.56053,36541.24,43:23.8,Low Risk
36783,LABUBU ETH,LABUBU,FALSE,1000000000,1000000000,1000000000,2025-06-10T13:33:06.000Z,3296,2.52E-05,0,0,0,0,13.61591701,24.67599259,28.03794169,9.2906679,-5.41884566,25226.74514,25226.75,43:23.8,High Risk
5007,TROY,TROY,FALSE,10000000000,10000000000, ,2019-12-06T00:00:00.000Z,3297,2.52E-06,0,0,0,0,0,0,-0.06471828,-18.79118078,-14.20908774,25175.66329,25175.66,43:23.8,Low Risk
33307,Pochita (pochita.biz),POCHITA,FALSE,1000000000,1000000000,1000000000,2024-10-04T09:21:54.000Z,3298,2.52E-05,0,0,0,0,0,5.45362347,-23.56772026,-22.85360809,-26.93896943,25168.46941,25168.47,43:23.8,High Risk
29668,Baby,BABY,FALSE,9.81257E+11,9.81257E+11,9.81567E+11,2024-03-06T06:54:23.000Z,3299,2.56E-08,27.84314435,0,27.84314435,2.14712657,5.88596711,17.46373087,-17.94907778,-1.19884196,-31.32469727,25093.24498,25101.17,43:23.8,High Risk
36531,Boost,BOOST,FALSE,613585360.3,1000000000,1000000000,2025-05-16T07:16:56.000Z,3300,4.06E-05,0,0,0,0.00261763,-18.8889967,25.58405643,11.37877997,118.732438,137.6675716,24940.49614,40647.15,43:23.8,High Risk
12781,xHashtag AI,XTAG,FALSE,66169002,100000000, ,2021-10-15T09:40:53.000Z,3301,0.000374767,329.5476393,329.5476393,0,0.00703319,-1.02699861,33.58383435,-10.33453215,-82.05503705,-86.52261766,24797.94026,37476.67,43:23.8,High Risk
39239,Denison Mines Tokenized Stock (Ondo),DNNon,FALSE,7454.142465,7454.142465, ,2026-01-08T15:44:12.000Z,3302,3.323620995,828.3737931,0,828.3737931,-0.00512891,8.45080036,8.53558099,1.19382198,-15.3333401,-10.50838381,24774.7444,24774.74,43:23.8,Medium Risk
7158,BurgerCities,BURGER,FALSE,43035832.03,43035832.03,63000000,2020-09-24T00:00:00.000Z,3303,0.000574056,0,0,0,0,0.34201722,6.65073149,-3.08940202,-2.00991962,-25.01511356,24704.99191,36165.55,43:23.8,Medium Risk
39446,2016 coin,2016,FALSE,999509289.7,999509289.7,1000000000,2026-01-24T11:53:27.000Z,3304,2.47E-05,0,0,0,0,1.23629381,29.39508773,-27.72918769,-18.35774353,-27.24940042,24682.91385,24695.03,43:23.8,High Risk
39246,Invesco Optimum Yld Dvsfd Cmd Str No K-1 Tokenized ETF (Ondo),PDBCon,FALSE,1454.085434,1454.085434, ,2026-01-08T15:44:27.000Z,3305,16.89371811,1619.143906,0,1619.143906,-0.00512891,-0.92420782,-4.03413789,-9.13024073,-2.90427092,-1.5583652,24564.90943,24564.91,43:23.8,Medium Risk
38746,Alpha Arena,ARENA,FALSE,989922248.9,989922248.9,989922248.9,2025-10-21T03:03:43.000Z,3306,2.47E-05,0,0,0,0,2.52929495,5.55688164,-45.41500199,-4.34374676,-49.58213307,24495.71559,24495.72,43:23.8,High Risk
31261,Game of Memes,GOME,FALSE,651128339,651128339, ,2024-05-15T07:42:42.000Z,3307,3.74E-05,0,0,0,0,4.84302388,11.93417331,-14.27216271,-16.05221574,-22.7019893,24378.14888,24378.15,43:23.8,High Risk
37334,MOONDOGE,MOONDOGE,FALSE,985740007,1000000000,1000000000,2025-07-12T12:40:46.000Z,3308,2.47E-05,0,0,0,0,-0.16933556,-10.42312857,6.06076324,40.50902851,15.7889826,24331.33091,24683.31,43:23.8,Medium Risk
7750,Eden,EDEN,FALSE,13232627,100000000,250000000,2020-11-23T00:00:00.000Z,3309,0.001834957,7.22195178,0,7.22195178,1.25271695,3.93467517,5.64170214,-83.58003549,-84.23395847,-84.41166259,24281.30555,458739.33,43:23.8,High Risk
5187,Jarvis Network,JRT,FALSE,29005880.19,225861521.3, ,2020-05-21T00:00:00.000Z,3310,0.000833709,3.20152704,0,3.20152704,1.15795327,3.8247695,9.61362035,-23.22237905,-8.20626612,-1.65424127,24182.46869,188302.82,43:23.8,High Risk
34411,Baby Ripple (babyxrp.xyz),BABYXRP,FALSE,1000000000,1000000000,1000000000,2024-12-04T12:58:47.000Z,3311,2.40E-05,142393.8745,142393.8745,0,0.41038953,3.46505306,0.41318837,-23.82542704,-15.55674612,-15.84366868,23985.28112,23985.28,43:23.8,High Risk
9868,XCAD Network,XCAD,FALSE,194817959.8,194817990.6,200000000,2021-05-17T00:00:00.000Z,3312,0.000122757,0,0,0,0,6.39654955,-54.44578475,-60.06401848,-51.16133172,-91.78489964,23915.17459,24551.3,43:23.8,High Risk
33842,Let that sink in,SINK,FALSE,760917268,799971910,799971910,2024-11-07T11:11:52.000Z,3313,3.08E-05,0,0,0,0,0,10.97076802,-18.45453308,-7.77132126,3.66255025,23427.22826,24629.65,43:23.8,High Risk
39260,ProShares Short QQQ Tokenized Stock (Ondo),PSQon,FALSE,933.6506777,933.6506777, ,2026-01-08T15:44:32.000Z,3314,25.05757447,1477006.277,1475266.997,1739.27961,-0.05600287,-0.46117447,-3.42068649,-4.97482441,-14.84237109,-18.22004993,23395.02139,23395.02,43:23.8,Low Risk
38217,TEN Protocol,TEN,FALSE,89223494.91,1000000000,1000000000,2025-08-28T05:10:51.000Z,3315,0.000261856,0,0,0,0,-1.25497019,-5.07560429,-53.88306133,-71.79597982,-93.11583161,23363.74269,261856.39,43:23.8,High Risk
36755,KILL BIG BEAUTIFUL BILL,KBBB,FALSE,999998669,999998669,999998669,2025-06-06T09:33:18.000Z,3316,2.33E-05,394.924163,0,394.924163,0.2283341,12.25553032,7.06962935,-16.84461551,-15.12387725,-23.60808931,23331.95968,23331.96,43:23.8,High Risk
17947,Alliance Games,COA,FALSE,414716666,2000000000,2000000000,2022-02-08T03:51:44.000Z,3317,5.60E-05,0,0,0,0,0,1.23801277,-11.91329711,-32.88709977,12.8818554,23204.13137,111903.54,43:23.8,Medium Risk
33211,Baby BNB,BABYBNB,FALSE,554838709.7,1000000000,1000000000,2024-09-29T01:27:52.000Z,3318,4.16E-05,0,0,0,0,0.52778144,4.24702981,-21.84205347,-33.51222073,-41.08148324,23090.0595,41615.8,43:23.8,High Risk
16948,Monsterra (MSTR),MSTR,FALSE,98700000,98700000, ,2022-01-06T11:07:18.000Z,3319,0.000233526,0,0,0,0,0.06833443,0.63987983,-46.88043404,-34.54772036,-34.17718047,23049.00464,23049,43:23.8,High Risk
38914,Archivas,RCHV,FALSE,1000000000,1000000000,1000000000,2025-11-10T06:08:44.000Z,3320,2.28E-05,0,0,0,0,1.17569583,3.36271208,-10.70485584,-25.85248743,-33.26318957,22816.3639,22816.36,43:23.8,Medium Risk
28800,Eggdog,EGG,FALSE,945334730,979977698.5, ,2023-12-22T04:02:06.000Z,3321,2.41E-05,0,0,0,0,-0.1111472,-5.79697214,-35.39565998,-35.52841916,-42.79217694,22769.72152,23604.15,43:23.8,High Risk
13068,COGI,COGI,FALSE,61587047,663385412,680000000,2021-10-23T23:55:57.000Z,3322,0.000369412,0,0,0,0,-0.48416103,7.43298653,-14.760315,-10.3307865,-15.36226388,22750.98124,251200.02,43:23.8,Medium Risk
9545,PixelRealm,NFTB,FALSE,690567149.1,726277000, ,2021-05-03T00:00:00.000Z,3323,3.29E-05,0,0,0,0,3.88138348,-4.13936114,-37.01255865,-39.53927537,-50.27032994,22712.03229,23886.49,43:23.8,High Risk
36634,Reddio,RDO,FALSE,2746463998,10000000000,10000000000,2025-05-29T08:50:51.000Z,3324,8.25E-06,0,0,0,0,5.84107513,9.82219745,-11.90424505,-14.77795208,-73.32956599,22669.84475,82541.93,43:23.8,High Risk
35662,AGON Agent,AGON,FALSE,1000000000,1000000000,1000000000,2025-02-09T06:43:18.000Z,3325,2.26E-05,5.58501457,0,5.58501457,-0.39374674,-0.39374674,126.2735289,-5.86670636,-24.78124646,-26.76618321,22619.80025,22619.8,43:23.8,High Risk
39248,SoundHound AI Tokenized Stock (Ondo),SOUNon,FALSE,3049.855965,3049.855965, ,2026-01-08T15:44:17.000Z,3326,7.386448597,915073.2519,914568.545,504.7069049,0.33906121,2.50022381,-1.73313296,-12.97231379,-5.44035672,-6.62435013,22527.60431,22527.6,43:23.8,Medium Risk
38610,Wall St. Bull,WBULL,FALSE,1000000000,1000000000,1000000000,2025-10-08T01:10:33.000Z,3327,2.23E-05,0,0,0,0,-0.22916377,-2.34174154,-16.46568342,-0.71047388,-38.29736334,22318.65737,22318.66,43:23.8,Medium Risk
38326,StreamerCoin,STREAMER,FALSE,1000000000,1000000000,1000000000,2025-09-09T06:58:23.000Z,3328,2.21E-05,0,0,0,0,1.36826357,13.47962557,-42.08272225,-18.87088557,-37.41251561,22127.85741,22127.86,43:23.8,High Risk
35221,Digimon,DIGIMON,FALSE,999642997,999642997, ,2025-01-14T05:54:40.000Z,3329,2.21E-05,0,0,0,0,6.33858041,12.85812583,-13.30748546,-14.0935267,-13.91850057,22058.09776,22058.1,43:23.8,High Risk
39275,Gemini Space Station Tokenized Stock (Ondo),GEMIon,FALSE,4296.487992,4296.487992, ,2026-01-08T15:44:26.000Z,3330,5.12745888,1067.235052,0,1067.235052,-0.00512891,8.96621253,6.55543526,-7.84655447,5.78843372,-27.88807063,22030.06551,22030.07,43:23.8,Medium Risk
30828,CATAMOTO,CATA,FALSE,19377666710,19648296449,20000000000,2024-04-22T04:35:51.000Z,3331,1.13E-06,0,0,0,0,-1.38165216,2.22999693,-13.30448378,29.09799471,14.26306143,21957.62045,22662.81,43:23.8,Medium Risk
31076,ZeroLend,ZERO,FALSE,54868247451,1E+11,1E+11,2024-05-06T04:06:51.000Z,3332,4.00E-07,0,0,0,0,0,-19.94494003,-75.00376016,-50.36889524,-51.90313862,21935.77421,39979,43:23.8,High Risk
39265,ConocoPhillips Tokenized Stock (Ondo),COPon,FALSE,194.172687,194.172687, ,2026-01-08T15:44:30.000Z,3333,112.9594714,1252062.42,1249123.746,2938.674703,-0.41476691,-2.31177973,-4.78817878,-8.58695348,-6.78508467,-9.00237559,21933.64409,21933.64,43:23.8,Medium Risk
39476,Catcoin (catcoin.io),CATCOIN,FALSE,1000000000,1000000000,1000000000,2026-01-29T02:36:57.000Z,3334,2.18E-05,0,0,0,0,5.44715975,-3.96782081,-39.75456823,-60.668789,-70.35555137,21757.35669,21757.36,43:23.8,High Risk
4298,Rapidz,RPZX,FALSE,1847661820,5000000000, ,2019-10-17T00:00:00.000Z,3335,1.18E-05,0,0,0,0,0,0,0,0,0,21735.30811,58818.42,43:23.8,Low Risk
7024,Autobahn Network,TXL,FALSE,67070792.63,600000000,600000000,2020-09-12T00:00:00.000Z,3336,0.00032404,0,0,0,0,-0.03323912,0.16235853,-3.29750504,-2.11904882,-5.33109378,21733.59493,194423.78,43:23.8,Low Risk
39795,iShares 1-3 Year Treasury Bond Tokenized ETF (Ondo),SHYon,FALSE,262.1998725,262.1998725, ,2026-03-24T02:56:14.000Z,3337,82.43959491,0,0,0,0,0,0.04203709,-0.11740006,-0.27060056,0.11122309,21615.65127,21615.65,43:23.8,Low Risk
39749,US Brent Oil Fund Tokenized Stock (Ondo),BNOon,FALSE,480.0279329,480.0279329, ,2026-03-24T02:56:04.000Z,3338,44.76251511,60.70125119,0,60.70125119,-0.96725607,-1.87150308,-12.01174992,-22.32518299,-7.91251826,-6.53978846,21487.2576,21487.26,43:23.8,High Risk
33887,Philosoraptor,RAPTOR,FALSE,973407926,973407926, ,2024-11-11T15:51:24.000Z,3339,2.20E-05,7555.236936,7555.236936,0,0.14978098,3.94498021,0.23458795,-29.85912631,-1.3835069,-13.89012065,21455.47104,21455.47,43:23.8,High Risk
16552,RAI Finance,SOFI,FALSE,598306249.8,1000000000, ,2021-04-07T00:00:00.000Z,3340,3.57E-05,0,0,0,0,8.63964634,-24.18371946,85.87659115,-11.34956683,-40.06676842,21341.80643,35670.37,43:23.8,High Risk
8385,Umbrella Network,UMB,FALSE,292962636,332401437, ,2021-02-09T00:00:00.000Z,3341,7.26E-05,0,0,0,0,0,-1.37506467,-16.17125488,4.71759233,-17.00703676,21278.43371,24142.95,43:23.8,Medium Risk
37343,BOMO,BOMO,FALSE,500000000,500000000,500000000,2025-07-14T06:20:15.000Z,3342,4.25E-05,0,0,0,0,5.25211583,10.44688467,-1.47477373,-64.06040102,-67.82227044,21261.53932,21261.54,43:23.8,Medium Risk
8554,PRivaCY Coin,PRCY,FALSE,14468056,61443292,70000000,2021-02-23T00:00:00.000Z,3343,0.001466691,0,0,0,0.20785138,0.75242283,2.7765187,-7.21220279,46.65442336,23.0627296,21220.1659,102668.36,43:23.8,Medium Risk
35920,Ronaldinho Coin,STAR10,FALSE,318607622.9,1000000000,1000000000,2025-03-03T07:16:15.000Z,3344,6.66E-05,0,0,0,0,-1.31985109,-1.76762256,-13.25282261,-21.97364589,-44.41931161,21219.86943,66601.89,43:23.8,Medium Risk
33384,Wet Ass Pussy,WAP,FALSE,1000000000,1000000000,1000000000,2024-10-09T13:06:13.000Z,3345,2.12E-05,0,0,0,0,4.55801727,-2.12088141,-30.36934623,-35.42819754,-30.61488653,21210.80097,21210.8,43:23.8,High Risk
11923,Elpis Battle,EBA,FALSE,22172718.4,481363628.3,1000000000,2021-11-19T18:07:06.000Z,3346,0.000952259,0,0,0,0,-0.2279154,1.95844356,-3.6949271,-4.95080692,-13.24322258,21114.1813,952259.48,43:23.8,Low Risk
33599,Flavia Is Online,FLAVIA,FALSE,999999631,999999631,999999631,2024-10-24T01:09:57.000Z,3347,2.10E-05,0,0,0,0,0,9.57807526,-20.80911802,-17.04174728,-25.81925047,20952.37187,20952.37,43:23.8,High Risk
35624,"Eat, Trade, Fart",ETF,FALSE,999977119,999329199.6, ,2025-02-06T05:37:12.000Z,3348,2.09E-05,0,0,0,0,6.70961527,2.43087046,-22.64978182,-16.33589602,-19.32091674,20915.68284,20902.13,43:23.8,High Risk
39792,Waste Management Tokenized Stock (Ondo),WMon,FALSE,94.35140664,94.35140664, ,2026-03-24T02:56:15.000Z,3349,219.4949088,735497.1788,735472.2659,24.91283768,0.00524882,-0.51542968,0.53920813,0.10260332,-2.86525948,-4.05096327,20709.6534,20709.65,43:23.8,Low Risk
39761,SolarEdge Technologies Tokenized Stock (Ondo),SEDGon,FALSE,341.4722795,341.4722795, ,2026-03-24T02:56:27.000Z,3350,60.1852135,38.03958546,0,38.03958546,-0.00512891,-0.9516953,-5.87475984,-2.50654801,54.7977156,28.89959696,20551.58204,20551.58,43:23.8,Low Risk
8755,Nerve Finance,NRV,FALSE,46237771,100000000,136183990,2021-03-09T00:00:00.000Z,3351,0.000443118,0,0,0,0,-0.49891308,19.69983927,15.87703808,16.27843866,14.14510761,20488.78682,60345.57,43:23.8,High Risk
15974,Metaverser,MTVT,FALSE,167113236.3,1008725606,1038971487,2021-12-13T07:51:01.000Z,3352,0.000122272,0,0,0,0,2.72623561,2.74184396,-14.52256083,-16.36459919,-30.62027048,20433.27147,127037.13,43:23.8,Medium Risk
34548,Realis Worlds,REALIS,FALSE,999993035,999993035,1000000000,2024-12-11T04:56:38.000Z,3353,2.04E-05,55642.36627,55642.36627,0,0.00237802,3.83378386,6.49267004,-19.07264727,-19.61920958,-23.00462685,20427.50191,20427.64,43:23.8,High Risk
35589,AIntivirus,AINTI,FALSE,92144606,99998040.2,99999870,2025-02-04T04:07:40.000Z,3354,0.000220539,54.55155864,0,54.55155864,0.33841657,10.59109152,-1.26966166,-97.8925804,-98.89495465,-98.27658179,20321.48056,22053.87,43:23.8,High Risk
29559,Sheboshis,SHEB,FALSE,20000,20000,20000,2024-02-27T14:15:00.000Z,3355,1.012534896,0,0,0,0,0,-90.90742985,-83.25377369,-71.69336726,-74.30353176,20250.69792,20250.7,43:23.8,High Risk
24580,LitLab Games,LITT,FALSE,291825068,1000000000, ,2023-05-15T03:44:37.000Z,3356,6.91E-05,0,0,0,0,0,-0.07770454,-0.84488579,-23.13627776,-24.21487107,20167.99237,69109.87,43:23.8,Low Risk
36754,YETI,YETI,FALSE,799965795.1,799965795.1,1000000000,2025-06-06T08:35:00.000Z,3357,2.51E-05,0,0,0,0,2.61020826,14.44509299,6.87661338,-0.3399186,-7.74475426,20092.83729,25117.12,43:23.8,Medium Risk
23296,Neutra Finance,NEU,FALSE,780527.59,5998325.21,6000000,2023-03-02T14:01:30.000Z,3358,0.025638709,0,0,0,0,-1.06343626,-2.424562,-4.40479496,-6.44261206,-7.68554727,20011.71951,153832.25,43:23.8,Low Risk
16252,Okratech Token,ORT,FALSE,816719844.8,900000000,900000000,2021-12-20T04:55:50.000Z,3359,2.44E-05,28110.43734,28110.43734,0,0.02963985,0.63364193,22.75247445,22.45066307,124.2081966,-15.39403295,19909.33676,21939.47,43:23.8,High Risk
32042,Spike,SPIKE,FALSE,957964983,999998011,1000000000,2024-07-01T13:00:55.000Z,3360,2.06E-05,0,0,0,0,12.02988676,19.78970086,-16.2225837,-26.74799366,39.85551975,19715.73679,20580.85,43:23.8,High Risk
15240,SENATE,SENATE,FALSE,146973386.7,163279164.7, ,2021-12-15T15:15:04.000Z,3361,0.000133811,0,0,0,0,0,-6.53058252,-2.33681869,-86.8872188,-87.78606974,19666.69511,21848.59,43:23.8,Low Risk
6992,Spartan Protocol,SPARTA,FALSE,74782755.88,74782755.88,300000000,2020-09-10T00:00:00.000Z,3362,0.000260614,0,0,0,0.26311093,19.6771109,34.64185562,17.30357729,11.92735593,40.20330598,19489.45604,78184.29,43:23.8,High Risk
33518,Poor Doge,PDOGE,FALSE,1.11744E+11,1E+13,1E+13,2024-10-18T06:13:17.000Z,3363,1.74E-07,0,0,0,0.20400958,-0.95758268,-14.44788223,-16.7472332,-16.58655596,-18.28716873,19483.92554,1743627.35,43:23.8,High Risk
34166,Evan,EVAN,FALSE,999823336,999844983,999844983,2024-11-22T08:27:26.000Z,3364,1.95E-05,71928.74913,71928.74913,0,-0.01066563,6.46960159,15.65861063,-14.78271618,-56.6518314,-57.49000515,19454.0217,19454.44,43:23.8,High Risk
39313,ON Semiconductor Tokenized Stock (Ondo),ONon,FALSE,152.5983069,152.5983069, ,2026-01-08T15:44:31.000Z,3365,125.8834603,20.37931987,0,20.37931987,-0.00512891,7.49066741,4.18603563,11.31978064,57.50687172,106.4344991,19209.60292,19209.6,43:23.8,Medium Risk
37355,NDQ666,NDQ,FALSE,1000000000,1000000000,1000000000,2025-07-14T13:10:03.000Z,3366,1.90E-05,0,0,0,0,0,4.00587849,-16.26063113,2.1309806,-4.03425817,19041.14317,19041.14,43:23.8,Medium Risk
33051,JinPeng,JIN,FALSE,854316386,852770645.4,852770645.4,2024-09-17T13:11:22.000Z,3367,2.19E-05,0,0,0,0,5.55193555,6.20843838,-13.43024781,9.20431587,-7.64035287,18684.43743,18650.63,43:23.8,High Risk
35618,AIvalanche DeFAI Agents,AVAXAI,FALSE,190293475,1000000000, ,2025-02-05T13:47:17.000Z,3368,9.81E-05,141976.7706,141976.5675,0.20307192,0.09394892,0.52779305,-8.40321958,0.18270558,-4.27060142,3.84427302,18675.31284,98139.53,43:23.8,Low Risk
25822,AiMalls,AIT,FALSE,201885,834543, ,2023-05-24T03:19:15.000Z,3369,0.091878545,0,0,0,0,1.28869426,1.84710361,-13.08171902,-10.98063158,-24.32091775,18548.90002,76676.6,43:23.8,Medium Risk
29525,Lynex,LYNX,TRUE,29165560,303516776.6, ,2024-02-26T03:06:28.000Z,3370,0.000631915,0,0,0,-2.65E-05,1.48351703,2.43818691,-24.609031,-38.67521798,-95.90941763,18430.16803,191796.94,43:23.8,High Risk
8029,Oxygen,OXY,FALSE,40689415,9999999993, ,2020-12-16T00:00:00.000Z,3371,0.000449729,284550.5163,284550.5163,0,0.00125564,-2.15980223,-2.1783829,-23.7413804,-0.25789424,-16.83948485,18299.22352,4497293.34,43:23.8,High Risk
17231,Synesis One,SNS,FALSE,456252758.1,999996689, ,2022-01-13T07:03:12.000Z,3372,4.01E-05,146.7469856,0,146.7469856,-0.96341973,-4.48284805,-18.93832246,-42.8038921,-29.36003274,11.16734221,18293.61239,40095.21,43:23.8,High Risk
8386,Gourmet Galaxy,GUM,FALSE,3312144.61,20000000,20000000,2021-02-03T00:00:00.000Z,3373,0.005442251,0,0,0,0,-0.10588011,5.18967002,-2.9997416,-0.52913556,-5.68413601,18025.52264,108845.02,43:23.8,Low Risk
28866,Solzilla,SOLZILLA,FALSE,6.4118E+14,6.50202E+14, ,2023-12-28T10:15:59.000Z,3374,2.80E-11,0,0,0,2.00E-08,4.2051924,7.84221781,-34.48992653,-41.68635923,-38.70944482,17957.94583,18210.64,43:23.8,High Risk
2666,Effect AI (old),EFX,FALSE,252168527.3,650000000, ,2018-04-23T00:00:00.000Z,3375,7.12E-05,0,0,0,0,-0.52560204,0.66782718,-7.04725314,-7.04968831,-12.56189624,17949.96413,46268.57,43:23.8,Low Risk
21013,Meta Apes,PEEL,FALSE,153410748,202916818.7,1000000000,2022-07-17T19:30:37.000Z,3376,0.00011677,0,0,0,0,-0.98013007,-1.21473832,0.27373992,-0.58959403,0.14140622,17913.83469,116770.4,43:23.8,Low Risk
36225,Darkpino,DPINO,FALSE,991839963,999999999,999999999,2025-04-09T05:51:11.000Z,3377,1.80E-05,11603.66048,0,11603.66048,-0.31350584,17.61398189,-94.18426785,-97.34044935,-97.51617575,-99.2397616,17883.13053,18030.26,43:23.8,High Risk
30563,Playbux,PBUX,FALSE,394380619.8,400000000,400000000,2024-04-11T16:14:38.000Z,3378,4.53E-05,0,0,0,0,-5.96471981,20.39285925,-49.50421288,-35.71030048,-25.11024865,17853.76482,18108.16,43:23.8,High Risk
9259,TheForce Trade,FOC,FALSE,80200000,450000000,1000000000,2021-04-12T00:00:00.000Z,3379,0.000220101,0,0,0,0,-0.88926782,-1.49069375,-7.47584653,-10.02733399,-22.40778309,17652.08092,220100.76,43:23.8,Low Risk
38402,JoJoWorld,JOJO,FALSE,112000000,800000000,800000000,2025-09-15T10:14:00.000Z,3380,0.000157048,1025.865858,0,1025.865858,2.71151059,3.10296657,-35.48272191,-95.98580589,-95.94391,-96.76932376,17589.424,125638.74,43:23.8,High Risk
39267,Pinterest Tokenized Stock (Ondo),PINSon,FALSE,823.3590649,823.3590649, ,2026-01-08T15:44:16.000Z,3381,21.35904266,4.98197694,0,4.98197694,2.69761367,0.68076849,-2.77460177,10.40904341,5.66346876,16.55304223,17586.1614,17586.16,43:23.8,Medium Risk
38452,Etarn,ETAN,FALSE,84178362,1000000000,1000000000,2025-09-19T06:36:45.000Z,3382,0.000208786,79886.21845,79820.20993,66.00852285,-1.97023637,-8.17549993,-6.35742729,-46.3869457,-74.69469467,-91.51232077,17575.26352,208786,43:23.8,High Risk
39768,iShares MSCI India Tokenized ETF (Ondo),INDAon,FALSE,355.3188781,355.3188781, ,2026-03-24T02:56:22.000Z,3383,49.06926678,718480.7071,718420.699,60.00811226,-0.40813142,0.05372645,2.49108093,1.95190274,-2.59429525,6.40646344,17435.23682,17435.24,43:23.8,Low Risk
8963,UnMarshal,MARSH,FALSE,67642378.86,100000000, ,2021-03-26T00:00:00.000Z,3384,0.00025705,0,0,0,0,0,0,-46.92560155,2.73309835,-37.35224844,17387.44141,25704.95,43:23.8,High Risk
35572,San Chan (sanchan.live),SAN,FALSE,941930665.9,941930665.9, ,2025-02-02T09:01:24.000Z,3385,1.84E-05,2375.714342,0,2375.714342,1.33920302,23.73434696,16.17438456,-5.53039764,-14.66107499,-14.74109323,17354.56468,17354.56,43:23.8,High Risk
11700,Life Crypto,LIFE,FALSE,2631194572,10000000000,10000000000,2021-09-06T21:54:04.000Z,3386,6.59E-06,0,0,0,0,2.51515879,17.14755834,24.50889099,-71.73569341,-39.81345232,17332.8303,65874.38,43:23.8,High Risk
35680,Lux,LUX,FALSE,1000000000,1000000000, ,2025-02-10T07:52:54.000Z,3387,1.73E-05,10.16140544,0,10.16140544,1.50874337,5.2932112,12.49198962,-12.33977352,-11.51579491,-19.18235718,17281.06451,17281.06,43:23.8,High Risk
1200,NevaCoin,NEVA,FALSE,5431630,5431630, ,2016-03-22T00:00:00.000Z,3388,0.003124151,0,0,0,0,0,0,0,9.80416052,-57.21630529,16969.23462,16969.23,43:23.8,Low Risk
38595,Baby BNB,BABYBNB,FALSE,1000000000,1000000000,1000000000,2025-10-07T07:05:33.000Z,3389,1.69E-05,0,0,0,0,0.75001524,0.39522137,-18.76787797,-7.62204737,-10.18108931,16854.81663,16854.82,43:23.8,Medium Risk
36577,Caila,CA,FALSE,962851310.7,962851310.7,1000000000,2025-05-22T07:17:22.000Z,3390,1.74E-05,42.37526163,0,42.37526163,1.08538071,0.40749789,2.24261127,-12.85087989,16.69310732,35.40293048,16706.58974,17351.16,43:23.8,Medium Risk
38474,Regret,REGRET,FALSE,999740270.4,999740270.4,999740270.4,2025-09-22T09:14:58.000Z,3391,1.65E-05,0,0,0,0,7.72954346,28.03383804,-25.26460137,-14.72486604,-44.29639732,16474.60502,16474.61,43:23.8,High Risk
10251,The Corgi of PolkaBridge,CORGIB,FALSE,2.897E+13,5.5E+13,1E+14,2021-06-03T00:00:00.000Z,3392,5.67E-10,0,0,0,0,0.93586208,2.78864891,-3.29624596,4.90842855,-1.67046078,16437.93473,56741.23,43:23.8,Low Risk
39287,Ford Motor Tokenized Stock (Ondo),Fon,FALSE,1102.097708,1102.097708, ,2026-01-08T15:44:30.000Z,3393,14.90402015,876246.2723,876205.7233,40.54902305,0.02878244,-2.72012322,-1.86487746,8.98611067,17.90113918,23.46477008,16425.68644,16425.69,43:23.8,Medium Risk
39266,Opendoor Technologies Tokenized Stock (Ondo),OPENon,FALSE,3541.655046,3541.655046, ,2026-01-08T15:44:38.000Z,3394,4.606061305,98.16346711,0,98.16346711,-0.00512891,3.65971839,6.96367717,5.2830032,-12.4383712,-17.19114864,16313.08026,16313.08,43:23.8,Medium Risk
39314,Snap Tokenized Stock (Ondo),SNAPon,FALSE,3096.846645,3096.846645, ,2026-01-08T15:44:34.000Z,3395,5.263866593,0,0,0,0,0,-6.60232053,-4.7489597,-12.6240508,13.24104385,16301.3876,16301.39,43:23.8,Medium Risk
32877,Lamas Finance,LMF,FALSE,7180391,7380391.37, ,2024-08-29T06:55:08.000Z,3396,0.002262075,83.30975421,0,83.30975421,0.87012527,4.6960827,21.19465383,0.28864544,-12.05073227,-8.83116905,16242.58389,16695,43:23.8,High Risk
37409,UPTOP,UPTOP,FALSE,210000000,1000000000,1000000000,2025-07-18T06:05:45.000Z,3397,7.73E-05,0,0,0,0,-0.24736761,0.52924935,26.36319479,-43.55345169,-93.84753232,16226.42384,77268.68,43:23.8,High Risk
39252,Bank of America Tokenized Stock (Ondo),BACon,FALSE,283.5250058,283.5250058, ,2026-01-08T15:44:09.000Z,3398,56.26144931,1087897.725,1086867.906,1029.818981,0.23522714,-0.50113911,4.3812156,13.13200739,5.06101226,17.73872236,15951.52774,15951.53,43:23.8,Medium Risk
32314,MILKBAG,MILKBAG,FALSE,899153384,925166176.9,930273066,2024-07-22T07:02:40.000Z,3399,1.77E-05,0,0,0,0,0,5.1723628,-20.45613809,-28.85830851,-34.8037297,15907.43966,16458,43:23.8,High Risk
35933,YachtsCoin,YTC,FALSE,999915076.5,999915076.5,1000000000,2025-03-04T06:33:24.000Z,3400,1.58E-05,0,0,0,0,0,-1.62177188,-24.74238391,-36.31997564,-51.20936119,15834.82459,15836.17,43:23.8,High Risk
33177,MBP Coin,MBP,FALSE,15994914,200000000,200000000,2024-09-26T05:24:53.000Z,3401,0.000988899,0,0,0,0,0,0,4.12783398,70.47573417,-58.18804016,15817.35598,197779.82,43:23.8,Low Risk
39288,Janus Henderson AAA CLO Tokenized ETF (Ondo),JAAAon,FALSE,304.1366389,304.1366389, ,2026-01-08T15:44:31.000Z,3402,51.25888872,0,0,0,0,0,0.00935405,0.13333324,0.59190202,1.26273842,15589.70613,15589.71,43:23.8,Low Risk
29547,Masa,MASA,FALSE,1193507627,1518704013, ,2024-02-27T03:00:05.000Z,3403,1.30E-05,1.1119935,1.1119935,0,15.68440905,72.84835597,-0.01987276,-79.52419589,-79.91865875,-92.42426438,15506.21527,19731.21,43:23.8,High Risk
23146,HanChain,HAN,FALSE,83821503,1500000000,1500000000,2023-01-05T05:35:44.000Z,3404,0.000184703,620757.6145,620757.6145,0,1.10191529,2.42815886,6.45247051,-18.88942852,-27.23538111,-44.11001225,15482.114,277055.05,43:23.8,High Risk
32984,Unio Coin,UNIO,FALSE,596750000,4000000000,4000000000,2024-09-29T16:58:10.000Z,3405,2.59E-05,0,0,0,0.10509988,0.15701841,2.18044037,2.36819184,-0.2172566,-0.99912515,15468.38562,103684.19,43:23.8,Low Risk
33659,GoldenRat,RATS,FALSE,6.24392E+11,6.9069E+11, ,2024-10-28T04:21:52.000Z,3406,2.47E-08,0,0,0,0,-0.56781914,-1.93980611,-0.4238585,-49.18816798,-53.48916584,15421.10105,17058.53,43:23.8,Low Risk
20188,MBD Financials,MBD,FALSE,25940635420,40000000000,40000000000,2022-05-19T03:21:25.000Z,3407,5.91E-07,1797.896951,1119.339263,678.557688,1.45619344,-50.31588625,-55.8413339,-62.59619855,-83.81597113,-90.68753757,15325.25882,23631.28,43:23.8,High Risk
34041,Major Frog,MAJOR,FALSE,845000000,987982551,987982551,2024-11-18T09:47:30.000Z,3408,1.81E-05,0,0,0,0,-1.40329087,16.11759553,0.63052397,-6.55779174,-15.62761729,15290.31022,17877.59,43:23.8,Medium Risk
11926,Thetan World,THG,FALSE,113584953.7,420000000,420000000,2021-09-16T17:25:22.000Z,3409,0.000134195,0,0,0,0,0.63846276,-1.21875256,-12.1239954,-20.30593882,-27.01115657,15242.57999,56362.07,43:23.8,Medium Risk
37759,Simon the Gator,SIMON,FALSE,689852778.2,690000000,690000000,2025-08-13T20:02:54.000Z,3410,2.21E-05,0,0,0,0,0,-3.49261993,-33.1951308,-34.51819326,-51.55556974,15217.38411,15220.63,43:23.8,High Risk
30711,Rug World Assets,RWA,FALSE,9498089,10000000,10000000,2024-04-16T19:49:44.000Z,3411,0.001567941,0,0,0,0,0,7.66171702,41.20066657,-9.59849686,-24.02258014,14892.44434,15679.41,43:23.8,High Risk
37990,HODL Coin,HODL,FALSE,999625547.4,999625547.4,999993167.4,2025-08-16T12:58:30.000Z,3412,1.47E-05,0,0,0,0,-0.98766019,-4.62115009,-13.47500992,-8.09838689,-7.99372525,14728.84721,14734.26,43:23.8,Medium Risk
39135,Dinosol,DINO,FALSE,868047937,868047937,868047937,2025-12-16T06:31:07.000Z,3413,1.69E-05,0,0,0,0,3.97931356,10.46164224,-24.16471328,-30.0611511,-39.93384197,14685.33412,14685.33,43:23.8,High Risk
36379,Elderglade,ELDE,FALSE,254611101,400000000,400000000,2025-05-27T07:33:28.000Z,3414,5.76E-05,469.3109346,469.3109346,0,-0.04025153,-11.90472087,-19.04395446,-47.19571012,-63.90795551,-46.93096977,14654.61977,23022.75,43:23.8,High Risk
9673,Loser Coin,LOWB,FALSE,60296840158,60296840158,1E+11,2021-05-10T00:00:00.000Z,3415,2.43E-07,0,0,0,0,-12.22232158,-3.97666065,2.40767073,-86.44723413,-86.55684942,14627.61484,24259.34,43:23.8,Medium Risk
31670,Doug The Duck,DOUG,FALSE,999960911,999960911, ,2024-06-06T17:28:02.000Z,3416,1.46E-05,0,0,0,0,4.98548812,16.64597092,-10.58122699,-2.02645042,-8.40461768,14570.8077,14570.81,43:23.8,High Risk
34765,Magaverse,MVRS,FALSE,1000000000,1000000000,1000000000,2024-12-19T09:45:31.000Z,3417,1.44E-05,28141.91584,28141.91584,0,0.00237753,9.67654571,10.9779445,-20.86753284,-15.52879869,-30.96827049,14421.27333,14421.27,43:23.8,High Risk
5025,Jade Currency,JADE,FALSE,53652398,110000000, ,2020-04-26T00:00:00.000Z,3418,0.000267961,0,0,0,0,-0.78039391,-2.02864455,-19.01935776,-11.25850503,-26.4489756,14376.75516,29475.72,43:23.8,Medium Risk
5024,Crypto-Altcoins.com,ALTS,FALSE,1330240533,1534000000,1534000000,2019-12-10T00:00:00.000Z,3419,1.07E-05,0,0,0,0,33.46142516,19.0188412,-23.50413334,-41.39904228,-31.11662554,14241.23765,16422.64,43:23.8,High Risk
39236,Bullish Tokenized Stock (Ondo),BLSHon,FALSE,498.2572306,498.2572306, ,2026-01-08T15:44:24.000Z,3420,28.57992366,195.1032949,0,195.1032949,-0.00512891,5.10914832,-2.31578902,-25.49090171,-30.84828036,-28.45835444,14240.15361,14240.15,43:23.8,High Risk
3687,BitBall,BTB,FALSE,639999999,1000000000, ,2019-01-10T00:00:00.000Z,3421,2.20E-05,10706.67189,10706.67189,0,-0.01208112,0.01506958,-0.02116379,-0.04865276,-0.08832666,-0.07522241,14067.06845,21979.79,43:23.8,Low Risk
35208,C.A.T (Crypto Agent Trading),CATG,FALSE,999758702.7,999758702.7, ,2025-01-13T09:31:36.000Z,3422,1.40E-05,0,0,0,0,7.23539546,10.63464155,-20.75243133,-19.33438553,-20.61295389,13989.02982,13989.03,43:23.8,High Risk
36479,Kobushi,KOBUSHI,FALSE,4.2069E+11,4.2069E+11,4.2069E+11,2025-05-13T05:02:14.000Z,3423,3.32E-08,0,0,0,0,5.17513574,6.94629363,65.98076598,-30.51975055,-25.92694546,13960.64834,13960.65,43:23.8,High Risk
7182,Billion Happiness,BHC,FALSE,50000,50000,50000,2020-09-25T00:00:00.000Z,3424,0.274659586,0,0,0,0,-0.0422819,1.00088796,-3.29989075,-23.23059091,-1.25130582,13732.9793,13732.98,43:23.8,Low Risk
36251,Binance Mascot,PHIL,FALSE,1000000000,1000000000,1000000000,2025-04-14T10:44:37.000Z,3425,1.37E-05,0,0,0,0,0,6.88308742,-9.13589493,14.45142112,4.4210283,13666.87559,13666.88,43:23.8,Medium Risk
29482,Smart Layer Network,SLN,FALSE,43832884.84,100000000,100000000,2024-02-21T09:02:02.000Z,3426,0.000311357,0,0,0,0,-0.16536027,-37.23379794,-46.01095591,-23.16130805,-23.91726656,13647.67748,31135.7,43:23.8,High Risk
10905,AirNFTs,AIRT,FALSE,112040000,886000000,1000000000,2021-07-15T00:00:00.000Z,3427,0.00012069,0,0,0,0,-0.18234614,1.88652686,-4.86371688,-0.49821742,-8.44335813,13522.11735,120690.09,43:23.8,Low Risk
9756,Virtue Poker,VPP,FALSE,106988748,500000000,500000000,2021-05-13T00:00:00.000Z,3428,0.000124973,0,0,0,0,1.13319311,2.8714497,-7.84486554,-9.94825198,-32.0964851,13370.68166,62486.39,43:23.8,Medium Risk
35117,aiPump,AIPUMP,FALSE,380666741,1000000000, ,2025-01-09T04:53:03.000Z,3429,3.43E-05,0,0,0,0,-0.2001039,-39.87516383,-99.40029014,-99.14209093,-97.12522883,13052.84503,34289.43,43:23.8,High Risk
11498,Chainbing,CBG,FALSE,33000000,10000000000,10000000000,2021-08-30T15:26:47.000Z,3430,0.000395364,0,0,0,0.06489587,-12.52200383,41.88408086,-30.39486741,-43.36011824,-32.94975039,13047.02009,3953642.45,43:23.8,High Risk
39764,abrdn Physical Precious Metals Tokenized ETF (Ondo),GLTRon,FALSE,64.00403361,64.00403361, ,2026-03-24T02:56:16.000Z,3431,203.3082945,209.5638259,0,209.5638259,0.49148527,1.29088836,1.8168939,0.01896313,-10.47435288,-5.46463755,13012.55091,13012.55,43:23.8,Low Risk
21286,Cantina Royale,CRT,FALSE,243183445,1000000000,1000000000,2022-08-07T15:48:03.000Z,3432,5.34E-05,0.24282913,0,0.24282913,0.81717526,2.21480821,4.04776781,-25.71932491,-31.54186212,-33.04730705,12985.46933,53397.83,43:23.8,High Risk
8717,Oddz,ODDZ,FALSE,98999988,100000000,100000000,2021-03-18T00:00:00.000Z,3433,0.000130823,0,0,0,0,0,0,-11.57008141,-13.94419587,-44.56704406,12951.50727,13082.33,43:23.8,Medium Risk
36820,Degen Arena,DEGEN,FALSE,4.2069E+14,4.2069E+14,4.2069E+14,2025-06-12T15:46:58.000Z,3434,3.05E-11,0,0,0,0,4.88377256,1.74727456,-39.62480852,-33.94574035,-36.36922198,12839.64708,12839.65,43:23.8,High Risk
39766,VinFast Auto Tokenized Stock (Ondo),VFSon,FALSE,3995.416282,3995.416282, ,2026-03-24T02:56:22.000Z,3435,3.161434232,3439.66776,0,3439.66776,-0.00512891,0.29703768,3.46323029,-17.59156,-27.55016813,6.32054428,12631.2458,12631.25,43:23.8,Medium Risk
34645,VentureMind AI,VNTR,FALSE,432996944,499996944,499996944,2024-12-16T07:42:24.000Z,3436,2.89E-05,0,0,0,0,-25.93506398,-40.28438034,-53.81093094,-97.02670412,-95.75479078,12509.35747,14445,43:23.8,High Risk
32229,Record,RECORD,FALSE,606207730.9,1000000000,1000000000,2024-07-15T06:24:06.000Z,3437,2.06E-05,0,0,0,0,4.33416518,12.97913661,-4.99738226,-7.92598977,-15.88233448,12491.35821,20605.74,43:23.8,Medium Risk
30179,StoryFire,BLAZE,FALSE,6284068245,20000000000,20000000000,2024-03-28T12:14:46.000Z,3438,1.97E-06,0,0,0,0,-0.62700671,-4.44543971,-7.71224407,-7.07371871,-8.92336987,12368.52406,39364.7,43:23.8,Medium Risk
39746,Newmont Tokenized Stock (Ondo),NEMon,FALSE,115.7658896,115.7658896, ,2026-03-24T02:56:12.000Z,3439,106.3862287,763308.0615,741838.5871,21469.47442,0.58204663,1.60357675,7.1028137,-2.70578837,-5.68414048,10.19437254,12315.89641,12315.9,43:23.8,Medium Risk
39737,First Trust NASDAQ Cybersecurity Tokenized ETF (Ondo),CIBRon,FALSE,143.2041629,143.2041629, ,2026-03-24T02:56:04.000Z,3440,86.07572639,47.55253974,0,47.55253974,0.92110185,-1.23300276,0.947384,8.78446469,30.89543946,41.38477665,12326.40235,12326.4,43:23.8,Medium Risk
17607,Engines of Fury,FURY,FALSE,48002895.01,120000000,120000000,2022-01-25T03:13:55.000Z,3441,0.000253319,0,0,0,0,-0.24055861,-6.36826729,-16.36504216,-81.42300923,-45.56751421,12160.05149,30398.3,43:23.8,Medium Risk
10462,SHILL Token,SHILL,FALSE,357073944,1000000000, ,2021-06-16T00:00:00.000Z,3442,3.40E-05,309.9105267,0,309.9105267,4.44130035,-2.78964079,-9.70810351,-20.27436556,1.41314401,-68.9251993,12127.4522,33963.42,43:23.8,High Risk
7622,UBIX.Network,UBX,FALSE,45558153243,1E+12,1E+12,2020-11-09T00:00:00.000Z,3443,2.66E-07,28065.80434,28065.80434,0,0.75248928,3.47969625,-3.30296737,3.17175505,3.55904055,-24.88092175,12110.39653,265822.81,43:23.8,Medium Risk
38391,fartcoin killer,BUTTPLUG,FALSE,999456146.3,999456146.3,1000000000,2025-09-15T04:37:50.000Z,3444,1.21E-05,0,0,0,0,0,0.47450743,-22.29917417,-15.75253943,-27.39143634,12108.15522,12114.74,43:23.8,Medium Risk
39791,Union Pacific Corporation Tokenized Stock (Ondo),UNPon,FALSE,46.18445599,46.18445599, ,2026-03-24T02:56:19.000Z,3445,260.8042671,741429.9787,741429.9787,0,-0.06803772,-5.70656947,-3.75020916,-3.49445954,5.29200265,8.27810085,12045.1032,12045.1,43:23.8,Medium Risk
34585,BSX,BSX,FALSE,189477711,998000000,998000000,2025-01-16T22:47:10.000Z,3446,6.35E-05,241.1189844,0,241.1189844,42.28199171,-33.6977732,-31.4595268,-73.31545762,-78.37967681,-79.77896484,12027.73139,63351.39,43:23.8,High Risk
11251,Dexlab Classic,DXLC,FALSE,52526785.59,1000000000, ,2021-08-13T00:00:00.000Z,3447,0.000227231,7.90521145,0,7.90521145,1.53761969,2.07793848,1.19491405,-40.79294748,3.52832842,-19.66695181,11935.69322,227230.6,43:23.8,High Risk
34286,Yellow Pepe,YELPE,FALSE,999970732,999970732,1000000000,2024-11-28T13:27:38.000Z,3448,1.19E-05,0,0,0,0,5.0870441,27.96346443,16.22143026,16.22143026,16.22143026,11911.82855,11912.18,43:23.8,High Risk
8259,Furucombo,COMBO,FALSE,40569925.1,100000000,100000000,2021-01-15T00:00:00.000Z,3449,0.000292578,0,0,0,0,9.43946515,6.93448112,-20.76807673,-23.91091561,-22.33336579,11869.87835,29257.83,43:23.8,High Risk
11245,Landshare,LAND,FALSE,5342355.93,7280169.561,10000000,2021-08-13T00:00:00.000Z,3450,0.002221492,0,0,0,0,1.16098992,0.70506859,-69.40868293,-98.59793233,-98.71717612,11867.99963,22214.92,43:23.8,High Risk
39279,Southern Tokenized Stock (Ondo),SOon,FALSE,124.116895,124.116895, ,2026-01-08T15:44:14.000Z,3451,94.87345133,19.9868659,0,19.9868659,-0.00512891,0.33018636,2.42842221,1.48654173,-0.20810356,-3.97627766,11775.39819,11775.4,43:23.8,Low Risk
16033,Metastrike,MTS,FALSE,259556057,565000000,565000000,2021-12-14T07:44:33.000Z,3452,4.53E-05,98.00427487,0,98.00427487,-11.43091169,-12.01434154,-11.98201319,-17.68804389,-16.56980221,-22.39273106,11765.5915,25611.27,43:23.8,High Risk
1185,FreedomCoin,FREED,FALSE,6604387.319,18000000, ,2016-03-01T00:00:00.000Z,3453,0.001774858,0,0,0,-0.07599979,0.01289189,3.60815508,-14.39616668,-39.87831837,-45.77340084,11721.84675,31947.44,43:23.8,Medium Risk
8605,WOWswap,WOW,FALSE,999486.6086,1000000,1000000,2021-02-26T00:00:00.000Z,3454,0.011724995,0,0,0,0,-0.2999501,-5.58558606,-11.63109186,-10.04064125,-20.71853217,11718.97561,11725,43:23.8,Medium Risk
19677,HawkFi,HAWK,FALSE,1031895935,5000000000, ,2022-04-21T13:23:08.000Z,3455,1.13E-05,0,0,0,0,-0.91042065,-6.42184267,-12.13810489,-2.11149486,-1.23043762,11679.44346,56592.16,43:23.8,Medium Risk
39784,iShares US Aerospace and Defense Tokenized ETF (Ondo),ITAon,FALSE,48.75957622,48.75957622, ,2026-03-24T02:56:23.000Z,3456,237.1780642,732850.9955,732350.0271,500.968478,-0.08774119,1.28579325,4.11738406,8.76378669,2.92843172,6.0546688,11564.7019,11564.7,43:23.8,Medium Risk
3754,EveryCoin ,EVY,FALSE,9380000000,88800000000, ,2019-02-20T00:00:00.000Z,3457,1.23E-06,10.81321929,10.81321929,0,-0.0039809,0.01442599,-0.01070842,-2.38961131,-1.67967077,-6.88533488,11529.68898,109151,43:23.8,Low Risk
39302,Deere Tokenized Stock (Ondo),DEon,FALSE,20.37060499,20.37060499, ,2026-01-08T15:44:35.000Z,3458,562.8202657,1387.908444,0,1387.908444,-3.62162441,-3.06639136,-3.60614702,0.59683673,-4.01051161,-1.95066519,11464.98931,11464.99,43:23.8,Medium Risk
11021,Corite,CO,FALSE,122199592,999999545,1000000000,2021-07-22T00:00:00.000Z,3459,9.33E-05,0,0,0,0,-0.35647942,0.04990051,-9.17699679,-35.28435436,-36.975641,11398.16136,93274.95,43:23.8,Low Risk
39307,Merck Tokenized Stock (Ondo),MRKon,FALSE,96.34913842,96.34913842, ,2026-01-08T15:44:28.000Z,3460,117.2290008,979673.5205,960129.4447,19544.07587,0.62394177,-1.93445575,-3.43669658,4.56956713,1.07857268,0.16224641,11294.91322,11294.91,43:23.8,Medium Risk
36032,Metadrip,DRIP,FALSE,999989662,999989662,999989662,2025-03-14T07:47:05.000Z,3461,1.13E-05,0,0,0,0,18.92457994,17.59105632,-17.35418869,-12.85969676,8.92881741,11284.06985,11284.07,43:23.8,High Risk
7795,Bird.Money,BIRD,FALSE,94942,140000, ,2020-11-27T00:00:00.000Z,3462,0.118630926,0,0,0,0,0,0,14.02641827,13.54471963,-29.67434679,11263.05741,16608.33,43:23.8,Medium Risk
31106,Donkey King,DOKY,FALSE,8674561969,8674561969, ,2024-05-06T10:43:36.000Z,3463,1.29E-06,0,0,0,0,9.01372841,25.6671946,-26.61208825,-32.37769933,1.44824106,11183.91284,11183.91,43:23.8,High Risk
39291,Thermo Fisher Scientific Tokenized Stock (Ondo),TMOon,FALSE,23.25207955,23.25207955, ,2026-01-08T15:44:32.000Z,3464,473.8621112,725928.7584,725928.7584,0,-0.36720607,0.80955759,0.61814729,7.24355054,-7.79209345,0.55226275,11018.2795,11018.28,43:23.8,Low Risk
10824,Hertz Network,HTZ,FALSE,5238410649,14000000000,14000000000,2021-07-10T00:00:00.000Z,3465,2.09E-06,0,0,0,0,0.52958432,0.2323326,-0.73557946,-0.75781647,-1.99787662,10963.10099,29299.61,43:23.8,Low Risk
38251,Planck,PLANCK,FALSE,76556786,500000000,500000000,2025-09-01T13:30:33.000Z,3466,0.00014315,1951.318589,0,1951.318589,1.32200222,-10.54666942,2.30137064,-32.58267959,-48.57065813,-81.66299583,10959.07946,71574.84,43:23.8,High Risk
35237,Hiero Terminal,HTERM,FALSE,812756885,812756885, ,2025-01-14T10:16:06.000Z,3467,1.31E-05,0,0,0,0,7.15042583,12.6092316,-52.4253015,-48.935211,-54.11940783,10634.7327,10634.73,43:23.8,High Risk
7034,Golff,GOF,FALSE,9999337.73,9999337.73,50000000,2020-09-14T00:00:00.000Z,3468,0.001062673,1.24417018,1.24417018,0,0.24698263,-24.45560213,-24.01951457,-25.40592582,-24.57422293,-26.65886813,10626.02223,53133.63,43:23.8,High Risk
2717,BoutsPro,BOUTS,FALSE,76615188.18,2000000000, ,2018-05-08T00:00:00.000Z,3469,0.000135678,0,0,0,0,0,0,0,0,0,10395.00921,271356.36,43:23.8,Low Risk
37583,PJN,PJN,FALSE,999950774.8,999950774.8,999950774.8,2025-08-01T08:22:47.000Z,3470,1.03E-05,0,0,0,0,5.98680896,18.59680132,-21.57842992,-33.09447273,-51.53087054,10290.29236,10290.29,43:23.8,High Risk
5407,KingdomStarter,KDG,FALSE,531000869,951000965,1000000000,2020-04-02T00:00:00.000Z,3471,1.94E-05,0,0,0,0,-0.39795465,-11.04802618,-23.40006767,-18.86574166,-14.63640865,10278.9826,19357.75,43:23.8,High Risk
12678,FireStarter,FLAME,FALSE,68540262,99773870,100000000,2021-10-13T06:44:46.000Z,3472,0.000149908,46156.64597,46156.64597,0,-6.24879928,0.01372171,-25.00408533,-21.06930611,-40.04542517,-42.34389846,10274.70858,14990.76,43:23.8,High Risk
40062,HOPPY (hoppysol.com),HOPPY,FALSE,996683081.7,996683081.7,1000000000,2026-05-25T23:16:56.000Z,3473,1.03E-05,0,0,0,0,-5.10709821,-6.01404646,-98.99430547,-98.99430547,-98.99430547,10272.63324,10306.82,43:23.8,High Risk
35257,DeFAI,DEFAI,FALSE,953202700.8,1000000000, ,2025-01-15T12:17:11.000Z,3474,1.08E-05,0,0,0,0,7.42588216,3.39882552,-29.40224471,-36.59390055,-46.61938828,10258.07897,10761.7,43:23.8,High Risk
2359,Polis,POLIS,FALSE,9831890.567,9831890.567,25000000,2018-01-10T00:00:00.000Z,3475,0.001012712,0,0,0,0,0,0,0,0,0,9956.87027,25317.79,43:23.8,Low Risk
10373,Tulip Protocol,TULIP,FALSE,815205.7809,10000000, ,2021-06-09T00:00:00.000Z,3476,0.012122635,19.81794463,0,19.81794463,0.01773152,0.15209297,0.83306539,-18.9817003,-32.20683135,-31.08350986,9882.442331,121226.35,43:23.8,Medium Risk
11978,Revolve Games,RPG,FALSE,77346469.52,95000000,95000000,2021-09-20T17:19:33.000Z,3477,0.000127604,0,0,0,0,-0.48806396,-0.35592298,0.18874972,-0.34133586,-0.12153506,9869.721132,12122.38,43:23.8,Low Risk
12873,KlimaDAO,KLIMA,FALSE,7997365,13699736.43, ,2021-10-19T05:33:56.000Z,3478,0.001223223,0,0,0,0,2.08151498,-32.33654826,-97.27377076,-97.24942561,-97.27170994,9782.559256,16757.83,43:23.8,High Risk
9269,Refinable,FINE,FALSE,41059833,500000000, ,2021-04-16T00:00:00.000Z,3479,0.000236977,0,0,0,0,1.46764838,2.90223807,-7.82739896,-2.06117629,-8.06165472,9730.222818,118488.34,43:23.8,Medium Risk
32955,TROLLI CTO,TROLLICTO,FALSE,919273566,919273566,919273566,2024-09-06T14:10:05.000Z,3480,1.06E-05,7.58052705,0,7.58052705,3.21223716,5.69691644,11.98799101,-15.69264672,-16.60156752,-51.33304402,9729.638542,9729.64,43:23.8,High Risk
35465,Akasha by Bloomverse,$AKA,FALSE,999991183.5,999991183.5, ,2025-01-24T06:07:50.000Z,3481,9.72E-06,0,0,0,0,8.35941457,13.74512571,-16.43494799,-31.73936922,-36.99705228,9721.153836,9721.15,43:23.8,High Risk
36411,Boom,BOOM,FALSE,260084596.3,999980428.3,1000000000,2025-05-05T03:32:57.000Z,3482,3.69E-05,0,0,0,0,13.12709713,34.44645363,-96.62222109,-94.79003273,-94.33730781,9596.382548,36897.16,43:23.8,High Risk
39778,Northrop Grumman Tokenized Stock (Ondo),NOCon,FALSE,17.39685038,17.39685038, ,2026-03-24T02:56:26.000Z,3483,544.8512952,735616.8698,735616.8698,0,-0.41341978,-1.50842281,0.99530931,0.26608681,-18.76515045,-20.14116842,9478.696462,9478.7,43:23.8,Low Risk
33358,SofaCat,SOFAC,FALSE,94613000,99956479.27,100000000,2024-10-08T07:54:57.000Z,3484,9.97E-05,0,0,0,0,0.016134,2.29816989,-19.62280774,-18.33363269,-22.17821151,9434.260507,9971.42,43:23.8,Medium Risk
30270,FOMO BULL CLUB,FOMO,FALSE,33463524580,1E+11,1E+11,2024-04-01T09:50:22.000Z,3485,2.81E-07,0,0,0,0,0,0.68003462,-33.58739416,-36.36664276,-58.29230484,9405.436685,28106.53,43:23.8,High Risk
35515,LEGIT,LEGIT,FALSE,769440702.5,769440702.5, ,2025-01-28T09:17:22.000Z,3486,1.21E-05,130.5576223,0,130.5576223,0.78270896,5.66682871,6.62318311,-19.93140949,-23.81817251,-33.76490768,9291.468746,9291.47,43:23.8,High Risk
27856,Pengycoin,PENGY,FALSE,995704045,988936588,999999999,2023-08-16T02:24:49.000Z,3487,9.12E-06,0,0,0,0,0,10.74364579,-39.82062655,-62.10651747,-74.89457031,9080.276491,9119.45,43:23.8,High Risk
16516,Ancient Kingdom,DOM,FALSE,1582996910,2000000000,2000000000,2021-12-27T13:33:02.000Z,3488,5.73E-06,0,0,0,0,-0.35089094,1.35859012,-5.84521287,0.35666138,-6.59228701,9070.932717,11460.46,43:23.8,Low Risk
6938,YFDAI.FINANCE,YF-DAI,FALSE,3986,21000,21000,2020-09-08T00:00:00.000Z,3489,2.258488028,0,0,0,0,-5.25529647,-2.27163032,-84.56819134,-38.97145807,-57.5069019,9002.333281,47428.25,43:23.8,High Risk
10440,LoungeM,LZM,FALSE,179822261,1000000000,1000000000,2021-06-15T00:00:00.000Z,3490,5.00E-05,0,0,0,0,0,-0.03353623,-98.43945085,-97.76107823,-99.06353762,8983.229504,49956.16,43:23.8,High Risk
39750,iShares MSCI Chile Tokenized ETF (Ondo),ECHon,FALSE,218.7452591,218.7452591, ,2026-03-24T02:56:23.000Z,3491,40.11284033,420.6788853,0,420.6788853,-0.00512891,3.21941255,9.29046542,2.49838272,0.33465399,-0.91246732,8774.49365,8774.49,43:23.8,Medium Risk
7438,ZeroSwap,ZEE,FALSE,63429102,100000000, ,2020-10-18T00:00:00.000Z,3492,0.000137917,293253.4886,293253.4886,0,-0.00798606,-0.70233638,2.98051936,-28.8799016,-42.54501316,-44.16375224,8747.961695,13791.72,43:23.8,High Risk
31317,MeowCat,MEOW,FALSE,100000000,100000000, ,2024-05-20T09:46:05.000Z,3493,8.72E-05,0.88437164,0,0.88437164,3.39396751,3.48076635,4.0743938,-25.07551375,-26.53782686,-32.45889984,8717.894954,8717.89,43:23.8,High Risk
29302,neversol,NEVER,FALSE,72000197130,95988542118, ,2024-02-06T15:12:24.000Z,3494,1.21E-07,0,0,0,0,9.22215518,5.58644844,-13.7662364,-15.66420601,-23.56114013,8707.551228,11608.65,43:23.8,High Risk
8561,KeyFi,KEYFI,FALSE,2688429,9994262.442,9994262.442,2021-02-23T00:00:00.000Z,3495,0.00322168,0,0,0,0,0.14138208,-67.9728384,-70.14408786,-69.33675783,-71.28825782,8661.258049,32198.32,43:23.8,High Risk
18587,Serenity,SERSH,FALSE,41523348,99092562,99092562,2022-03-07T02:55:00.000Z,3496,0.000208496,0,0,0,0,0,3.65290239,19.25178935,-86.40103641,-90.83255018,8657.446066,20660.39,43:23.8,Medium Risk
10409,Opulous,OPUL,FALSE,500000000,500000000, ,2021-06-11T00:00:00.000Z,3497,1.73E-05,9.59580747,9.59580747,0,-0.00224015,-78.41094353,32.86910511,41.51881018,-80.75426203,-97.23687217,8645.378207,8645.38,43:23.8,High Risk
35258,Bloomsperg Terminal,SPERG,FALSE,1000000000,1000000000, ,2025-01-15T12:22:32.000Z,3498,8.56E-06,0,0,0,0,0,2.91863465,-27.15791072,-31.92112852,-31.92112852,8560.526937,8560.53,43:23.8,High Risk
2158,Phore,PHR,FALSE,30535913.19,30535913.19, ,2017-11-07T00:00:00.000Z,3499,0.000280179,0,0,0,0,0,0,0,0,0,8555.528328,8555.53,43:23.8,Low Risk
36836,SolBox,SOLBOX,FALSE,999485345.8,999485345.8,999912763,2025-06-16T09:12:52.000Z,3500,8.56E-06,0,0,0,0,8.86277568,28.50994469,-9.76433122,-40.19558066,-42.89777364,8552.21749,8555.87,43:23.8,High Risk
36944,Moonveil,MORE,FALSE,315044500,1000000000,1000000000,2025-06-25T08:19:22.000Z,3501,2.70E-05,1003.587065,1003.587065,0,-0.01201763,0.00939068,59.80982505,-54.29113703,-33.13288928,-79.41572247,8499.833189,26979.79,43:23.8,High Risk
33170,ONE PUNCH CAT,PUNCH,FALSE,882164410,1000000000,1000000000,2024-09-26T00:17:18.000Z,3502,9.55E-06,0,0,0,0,0,0.11947468,-31.83996543,-31.21760399,-35.23163982,8421.319767,9546.2,43:23.8,High Risk
37102,Liberals Tears,TEARS,FALSE,999999999,999999999,999999999,2025-07-02T12:48:38.000Z,3503,8.37E-06,0,0,0,0,74.01049391,42.76796772,38.82382878,-39.6804549,-77.78605715,8369.855905,8369.86,43:23.8,High Risk
10647,BNbitcoin,BNBTC,FALSE,10713035,10713035,20999880,2021-06-25T00:00:00.000Z,3504,0.000773762,28.02202583,0,28.02202583,-0.268783,-2.84328544,-3.57065632,0.29482093,-17.05511393,-57.08782919,8289.341453,16248.91,43:23.8,Low Risk
29099,Minu,MINU,FALSE,3.79324E+12,3.79324E+12,1E+14,2024-01-19T09:32:33.000Z,3505,2.16E-09,0,0,0,0,-16.05577189,-32.81508747,-13.63738735,-38.6712649,-10.75222542,8207.556564,216373.12,43:23.8,High Risk
39230,Analog Devices Tokenized Stock (Ondo),ADIon,FALSE,18.83349999,18.83349999, ,2026-01-08T15:44:29.000Z,3506,428.6481521,733789.9303,725852.4804,7937.449922,0.09656988,-0.02428104,4.06024039,1.47849564,19.81026963,35.90450989,8072.944968,8072.94,43:23.8,Low Risk
39272,NetEase Tokenized Stock (Ondo),NTESon,FALSE,63.67128065,63.67128065, ,2026-01-08T15:44:36.000Z,3507,126.6046618,0,0,0,0,0,2.16828282,10.93210921,6.23176504,5.78812502,8061.080955,8061.08,43:23.8,Medium Risk
17605,Aether Games,AEG,FALSE,444890467,1000000000, ,2022-01-25T01:56:33.000Z,3508,1.81E-05,0,0,0,0,4.11624294,3.74535467,-14.98299249,-16.02935474,-14.39103224,8034.545068,18059.6,43:23.8,Medium Risk
39243,WisdomTree US Quality Dividend Growth Tokenized Fund (Ondo),DGRWon,FALSE,80.15333222,80.15333222, ,2026-01-08T15:44:35.000Z,3509,97.50050872,2145.235901,0,2145.235901,-0.00512891,2.51220575,1.2018343,1.21827205,4.7089669,8.0956332,7814.990667,7814.99,43:23.8,Low Risk
34637,LOGOS AI,LOGOS,FALSE,999996061,999996061,1000000000,2024-12-16T05:08:46.000Z,3510,7.78E-06,0,0,0,0,3.95463747,-24.37221513,-64.70260935,-64.70260935,-64.70260935,7781.401801,7781.43,43:23.8,High Risk
11291,Kryptomon,KMON,FALSE,189843488,1000000000, ,2021-08-17T00:00:00.000Z,3511,4.08E-05,0,0,0,0,0.37976316,7.0536086,-0.30389828,6.13311179,-2.13911439,7754.141492,40844.92,43:23.8,Low Risk
10527,Lithium,LITH,FALSE,5242220240,10000000000, ,2021-06-20T00:00:00.000Z,3512,1.46E-06,0,0,0,0,-1.84953332,-4.02672794,-48.52527575,-53.09486344,-53.14548002,7674.879822,14640.51,43:23.8,High Risk
36643,AIGOV,OLIVIA,FALSE,928875549.9,928875549.9,937764781,2025-05-28T17:12:08.000Z,3513,8.19E-06,0,0,0,0,1.3086067,10.62816354,-36.49957412,-32.34960649,-36.30797687,7610.653139,7683.49,43:23.8,High Risk
30817,DORK LORD,DLORD,FALSE,939243932,999998509, ,2024-04-22T12:30:56.000Z,3514,8.04E-06,0,0,0,0,2.67759978,11.604685,-15.92663347,-19.41818235,-24.69580541,7548.217231,8036.47,43:23.8,High Risk
10099,KALM,KALM,FALSE,8550000,10000000, ,2021-05-27T00:00:00.000Z,3515,0.000878624,0,0,0,0,9.83459472,58.94242501,12.24974609,47.66599367,40.07951479,7512.234822,8786.24,43:23.8,High Risk
36604,Puffverse,PFVS,FALSE,116600000,1000000000,1000000000,2025-05-27T06:48:47.000Z,3516,6.44E-05,0,0,0,0,-0.00281805,-4.65694659,-3.97678854,-48.52069745,-90.2369416,7504.169486,64358.23,43:23.8,Low Risk
38238,SAFEMOON,SMOON,FALSE,933262117,1000000000,1000000000,2025-08-29T13:35:32.000Z,3517,7.84E-06,0,0,0,0,0.57742602,1.95263168,-11.03533143,-8.78579025,-24.53667571,7317.567667,7840.85,43:23.8,Medium Risk
4060,TrustVerse,TRV,FALSE,1000000000,1000000000, ,2019-07-18T00:00:00.000Z,3518,7.26E-06,0,0,0,0,0,0,0,0,0,7262.38779,7262.39,43:23.8,Low Risk
39220,American Airlines Group Tokenized Stock (Ondo),AALon,FALSE,466.3388234,466.3388234, ,2026-01-08T15:44:06.000Z,3519,15.45804991,739746.741,738274.4193,1472.32176,0.0905895,-0.40014876,12.14905068,24.77111558,25.43752407,39.85614308,7208.688807,7208.69,43:23.8,High Risk
39327,LSD,$LSD,FALSE,999998882,999998882,999999999,2026-01-09T01:56:42.000Z,3520,7.20E-06,0,0,0,0,0,1.86499953,-31.93808148,-24.48974914,-1.70375775,7201.425954,7201.43,43:23.8,High Risk
36537,SGC,SGC,FALSE,1693372841,10000000000,10000000000,2025-05-17T15:03:14.000Z,3521,4.24E-06,0,0,0,0,-42.31857206,-51.30539526,-37.5185358,-43.18520591,-85.93617526,7176.921834,42382.41,43:23.8,High Risk
34889,Corgi Inu (corgibnb.com),CORGI,FALSE,832799997.4,869999997.4,1000000000,2024-12-26T17:08:00.000Z,3522,8.32E-06,0,0,0,0,-0.54425028,1.81088724,-9.61415477,-4.19829499,-6.8588866,6932.430267,8324.24,43:23.8,Medium Risk
21217,MangoMan Intelligent,MMIT,FALSE,3.61123E+14,2.07454E+15,2.1E+15,2022-08-03T14:36:43.000Z,3523,1.91E-11,0,0,0,2.00E-08,1.15007881,-6.39230401,-69.48245653,-96.9594023,-96.89306614,6905.764017,40158.33,43:23.8,High Risk
37468,KILT Protocol [New],KILT,FALSE,191775189.4,290560000,290560000,2025-07-22T15:43:35.000Z,3524,3.59E-05,0,0,0,0,0,6.79820466,-15.79244991,-75.75893049,-81.51419502,6891.910171,10441.98,43:23.8,Medium Risk
39292,Invesco DB Commodity Index Tokenized Fund (Ondo),DBCon,FALSE,244.0792588,244.0792588, ,2026-01-08T15:44:22.000Z,3525,28.21931324,1271.753515,0,1271.753515,-0.00512891,-2.89433542,-6.96463502,-9.48677835,-2.12737009,-1.41359411,6887.74906,6887.75,43:23.8,Medium Risk
39771,Vertex Pharmaceuticals Tokenized Stock (Ondo),VRTXon,FALSE,15.30479975,15.30479975, ,2026-03-24T02:56:24.000Z,3526,447.8747864,733093.9205,733093.9205,0,0.03254136,0.31971031,0.80405332,1.87309187,1.03231444,-0.76112927,6854.63392,6854.63,43:23.8,Low Risk
40127,Chainspin,SPIN,FALSE,664410512.3,1000000000,1000000000,2026-06-04T14:40:34.000Z,3527,1.02E-05,0,0,0,0,12.50684815,-98.90357477,45.76616306,45.76616306,45.76616306,6767.407842,10185.58,43:23.8,High Risk
10889,DRIFE,$DRF,FALSE,923029615.2,1000000000, ,2021-07-14T00:00:00.000Z,3528,7.21E-06,63.56152576,0,63.56152576,2.36193842,6.52186222,9.8443628,0.03386074,170.9811207,100.8819358,6656.744135,7211.84,43:23.8,Medium Risk
39338,死了么,死了么,FALSE,1000000000,1000000000,1000000000,2026-01-11T11:18:20.000Z,3529,6.49E-06,0,0,0,0,12.14405838,13.89265787,-14.84884027,-2.87351567,-57.59821773,6491.947536,6491.95,43:23.8,High Risk
39298,Cipher Mining Tokenized Stock (Ondo),CIFRon,FALSE,247.6849742,247.6849742, ,2026-01-08T15:44:26.000Z,3530,26.033109,428.0664509,0,428.0664509,-0.00512891,6.23199483,7.26862743,28.14734583,50.1084744,72.6427431,6448.009932,6448.01,43:23.8,High Risk
37488,DePHY Network,PHY,FALSE,72292500,1000000000,1000000000,2025-07-23T16:14:30.000Z,3531,8.91E-05,68663.86825,68186.9162,476.9520505,-3.43169865,-18.78876236,-31.76414365,17.78039332,-87.43497254,-89.19898551,6442.667916,89119.45,43:23.8,High Risk
35413,The Loonies,LOON,FALSE,1000000000,1000000000, ,2025-01-22T12:11:07.000Z,3532,6.40E-06,53814.81101,53814.81101,0,-1.54631871,-1.52263671,-7.2514292,-50.01056054,-38.56675855,-48.4193164,6396.059094,6396.06,43:23.8,High Risk
35289,Project Plutus,PPCOIN,FALSE,1000000000,1000000000, ,2025-01-16T13:22:13.000Z,3533,6.39E-06,0,0,0,0,10.16700661,21.24504528,-18.2941071,-19.60383351,-25.74788601,6392.009497,6392.01,43:23.8,High Risk
12172,Moniwar,MOWA,FALSE,10810810.04,300000000,300000000,2021-09-27T12:09:07.000Z,3534,0.00059071,0,0,0,0,0.86519243,1.81346944,-2.85824563,-2.461286,-9.5070357,6386.052728,177212.98,43:23.8,Low Risk
39793,iShares MSCI Japan Tokenized ETF (Ondo),EWJon,FALSE,67.47931768,67.47931768, ,2026-03-24T02:56:08.000Z,3535,94.43098368,708620.3538,707430.9517,1189.402061,-0.0080292,-0.013997,2.7181758,3.937447,7.30255847,14.82296282,6372.138347,6372.14,43:23.8,Low Risk
29580,Dechat,DECHAT,FALSE,4895047,25000000,25000000,2024-02-29T04:36:42.000Z,3536,0.001291782,0,0,0,0,7.77215862,30.99610966,-20.88684789,21.05638104,-38.33031295,6323.334584,32294.56,43:23.8,High Risk
39311,Lowe's Tokenized Stock (Ondo),LOWon,FALSE,28.4466093,28.4466093, ,2026-01-08T15:44:37.000Z,3537,221.5799834,5.17167309,0,5.17167309,-0.00512891,7.25048732,5.89335816,0.2538644,-8.8402456,-12.28985431,6303.199216,6303.2,43:23.8,Medium Risk
39414,KayakNet,KNT,FALSE,96505451093,96505451093,1E+11,2026-01-21T12:07:33.000Z,3538,6.52E-08,0,0,0,0,2.3875428,-0.78718732,25.05153264,43.59664976,16.89578831,6292.593074,6520.45,43:23.8,High Risk
37306,MOOMOO THE BULL,MOOMOO,FALSE,777777777,777777777,777777777,2025-07-10T13:20:46.000Z,3539,7.89E-06,0,0,0,0,7.75880137,7.41961489,-41.93319753,-18.66139713,-12.12974984,6134.555563,6134.56,43:23.8,High Risk
39249,AT&T Tokenized Stock (Ondo),Ton,FALSE,256.652671,256.652671, ,2026-01-08T15:44:29.000Z,3540,23.7303322,527.4467049,0,527.4467049,-0.00512891,-0.76311145,3.49114985,-2.99517851,-11.72842558,-15.34581773,6090.453144,6090.45,43:23.8,Low Risk
39187,oooo,OOOO,FALSE,158600000,1000000000,1000000000,2025-12-29T05:55:50.000Z,3541,3.81E-05,0,0,0,0,0,-13.44387182,-3.48018451,17.83352025,-80.42118294,6038.885193,38076.2,43:23.8,Medium Risk
20546,REV3AL,REV3L,FALSE,365950750,1000000000,1000000000,2022-06-10T09:38:22.000Z,3542,1.63E-05,0,0,0,0,-0.50036964,-0.98347758,2.04491907,7.53270325,-40.88731841,5978.868773,16337.91,43:23.8,Low Risk
39755,Enlivex Therapeutics Tokenized Stock (Ondo),ENLVon,FALSE,9022.225744,9022.225744, ,2026-03-24T02:56:03.000Z,3543,0.662464229,234.9648663,0,234.9648663,-0.00512891,-2.10687179,-7.36390574,-7.24647502,-23.33741443,-39.90854313,5976.901825,5976.9,43:23.8,Medium Risk
39289,Talen Energy Tokenized Stock (Ondo),TLNon,FALSE,17.22415688,17.22415688, ,2026-01-08T15:44:32.000Z,3544,342.7704424,0,0,0,0,0,-6.02798009,2.57905068,-5.4074659,4.87834398,5903.931874,5903.93,43:23.8,Low Risk
40071,mystery (mysterythefrog.com),MYSTERY,FALSE,10000000000,10000000000,10000000000,2026-05-27T05:30:35.000Z,3545,5.89E-07,262.7723453,0,262.7723453,7.02105235,18.5451954,-0.57612158,-99.80851518,-99.80851518,-99.80851518,5891.358171,5891.36,43:23.8,High Risk
36235,CHADETTE,CHADETTE,FALSE,967154364,991793536,991793536,2025-04-10T09:04:09.000Z,3546,6.00E-06,26.54374024,0,26.54374024,2.60761086,4.79638952,10.67337151,-11.42795205,-14.17185193,-39.4129105,5798.179307,5945.89,43:23.8,High Risk
7742,88mph,MPH,FALSE,465279,485536, ,2020-11-22T00:00:00.000Z,3547,0.012386828,16.54697704,0,16.54697704,1.25271695,4.41717562,6.05163529,-16.94160007,-20.14529005,-11.06082255,5763.330817,6014.25,43:23.8,High Risk
35041,Soarchain,SOAR,FALSE,100663916.9,1900000000, ,2025-01-06T06:35:57.000Z,3548,5.72E-05,0,0,0,0,6.12669401,10.5062285,-21.37789231,-41.41613793,-79.05571857,5755.810403,108639.12,43:23.8,High Risk
20349,IguVerse,IGU,FALSE,57189082,400000000,400000000,2022-05-29T00:16:13.000Z,3549,9.99E-05,0,0,0,0,0,0,28.34669217,28.34669217,28.34669217,5712.043789,39951.99,43:23.8,High Risk
12042,Sypool,SYP,FALSE,65364660,1000000000, ,2021-09-21T23:02:41.000Z,3550,8.71E-05,46066.1314,46005.30521,60.82619321,0.2233499,-0.43514,0.00233301,-9.37596501,-1.41834871,-1.41604287,5690.253021,87053.97,43:23.8,Medium Risk
12066,Shirtum,SHI,FALSE,173823179,749491340,749491340,2021-09-22T23:25:26.000Z,3551,3.25E-05,0,0,0,0,1.80860637,2.48400862,-22.75037735,-4.47214232,-40.68493551,5657.233429,24392.88,43:23.8,High Risk
20502,Traxx,TRAXX,FALSE,44845573.83,350000000,350000000,2022-06-08T00:59:42.000Z,3552,0.000124926,914.163851,914.163851,0,-0.33885389,-1.25435143,-2.07310171,-16.87174055,-20.36928711,-32.96513846,5602.39617,43724.24,43:23.8,Medium Risk
37694,Cherry AI,AIBOT,FALSE,221500000,1000000000,1000000000,2025-08-11T06:18:57.000Z,3553,2.53E-05,0,0,0,0,-7.04393218,-57.91236379,-45.35806747,-99.59637409,-99.33753203,5599.967066,25282.02,43:23.8,High Risk
34778,Muhdo Hub,DNA,FALSE,1679741443,4768187323, ,2024-12-23T21:24:56.000Z,3554,3.33E-06,0,0,0,0,7.81341844,3.83054549,-19.52263107,-22.18109971,-28.06629347,5597.129776,15888.26,43:23.8,High Risk
36575,Universe Boss Coin,UBC,FALSE,1000000000,1000000000,1000000000,2025-05-22T04:54:38.000Z,3555,5.60E-06,143686.8593,143686.8593,0,3.69542821,3.72037106,-0.00544711,-15.18154969,-9.7462428,-16.47036434,5596.551708,5596.55,43:23.8,Medium Risk
39787,iShares 7-10 Year Treasury Bond Tokenized ETF (Ondo),IEFon,FALSE,58.73329758,58.73329758, ,2026-03-24T02:56:07.000Z,3556,94.56738881,1987.125576,0,1987.125576,-0.37104141,0.02597109,0.28492817,0.54179357,-1.58959851,-0.69242777,5554.254588,5554.25,43:23.8,Low Risk
38291,WorldShards,SHARDS,FALSE,1176873974,5000000000,5000000000,2025-09-04T10:50:36.000Z,3557,4.69E-06,0,0,0,0,6.40351968,-13.46109865,8.51449956,14.91405759,24.76836447,5523.222571,23465.65,43:23.8,High Risk
27922,Shiba Saga,SHIA,FALSE,53936830.2,10000000000, ,2023-08-25T03:05:39.000Z,3558,0.000100894,0,0,0,0,7.45594143,8.67674621,-12.73210496,-14.76474013,-23.40943565,5441.921426,1008943.5,43:23.8,High Risk
35681,Choruz AI,CHORUZ,FALSE,940000000,1000000000, ,2025-02-10T07:55:11.000Z,3559,5.77E-06,0,0,0,0,0,-1.20273566,-29.12291871,-24.36025835,-43.30714336,5419.87045,5765.82,43:23.8,High Risk
39231,Johnson & Johnson Tokenized Stock (Ondo),JNJon,FALSE,22.59498101,22.59498101, ,2026-01-08T15:44:36.000Z,3560,236.6032147,913022.2731,913007.4295,14.84359826,-0.10595566,-1.22659117,0.67955426,3.39638442,0.89242099,-1.14737877,5346.045142,5346.05,43:23.8,Low Risk
20896,Amazy,AZY,FALSE,40923921,1000000000,1000000000,2022-07-06T14:59:08.000Z,3561,0.000126481,0,0,0,0,-0.613699,-0.72500522,-3.07935482,-5.03734608,-4.77306198,5176.111558,126481.32,43:23.8,Low Risk
11779,Dreams Quest,DREAMS,FALSE,1564101228,1669037783,4000000000,2021-09-09T01:39:30.000Z,3562,3.22E-06,0,0,0,0,0,25.82209649,22.456337,23.74669365,49.38868458,5038.201077,12884.59,43:23.8,High Risk
36780,CrappyBird,CRAPPY,FALSE,1197649968,1200000000,1200000000,2025-06-10T07:49:08.000Z,3563,4.21E-06,0,0,0,0,-12.47143482,-29.3148087,-53.2033003,-68.49234512,-54.06495733,5037.00687,5046.89,43:23.8,High Risk
38106,DecentralGPT,DGC,FALSE,1.572E+11,1E+12,1E+12,2025-08-18T07:42:50.000Z,3564,3.19E-08,31.76145849,0,31.76145849,-1.89379718,1.86997009,-5.46695251,-28.06261732,-5.02807625,-35.4579615,5018.619846,31925.06,43:23.8,High Risk
38342,PINGPONG,PINGPONG,FALSE,288542755,1000000000,1000000000,2025-09-10T08:14:54.000Z,3565,1.71E-05,0,0,0,-0.03840612,12.45216523,-21.88720192,-68.42034967,-95.71115552,-94.14073834,4930.13902,17086.34,43:23.8,High Risk
9867,Hot Cross,HOTCROSS,FALSE,113749999,500000000,500000000,2021-05-17T00:00:00.000Z,3566,4.24E-05,87.92748015,0,87.92748015,-7.74922864,-7.15921121,-4.58184491,3.55268228,-9.51912244,-9.90749835,4823.784297,21203.45,43:23.8,Medium Risk
37566,DarkStar,DARKSTAR,FALSE,302222222,1000000000,1000000000,2025-08-04T12:00:00.000Z,3567,1.60E-05,0,0,0,0,8.56184487,14.99901764,-14.62205855,-96.50888271,-96.51347243,4821.447025,15953.32,43:23.8,High Risk
33712,MOODENG (moodengbnb.com),MDB,FALSE,3.23588E+11,5.55556E+11,5.55556E+11,2024-10-30T07:22:06.000Z,3568,1.48E-08,0,0,0,0,0.02424906,-0.03132611,-0.68897079,-1.44462909,-84.43278695,4783.302201,8212.27,43:23.8,Low Risk
38976,Zcash AI,ZEC,FALSE,20962605,21000000,21000000,2025-11-21T21:30:10.000Z,3569,0.00022779,0,0,0,0,1.01251086,6.17786441,-37.22188262,23.15063195,2.85866228,4775.067004,4783.59,43:23.8,High Risk
39868,Alien Green Cat,AGC,FALSE,999999043.3,999999043.3,1000000000,2026-04-16T03:19:45.000Z,3570,4.77E-06,0,0,0,0,0.55287378,14.23431622,2.40082577,-99.93244379,144.0569511,4768.00177,4768.01,43:23.8,Medium Risk
18483,Era Token (Era7),ERA,FALSE,46021643,442337752,1000000000,2022-03-02T01:51:38.000Z,3571,0.000102799,0,0,0,0,-0.05587284,3.79904733,-5.62471427,-2.54621024,-32.46297099,4730.984838,102799.13,43:23.8,Low Risk
24502,Wojak (wojaketh),WOJAK,FALSE,69404726737,69420000000,69420000000,2023-04-18T06:44:21.000Z,3572,6.81E-08,61803.39171,61582.89726,220.4944552,1.78268516,8.15695263,34.37591742,-32.74724948,252.7124291,183.3884457,4724.6873,4725.73,43:23.8,High Risk
11417,Gaj Finance,GAJ,FALSE,1941413,1941412.57,2100000,2021-08-26T11:53:58.000Z,3573,0.002380155,0,0,0,0,0.41754114,0.79044224,-3.80564081,-11.11285774,-14.05019281,4620.864394,4998.33,43:23.8,Low Risk
601,Acoin,ACOIN,FALSE,1220084.957,1220084.957, ,2014-09-13T00:00:00.000Z,3574,0.003745373,0,0,0,0,0,0,0,0,-32.42093537,4569.67372,4569.67,43:23.8,Low Risk
7647,Azuki,AZUKI,FALSE,11284984,11310690, ,2020-11-11T00:00:00.000Z,3575,0.000403661,0,0,0,0,3.88747415,3.18725688,-17.7159951,-33.37811413,-33.02442943,4555.30827,4565.68,43:23.8,Medium Risk
39274,Block Tokenized Stock (Ondo),XYZon,FALSE,60.87045023,60.87045023, ,2026-01-08T15:44:39.000Z,3576,74.32753001,9.96703769,0,9.96703769,-0.00512891,7.39053677,5.95745025,5.66979178,7.87999099,22.80891741,4524.350216,4524.35,43:23.8,Medium Risk
30303,Gary Banking,GB,FALSE,10500000000,50000000000, ,2024-04-02T04:38:28.000Z,3577,4.27E-07,9.43322302,0,9.43322302,-0.41747756,1.98249325,4.90967259,-1.38878961,-6.05809586,-15.75170546,4483.683112,21350.87,43:23.8,Low Risk
31629,BloodLoop,BLS,FALSE,52418329,350000000,350000000,2024-06-05T10:35:17.000Z,3578,8.52E-05,0.28755336,0,0.28755336,0.10723505,-1.39523594,-13.61345061,-17.96412324,0.55527002,-9.13018478,4467.696853,29831.05,43:23.8,High Risk
4026,LiquidApps,DAPP,FALSE,709902293.8,1056939327, ,2019-06-28T00:00:00.000Z,3579,6.24E-06,0.88669063,0,0.88669063,1.15795328,3.44028744,4.4690924,-13.63641796,-81.06430936,-82.07063429,4430.381109,6596.18,43:23.8,Medium Risk
11563,aiRight,AIRI,FALSE,256262565,1860000000,1900000000,2021-09-01T22:11:23.000Z,3580,1.71E-05,0,0,0,0,0.93775563,-2.75355419,9.22698079,34.64435353,44.59674135,4374.075998,32430.58,43:23.8,Medium Risk
39297,B2Gold Tokenized Stock (Ondo),BTGon,FALSE,963.8119268,963.8119268, ,2026-01-08T15:44:31.000Z,3581,4.508690865,4185.771551,0,4185.771551,-0.00512891,6.40192441,8.79880595,-7.89170038,-9.0993775,-7.01215858,4345.53003,4345.53,43:23.8,Medium Risk
39233,Capital One Tokenized Stock (Ondo),COFon,FALSE,21.57549732,21.57549732, ,2026-01-08T15:44:29.000Z,3582,196.7514347,729024.5953,729024.5953,0,0.09647469,4.79986698,7.71296918,5.12318913,-1.85051756,5.62088755,4245.010053,4245.01,43:23.8,Medium Risk
37572,MOMOFUN,MM,FALSE,7800000000,30000000000,30000000000,2025-07-31T13:15:59.000Z,3583,5.38E-07,1.99979481,1.99979481,0,7.62E-06,-4.7449196,-0.75021993,-16.16483174,-94.95442664,-93.34356562,4193.4839,16128.78,43:23.8,Medium Risk
39007,Sora Oracle,SORA,FALSE,94000000,1000000000,1000000000,2025-11-27T07:32:33.000Z,3584,4.45E-05,0,0,0,0,-1.2182154,1.69238496,-14.49998717,-15.87676969,-30.9488207,4179.307061,44460.71,43:23.8,Medium Risk
39618,Tesla Tokenized Stock (Hyperliquid),TSLA,FALSE,20.21051,20.21051, ,2026-02-25T10:53:01.000Z,3585,205.9578945,0,0,0,0,0,0,-4.40811094,560.2560917,-47.46332994,4162.514086,4162.51,43:23.8,Low Risk
3898,Axe,AXE,FALSE,5260967.896,5260967.896,21000000,2019-05-08T00:00:00.000Z,3586,0.000755055,0,0,0,0,0,0,5.54522296,5.54522296,5.54522296,3972.321299,15856.16,43:23.8,Low Risk
15830,GAMER,GMR,FALSE,326640265,329640265,329640265,2021-12-09T04:04:36.000Z,3587,1.21E-05,0,0,0,0,-1.14302682,-97.18821295,-97.71320909,-98.19305613,-98.29009698,3961.239391,3997.62,43:23.8,High Risk
5328,WOM Protocol,WOM,FALSE,193000000,1000000000, ,2020-03-17T00:00:00.000Z,3588,2.04E-05,0.48664912,0.48664912,0,-0.04495686,0.01412456,0.29056064,-99.94352937,-94.37796406,-94.10900762,3944.907211,20439.93,43:23.8,High Risk
15178,Gunstar Metaverse,GSTS,FALSE,31290286,400000000,400000000,2021-11-25T10:39:46.000Z,3589,0.00012523,0,0,0,0,0.16324646,-0.36101311,0.78014893,-13.98313126,-19.18348014,3918.492381,50092.13,43:23.8,Low Risk
2452,Tokenbox,TBX,FALSE,11235450.72,16051589.78, ,2018-01-23T00:00:00.000Z,3590,0.000314152,0.97802632,0,0.97802632,1.25271695,3.36926167,4.4648455,-33.96783663,63.14059083,-9.2400799,3529.638403,5042.64,43:23.8,High Risk
26289,NDC,NDC,FALSE,7357001,88000000,88000000,2024-09-18T09:24:14.000Z,3591,0.00047169,405.1253016,405.1253016,0,-0.01208112,-11.10047118,-23.25936071,-52.72062138,-61.65543026,-62.26677463,3470.223883,41508.72,43:23.8,High Risk
39759,abrdn Physical Platinum Shares Tokenized ETF (Ondo),PPLTon,FALSE,20.66949739,20.66949739, ,2026-03-24T02:56:14.000Z,3592,162.3189315,799001.9307,798961.6761,40.25461343,0.90576377,1.4248369,2.1620583,-10.17277837,-14.7109143,-2.79512028,3355.050731,3355.05,43:23.8,Medium Risk
39238,Carvana Tokenized Stock (Ondo),CVNAon,FALSE,9.61523601,9.61523601, ,2026-01-08T15:44:33.000Z,3593,342.1691227,280579.6042,279268.8556,1310.748606,-0.15720393,3.77534847,-1.74189008,0.21310354,-5.72126601,8.69561475,3290.03687,3290.04,43:23.8,Low Risk
7698,CorionX,CORX,FALSE,129910129.4,400000000,400000000,2020-11-17T00:00:00.000Z,3594,2.46E-05,0,0,0,0,-0.23557414,2.35817537,-5.0865149,-18.56969522,-26.42866672,3190.52837,9823.8,43:23.8,Low Risk
38972,MineD,DIGI,FALSE,25054400600,1E+11,1E+11,2025-11-20T06:01:48.000Z,3595,1.27E-07,0,0,0,0.00419547,-12.03910244,-2.09109605,-96.34514626,-97.79841491,-95.29101597,3174.952435,12672.23,43:23.8,High Risk
7841,Idle,IDLE,FALSE,8914214.36,13000000,13000000,2020-12-02T00:00:00.000Z,3596,0.000351602,4.07421047,0,4.07421047,1.15795326,3.4402874,4.46909237,-22.25138493,-24.76211668,-22.69528568,3134.258148,4570.83,43:23.8,High Risk
8449,Goose Finance,EGG,FALSE,1755130,1867617, ,2021-02-13T00:00:00.000Z,3597,0.001772513,0,0,0,0,0.67900167,1.2124295,-29.07591106,-37.59347079,-35.10716253,3110.990627,3310.38,43:23.8,High Risk
35077,PUMPAI,PUMPAI,FALSE,343107061.7,999990753.6, ,2025-01-07T07:49:38.000Z,3598,8.91E-06,0,0,0,0,7.50550276,22.37603832,3.87944377,-3.65731494,-9.76712255,3058.49863,8914.04,43:23.8,High Risk
38377,Project Merlin,MRLN,FALSE,110760038,800000000,10000000000,2025-09-12T08:29:24.000Z,3599,2.67E-05,19591.5353,19591.5353,0,-4.31262796,-1.23109772,-15.10415452,-57.12448699,-77.79304552,-78.82093181,2956.26984,266907.62,43:23.8,High Risk
7876,SORA Validator Token,VAL,FALSE,408003,100000000,100000000,2020-12-07T00:00:00.000Z,3600,0.00716073,0,0,0,0,-5.6071275,-22.96584938,-8.7843095,-9.07969135,13.23379073,2921.599341,716073,43:23.8,High Risk
28436,Neurashi,NEI,FALSE,274729103,1000000000,1000000000,2023-11-17T05:44:56.000Z,3601,1.02E-05,0,0,0,0,3.99093988,11.27027084,-18.67250094,-25.18724575,-54.07345702,2814.915655,10246.15,43:23.8,High Risk
38213,BananaGuy,BANANAGUY,FALSE,4.20678E+11,4.20398E+11,4.20682E+11,2025-08-27T10:13:21.000Z,3602,6.53E-09,0,0,0,0,8.25153739,6.64302005,-41.20016223,-46.6746704,-51.59844316,2744.961788,2744.99,43:23.8,High Risk
7553,Residual Token,eRSDL,TRUE,1073443191,1087715323, ,2020-10-30T00:00:00.000Z,3603,2.40E-06,3.07197119,0,3.07197119,1.15795328,3.44028739,6.42070912,-22.07704759,-43.27551963,-55.45147369,2572.955709,2607.16,43:23.8,High Risk
39748,Albemarle Tokenized Stock (Ondo),ALBon,FALSE,15.19135943,15.19135943, ,2026-03-24T02:56:03.000Z,3604,169.2613898,742416.156,742071.1667,344.9892993,0.52880309,-2.90633163,10.0432847,-6.29636272,-19.14790319,1.82747934,2571.31061,2571.31,43:23.8,Medium Risk
39770,Vanguard Real Estate Tokenized ETF (Ondo),VNQon,FALSE,25.89337497,25.89337497, ,2026-03-24T02:56:12.000Z,3605,98.39405745,49.90694509,0,49.90694509,-0.26545247,-0.44476204,1.86177358,3.96270663,3.29177863,11.5319075,2547.754224,2547.75,43:23.8,Low Risk
10260,Thorstarter,XRUNE,FALSE,80689454,500000000,1000000000,2021-06-03T00:00:00.000Z,3606,2.96E-05,0,0,0,0,8.88638983,5.10437264,-38.29322434,-95.97445214,-96.45614194,2385.000895,29557.78,43:23.8,High Risk
39773,Global X US Infrastructure Development Tokenized ETF (Ondo),PAVEon,FALSE,41.57876007,41.57876007, ,2026-03-24T02:56:13.000Z,3607,57.22920276,0,0,0,0,0,-0.49269746,3.29906077,4.29857846,14.98036973,2379.519291,2379.52,43:23.8,Low Risk
7190,PowerTrade Fuel,PTF,FALSE,23311586,400000000,400000000,2020-09-28T00:00:00.000Z,3608,9.99E-05,42791.19818,42791.19818,0,-0.00797994,0.01607209,-0.0327381,-52.39101004,-73.00282897,-96.43081276,2329.723151,39975.37,43:23.8,High Risk
39365,TRUMP IN GREENLAND,TIG,FALSE,1000000000,1000000000,1000000000,2026-01-14T17:10:30.000Z,3609,2.32E-06,0,0,0,0,8.91871116,12.10431744,-62.40421157,-68.30749658,-87.93367096,2323.589114,2323.59,43:23.8,High Risk
10522,Pacoca,PACOCA,FALSE,331082966.6,344886030.7, ,2021-06-19T00:00:00.000Z,3610,6.98E-06,0,0,0,0,0.01480626,2.93955467,-6.465972,-3.39388416,-3.54822221,2309.55009,2405.84,43:23.8,Low Risk
13237,FutureStarter,FS,FALSE,103506349,978648250,1000000000,2021-10-26T03:45:40.000Z,3611,2.21E-05,0,0,0,0,0.48325864,12.78323589,-26.86799982,-22.95471687,-11.69437064,2284.554107,22071.63,43:23.8,High Risk
39783,Exodus Movement Tokenized Stock (Ondo),EXODon,FALSE,344.7163979,344.7163979, ,2026-03-24T02:56:19.000Z,3612,6.553172228,245.31524,0,245.31524,-0.00512891,8.09612512,3.8487777,-2.02250556,-11.8362354,-19.43541642,2258.985925,2258.99,43:23.8,Medium Risk
39237,Coupang Tokenized Stock (Ondo),CPNGon,FALSE,123.8563185,123.8563185, ,2026-01-08T15:44:30.000Z,3613,17.01830392,738323.1304,738323.1304,0,-0.02019888,0.06708338,12.06264435,5.0395187,-20.92425355,-20.59576548,2107.824472,2107.82,43:23.8,Medium Risk
34594,The White Lion,KIMBA,FALSE,1.68E+11,2.1E+12,2.1E+12,2024-12-13T05:02:05.000Z,3614,1.16E-08,0,0,0,0,7.35354076,-4.33579127,-30.40598532,-30.48883666,-22.75236513,1943.008348,24287.6,43:23.8,High Risk
28399,FrontFanz,FANX,FALSE,97696581,499791039,1000000000,2023-11-13T16:33:37.000Z,3615,1.97E-05,211.0718407,0,211.0718407,0.64970149,1.9742255,3.06043459,-16.68924506,-18.53694617,-20.40086439,1928.709096,19741.83,43:23.8,Medium Risk
9905,Rune,RUNE,FALSE,4745.575621,4745.575621,22530,2021-05-18T00:00:00.000Z,3616,0.405812793,0,0,0,-0.15454302,1.83870527,12.6191477,-9.05923284,-3.45360608,-8.50264411,1925.815297,9142.96,43:23.8,Medium Risk
39270,Citigroup Tokenized Stock (Ondo),Con,FALSE,13.21057682,13.21057682, ,2026-01-08T15:44:32.000Z,3617,141.9451857,1011376.312,1011376.312,0,-0.17333509,-0.01580103,5.90396673,13.75022107,9.34114132,29.3215559,1875.17778,1875.18,43:23.8,Medium Risk
38900,Dash AI,DASH,FALSE,20967609,21000000,21000000,2025-11-07T11:12:48.000Z,3618,8.93E-05,0,0,0,0,-3.62228892,14.97003746,-63.13882165,-49.44421859,-53.54484216,1872.499739,1875.39,43:23.8,High Risk
21621,Legends of Elysium,LOE,FALSE,13763427,200000000,200000000,2022-08-29T16:08:24.000Z,3619,0.000128422,433.0440562,433.0440562,0,0.002605,0.41205583,-1.16471469,-14.06730795,-56.89524609,-67.07559664,1767.526316,25684.39,43:23.8,Medium Risk
23419,Zyberswap,ZYB,FALSE,5622515,5676391,20000000,2023-02-06T22:19:34.000Z,3620,0.0003046,0,0,0,0,3.33223078,4.0316605,-21.79047796,-27.04351742,-29.53540357,1712.616535,6091.99,43:23.8,High Risk
4951,Zynecoin,ZYN,FALSE,41903029,97772437.5, ,2020-07-07T00:00:00.000Z,3621,3.66E-05,27535.26414,27535.26414,0,2.7661406,2.27417868,-33.42453931,-43.67965765,-61.07241442,-81.88414172,1533.481137,3578.08,43:23.8,High Risk
31747,STAGE,STAGE,FALSE,1543128482,10000000000,10000000000,2024-12-12T21:47:27.000Z,3622,9.91E-07,0,0,0,0,1.47188927,3.46345432,-14.62206608,-3.09714755,-0.56077157,1529.051328,9908.78,43:23.8,Medium Risk
39278,Charles Schwab Tokenized Stock (Ondo),SCHWon,FALSE,16.29230985,16.29230985, ,2026-01-08T15:44:38.000Z,3623,91.52542505,0,0,0,0,0,3.48983818,0.25587616,-1.80593726,-2.91938985,1491.160584,1491.16,43:23.8,Low Risk
11344,Mate,MATE,FALSE,2699727,100000000,100000000,2021-08-20T00:00:00.000Z,3624,0.000539233,0,0,0,0,-0.38900629,0.71096897,-3.27366334,-1.33678607,-5.13253035,1455.780611,53923.25,43:23.8,Low Risk
39264,VanEck CLO Tokenized ETF (Ondo),CLOIon,FALSE,24.76959662,24.76959662, ,2026-01-08T15:44:33.000Z,3625,53.58772671,0,0,0,0,0,0.09997845,0.26882516,1.05298837,1.74060578,1327.346374,1327.35,43:23.8,Low Risk
9752,AFEN Blockchain Network,AFEN,FALSE,146865358.7,850000000,850000000,2021-05-12T00:00:00.000Z,3626,8.81E-06,0,0,0,0,-0.06572245,2.18416126,-9.86866188,7.45908391,0.83356352,1293.232476,7484.73,43:23.8,Medium Risk
9780,Snowball,SNOB,FALSE,5492416.872,17805947.64,18000000,2021-05-13T00:00:00.000Z,3627,0.000234854,0.72061995,0,0.72061995,1.44479164,3.90606435,3.62596786,-25.38011145,-31.86618079,-35.58262486,1289.915081,4227.37,43:23.8,High Risk
34526,Grafeté,GRFT,FALSE,367165529,691769763.2,1000000000,2024-12-10T07:10:06.000Z,3628,3.51E-06,0,0,0,0,4.79766146,14.01986635,-1.36559136,-1.51097328,-71.60036071,1287.323884,3506.11,43:23.8,Medium Risk
39754,VanEck Oil Services Tokenized ETF (Ondo),OIHon,FALSE,2.94975882,2.94975882, ,2026-03-24T02:56:18.000Z,3629,429.5220661,0,0,0,0,0,0.5076511,-2.76972894,5.62355884,7.9326687,1266.986503,1266.99,43:23.8,Low Risk
5473,CRDT,CRDT,FALSE,8779314,300000000,300000000,2020-07-24T00:00:00.000Z,3630,0.000142335,0,0,0,0,0,0,0,0,0,1249.60081,42700.4,43:23.8,Low Risk
30467,ApexToken,APX,FALSE,38747819,29999111722,29999111722,2024-05-03T09:37:02.000Z,3631,3.17E-05,58452.90687,58452.90687,0,-0.12965971,0.68378889,-2.98642722,-24.58653316,-58.54019954,-6.7440222,1228.646582,951235.63,43:23.8,High Risk
33148,ABDS Token,ABDS,FALSE,3049500,100000000,100000000,2024-09-25T06:00:15.000Z,3632,0.000398841,0,0,0,0,-1.05487374,0.75582672,-26.3072872,-27.59007369,-43.53088013,1216.266681,39884.13,43:23.8,High Risk
12307,Warena,RENA,FALSE,6862242,100000000,100000000,2021-10-05T00:39:36.000Z,3633,0.000175472,0,0,0,0,0,-0.25883508,-12.31454907,-6.25136909,-51.2137462,1204.131136,17547.2,43:23.8,Medium Risk
8260,Indexed Finance,NDX,FALSE,854801,10000000, ,2021-01-14T00:00:00.000Z,3634,0.001300108,4.92111633,0,4.92111633,1.25271695,3.93089334,5.86185331,-30.86228604,-20.92302572,-20.30309441,1111.333862,13001.08,43:23.8,High Risk
39767,iShares Ethereum Trust Tokenized Stock (Ondo),ETHAon,FALSE,79.353371,79.353371, ,2026-03-24T02:56:06.000Z,3635,13.57896963,75.44167018,0,75.44167018,1.40832672,7.97109315,7.62207151,-22.10828445,-23.47687598,-17.96738508,1077.537015,1077.54,43:23.8,High Risk
20390,SPORT,SPORT,FALSE,29316736,1250000000,1250000000,2022-05-31T16:14:51.000Z,3636,3.65E-05,0,0,0,0,4.84149022,4.27732876,-14.88219468,-18.55008918,-28.07477737,1071.219328,45674.39,43:23.8,Medium Risk
11516,Ekta,EKTA,FALSE,34769778,220500000,420000000,2021-08-31T15:49:14.000Z,3637,3.07E-05,0,0,0,0,-46.16353009,-44.6263829,-44.11359232,-55.45925887,-44.31532175,1067.952803,12900.29,43:23.8,High Risk
38163,FreeStyle Classic,FST,FALSE,341174998,1000000000,1000000000,2025-08-21T13:28:48.000Z,3638,2.91E-06,0,0,0,0,0,-62.02028015,-74.93210193,-72.96267697,-80.88908652,993.247362,2911.25,43:23.8,High Risk
9856,Knit Finance,KFT,FALSE,4900000,100000000,100000000,2021-05-17T00:00:00.000Z,3639,0.000190181,0,0,0,0,0.02820777,0.0440191,18.45821134,7.37423687,-14.91243681,931.8852342,19018.07,43:23.8,Medium Risk
17047,WeWay,WWY,FALSE,1440281416,6999999999, ,2022-01-10T01:51:42.000Z,3640,6.20E-07,0,0,0,0,0,2.71496107,-19.2467499,-26.76167078,-42.66593109,892.9003229,4339.64,43:23.8,Medium Risk
33094,MCOIN,MCOIN,FALSE,1000000000,1000000000,1000000000,2024-09-21T13:43:00.000Z,3641,8.90E-07,0,0,0,0,0,4.36885228,-3.86306864,7.48694417,8.50595778,889.5618976,889.56,43:23.8,Low Risk
21168,Mrweb Finance (new),AMA,FALSE,72089737,99989737,99989737.4,2021-05-19T00:00:00.000Z,3642,1.23E-05,0,0,0,0,-0.72418573,0.59495839,-59.7018878,-70.70668071,-72.52615484,887.1543106,1230.5,43:23.8,High Risk
39743,PIMCO High Yield Corporate Bond Index Tokenized ETF (Ondo),HYSon,FALSE,8.83221677,8.83221677, ,2026-03-24T02:56:05.000Z,3643,94.29055782,0,0,0,0,0,-0.01599353,0.8803307,0.09985334,1.12958971,832.794646,832.79,43:23.8,Low Risk
39259,MasTec Tokenized Stock (Ondo),MTZon,FALSE,2.1730315,2.1730315, ,2026-01-08T15:44:24.000Z,3644,371.8696133,749.8327608,0,749.8327608,-0.00512891,2.2734421,2.83668667,-10.23626647,3.93003925,30.466701,808.0843837,808.08,43:23.8,Medium Risk
39752,Regeneron Pharmaceuticals Tokenized Stock (Ondo),REGNon,FALSE,1.26295769,1.26295769, ,2026-03-24T02:56:22.000Z,3645,628.1956345,718914.3687,718911.8332,2.53550247,0.96563539,1.51538329,0.36174764,-10.53228096,-15.54095592,-12.98535681,793.3845074,793.38,43:23.8,Medium Risk
38975,Sparkle,SSS,FALSE,122000000,1000000000,1000000000,2025-11-21T11:00:47.000Z,3646,6.33E-06,0,0,0,0,-4.77103157,-1.60219245,-34.76395194,-3.21619669,-84.53248126,772.5443975,6332.33,43:23.8,High Risk
29043,Moonft,MTC,FALSE,329999,100000000,100000000,2024-01-16T05:32:26.000Z,3647,0.001863672,0,0,0,6.51768105,6.38557813,4.77468549,-11.32286094,-5.76834921,-9.71216332,615.0099574,186367.22,43:23.8,High Risk
19464,MetaShooter,MHUNT,FALSE,32260173,95000000,95000000,2022-04-11T10:20:41.000Z,3648,1.86E-05,0,0,0,0,0,1.71116117,-26.89982382,-34.39829717,-14.35740626,600.2708566,1767.68,43:23.8,High Risk
39299,PG&E Tokenized Stock (Ondo),PCGon,FALSE,32.30089075,32.30089075, ,2026-01-08T15:44:28.000Z,3649,16.63835925,1373.00332,0,1373.00332,-0.00512891,-2.3582643,-2.37388066,2.63133798,-4.57967424,-8.35465594,537.4338245,537.43,43:23.8,Low Risk
3449,MMOCoin,MMO,FALSE,68531893.94,119087150.7,260000000,2018-10-15T00:00:00.000Z,3650,7.22E-06,0,0,0,0,0.48875039,1.99598325,-10.79371322,-11.62769774,65.17779231,494.5000188,1876.06,43:23.8,Medium Risk
39736,Capricor Therapeutics Tokenized Stock (Ondo),CAPRon,FALSE,17.56366001,17.56366001, ,2026-03-24T02:56:27.000Z,3651,25.87080716,0,0,0,0,0,-1.14139645,-22.88012077,-25.84578132,-10.10278795,454.3860611,454.39,43:23.8,Medium Risk
39263,iShares AAA CLO Tokenized ETF (Ondo),CLOAon,FALSE,8.57590589,8.57590589, ,2026-01-08T15:44:29.000Z,3652,52.52989071,0,0,0,0,0,0.04244172,0.17990007,0.81362523,1.35082625,450.4913991,450.49,43:23.8,Low Risk
22034,ROND,ROND,FALSE,443105937,1E+12, ,2022-10-03T02:07:53.000Z,3653,1.01E-06,0,0,0,0,0,0,-62.38703215,-97.42201275,-97.72801147,446.2498209,1007095.11,43:23.8,High Risk
39738,Fidelity Solana Fund Tokenized Stock (Ondo),FSOLon,FALSE,47.25241525,47.25241525, ,2026-03-24T02:56:21.000Z,3654,8.934434399,668.2625248,0,668.2625248,0.44548936,5.78179058,13.1944334,-20.48585054,-4.0105151,-8.62570314,422.1736042,422.17,43:23.8,High Risk
39245,Opera Tokenized Stock (Ondo),OPRAon,FALSE,21.10305649,21.10305649, ,2026-01-08T15:44:35.000Z,3655,17.60409551,0,0,0,0,0,-2.9489924,-3.33965463,3.45634648,18.877882,371.5002221,371.5,43:23.8,Low Risk
9666,Terran Coin,TRR,FALSE,23653359,10000000000,10000000000,2021-05-10T00:00:00.000Z,3656,1.32E-05,40698.04166,40698.04166,0,-4.80849462,33.89630317,37.38994349,-12.12547434,-11.27709792,-44.86983989,311.6755359,131767.98,43:23.8,High Risk
27435,ShredN,SHRED,FALSE,210000,100000000,100000000,2023-08-11T03:27:21.000Z,3657,0.001298923,0,0,0,0.06206402,9.45586899,11.27585645,-8.52818747,-17.29612692,-11.90095936,272.773838,129892.3,43:23.8,High Risk
3931,Elementeum,ELET,FALSE,5223113.338,50000000, ,2019-05-13T00:00:00.000Z,3658,4.09E-05,1.96332779,0,1.96332779,1.15795326,3.4402874,4.46909236,-13.85770645,1.784222,-23.50310038,213.8341795,2047,43:23.8,Medium Risk
16197,Luna Rush,LUS,FALSE,4550147,350000000,350000000,2021-12-17T06:31:48.000Z,3659,4.03E-05,0,0,0,0,-0.42221761,1.94431708,-8.44947474,-6.93643895,-9.45322846,183.2246885,14093.75,43:23.8,Medium Risk
24796,Art de Finance,ADF,FALSE,180406874,1000000000, ,2023-05-30T07:34:07.000Z,3660,1.00E-06,0,0,0,0,0,0,0,0,0,180.3604459,999.74,43:23.8,Low Risk
20488,Chain of Legends,CLEG,FALSE,178103749.5,517811619,1000000000,2022-06-07T07:23:50.000Z,3661,9.99E-07,1.84886083,1.84886083,0,-0.00797994,0.01607209,-0.01541901,-97.05969734,-98.02310794,-98.16406654,177.9940792,999.38,43:23.8,High Risk
16607,Islander,ISA,FALSE,545753780,15000000000,15000000000,2021-12-29T10:34:52.000Z,3662,1.55E-07,15.30323717,0,15.30323717,1.01133444,2.45312042,12.83428626,-6.21550423,2.40772448,-2.17808314,84.46621265,2321.55,43:23.8,Medium Risk
29391,Realvirm,RVM,FALSE,90000,1000000000,1000000000,2024-02-13T09:35:39.000Z,3663,0.000451835,0,0,0,0.07001031,166.5417421,102.7104466,-11.6144187,-22.32410768,-23.39245889,40.6651677,451835.2,43:23.8,High Risk
8497,ApeSwap,BANANA,FALSE,367899432,367899432, ,2021-02-17T00:00:00.000Z,3664,1.41E-08,444.5036676,0,444.5036676,-0.10705986,6.36403249,5.76327,-7.13329655,-18.4000381,-2.00529412,5.173474415,5.17,43:23.8,Medium Risk
23246,TOMI,TOMI,FALSE,4270323436,4281047102, ,2023-01-16T11:16:01.000Z,3665,3.42E-19,344.5078358,4.99692117,339.5109146,-34.16503773,-43.87839282,-67.39601868,-81.39446718,-99.99520293,-99.99999435,1.46E-09,0,43:23.8,High Risk
6975,YFFII Finance,YFFII,FALSE,30000,21000000,1000000000,2020-09-09T00:00:00.000Z,3666,3.88E-15,0,0,0,-5.35E-05,-5.35E-05,-2.66220574,-10.71929419,-35.37935431,-37.97629611,1.16E-10,0,43:23.8,Medium Risk
